"ComplaintID","CDisputed.fctr","CDisputed.fctr.Low.cor.X..rcv.glmnet.prob","CDisputed.fctr.Low.cor.X..rcv.glmnet","CDisputed.fctr.Low.cor.X..rcv.glmnet.err","CDisputed.fctr.Low.cor.X..rcv.glmnet.err.abs","CDisputed.fctr.Low.cor.X..rcv.glmnet.is.acc"
947849,"N",0.12858760164769,"N",FALSE,0.12858760164769,TRUE
957249,"N",0.535562397166461,"N",FALSE,0.535562397166461,TRUE
968052,"Y",0.239495810106256,"N",TRUE,0.760504189893744,FALSE
953852,"N",0.257309483907236,"N",FALSE,0.257309483907236,TRUE
1002913,"N",0.360132745855401,"N",FALSE,0.360132745855401,TRUE
1011556,"N",0.337772745412406,"N",FALSE,0.337772745412406,TRUE
1018821,"N",0.218236829043155,"N",FALSE,0.218236829043155,TRUE
1044805,"N",0.294227736843002,"N",FALSE,0.294227736843002,TRUE
1044033,"N",0.172969559787475,"N",FALSE,0.172969559787475,TRUE
1055136,"N",0.0908212303971987,"N",FALSE,0.0908212303971987,TRUE
1041283,"N",0.174277191164717,"N",FALSE,0.174277191164717,TRUE
1055722,"N",0.0618239229460257,"N",FALSE,0.0618239229460257,TRUE
1124192,"N",0.0537198409519178,"N",FALSE,0.0537198409519178,TRUE
1098794,"N",0.378424021731232,"N",FALSE,0.378424021731232,TRUE
1092636,"Y",0.24366221531221,"N",TRUE,0.75633778468779,FALSE
1122025,"N",0.123376060225839,"N",FALSE,0.123376060225839,TRUE
1114386,"N",0.216276377224476,"N",FALSE,0.216276377224476,TRUE
1143267,"Y",0.0901224627081963,"N",TRUE,0.909877537291804,FALSE
1144408,"N",0.299044775424318,"N",FALSE,0.299044775424318,TRUE
1128338,"N",0.430222838651806,"N",FALSE,0.430222838651806,TRUE
1100726,"N",0.109609025257671,"N",FALSE,0.109609025257671,TRUE
1137635,"N",0.602062916866032,"N",FALSE,0.602062916866032,TRUE
1154285,"N",0.544160781440564,"N",FALSE,0.544160781440564,TRUE
1155916,"N",0.170866022934178,"N",FALSE,0.170866022934178,TRUE
1156646,"N",0.274356752585872,"N",FALSE,0.274356752585872,TRUE
1187981,"N",0.273532674279384,"N",FALSE,0.273532674279384,TRUE
1188269,"N",0.276239656229732,"N",FALSE,0.276239656229732,TRUE
1183819,"N",0.130620090303301,"N",FALSE,0.130620090303301,TRUE
1194119,"N",0.360290420361652,"N",FALSE,0.360290420361652,TRUE
1204649,"N",0.230320489400067,"N",FALSE,0.230320489400067,TRUE
1206626,"N",0.386592281114715,"N",FALSE,0.386592281114715,TRUE
1245095,"Y",0.159815972468822,"N",TRUE,0.840184027531178,FALSE
1209458,"N",0.293096489792353,"N",FALSE,0.293096489792353,TRUE
1231318,"N",0.31444488882081,"N",FALSE,0.31444488882081,TRUE
1232204,"N",0.100026951069993,"N",FALSE,0.100026951069993,TRUE
1211873,"N",0.112713032343129,"N",FALSE,0.112713032343129,TRUE
1219282,"N",0.218205303801266,"N",FALSE,0.218205303801266,TRUE
1262755,"Y",0.147798085116247,"N",TRUE,0.852201914883753,FALSE
1228591,"N",0.277770358460426,"N",FALSE,0.277770358460426,TRUE
1266024,"N",0.1061342439796,"N",FALSE,0.1061342439796,TRUE
1253518,"N",0.196484476395694,"N",FALSE,0.196484476395694,TRUE
1283380,"N",0.074590011811989,"N",FALSE,0.074590011811989,TRUE
1289233,"N",0.412813165378314,"N",FALSE,0.412813165378314,TRUE
1298364,"N",0.120555230111948,"N",FALSE,0.120555230111948,TRUE
1299860,"N",0.233567331592568,"N",FALSE,0.233567331592568,TRUE
1293137,"N",0.0794579429502963,"N",FALSE,0.0794579429502963,TRUE
1326610,"N",0.106432144694897,"N",FALSE,0.106432144694897,TRUE
1356824,"N",0.422454218727969,"N",FALSE,0.422454218727969,TRUE
1342342,"N",0.116780480398484,"N",FALSE,0.116780480398484,TRUE
1357129,"N",0.259080098147111,"N",FALSE,0.259080098147111,TRUE
1336331,"N",0.307433373832919,"N",FALSE,0.307433373832919,TRUE
1374964,"N",0.12818234402626,"N",FALSE,0.12818234402626,TRUE
1383744,"Y",0.352768674039532,"N",TRUE,0.647231325960468,FALSE
1354711,"N",0.10820763581008,"N",FALSE,0.10820763581008,TRUE
1362650,"N",0.309257336771273,"N",FALSE,0.309257336771273,TRUE
1377422,"N",0.127612555483011,"N",FALSE,0.127612555483011,TRUE
1386582,"N",0.35048536808499,"N",FALSE,0.35048536808499,TRUE
1372539,"N",0.180430867997731,"N",FALSE,0.180430867997731,TRUE
1380681,"N",0.211127233462672,"N",FALSE,0.211127233462672,TRUE
1408499,"N",0.364670498459964,"N",FALSE,0.364670498459964,TRUE
1396321,"Y",0.227160910575695,"N",TRUE,0.772839089424305,FALSE
1409878,"N",0.169369032187637,"N",FALSE,0.169369032187637,TRUE
1390304,"N",0.198607688824093,"N",FALSE,0.198607688824093,TRUE
1408295,"Y",0.164757012453009,"N",TRUE,0.835242987546991,FALSE
1430331,"N",0.0826744429808853,"N",FALSE,0.0826744429808853,TRUE
1421685,"N",0.0959394350421601,"N",FALSE,0.0959394350421601,TRUE
1454598,"Y",0.229825318697277,"N",TRUE,0.770174681302723,FALSE
1433399,"N",0.045920863633852,"N",FALSE,0.045920863633852,TRUE
1463485,"N",0.111501753196136,"N",FALSE,0.111501753196136,TRUE
1486288,"N",0.348487678730866,"N",FALSE,0.348487678730866,TRUE
1466720,"N",0.305394737190222,"N",FALSE,0.305394737190222,TRUE
1492961,"N",0.292274472659418,"N",FALSE,0.292274472659418,TRUE
1494142,"N",0.104019057601874,"N",FALSE,0.104019057601874,TRUE
1494565,"Y",0.335721040201857,"N",TRUE,0.664278959798143,FALSE
1490733,"N",0.0652436659494751,"N",FALSE,0.0652436659494751,TRUE
1491904,"N",0.27542973298105,"N",FALSE,0.27542973298105,TRUE
1499849,"N",0.528814997896279,"N",FALSE,0.528814997896279,TRUE
1561393,"N",0.418942552711381,"N",FALSE,0.418942552711381,TRUE
1555274,"Y",0.427330797414989,"N",TRUE,0.572669202585011,FALSE
1532381,"Y",0.171044800630683,"N",TRUE,0.828955199369317,FALSE
1563956,"N",0.477108736156973,"N",FALSE,0.477108736156973,TRUE
1574328,"N",0.542463032330088,"N",FALSE,0.542463032330088,TRUE
1582929,"N",0.202213008019484,"N",FALSE,0.202213008019484,TRUE
1604719,"N",0.0416659813421725,"N",FALSE,0.0416659813421725,TRUE
1604848,"N",0.047026917032584,"N",FALSE,0.047026917032584,TRUE
1569745,"N",0.282052588474884,"N",FALSE,0.282052588474884,TRUE
1569890,"N",0.490534662612869,"N",FALSE,0.490534662612869,TRUE
1569982,"N",0.249015603057127,"N",FALSE,0.249015603057127,TRUE
1598532,"N",0.202123199344873,"N",FALSE,0.202123199344873,TRUE
1605935,"N",0.0251962911028798,"N",FALSE,0.0251962911028798,TRUE
1620381,"N",0.0625257357062368,"N",FALSE,0.0625257357062368,TRUE
1613953,"N",0.0319651484724377,"N",FALSE,0.0319651484724377,TRUE
1613971,"N",0.0460245514611381,"N",FALSE,0.0460245514611381,TRUE
1621396,"N",0.0631014725706301,"N",FALSE,0.0631014725706301,TRUE
1621398,"N",0.0703192777382343,"N",FALSE,0.0703192777382343,TRUE
1621413,"N",0.0426640268425013,"N",FALSE,0.0426640268425013,TRUE
1621468,"N",0.0368400161524822,"N",FALSE,0.0368400161524822,TRUE
1621488,"N",0.0391721289756329,"N",FALSE,0.0391721289756329,TRUE
1622272,"N",0.0307694047907254,"N",FALSE,0.0307694047907254,TRUE
1622615,"N",0.0297209567288949,"N",FALSE,0.0297209567288949,TRUE
1593463,"N",0.302464096688314,"N",FALSE,0.302464096688314,TRUE
1615613,"N",0.121243987162261,"N",FALSE,0.121243987162261,TRUE
1622710,"N",0.0160211222476239,"N",FALSE,0.0160211222476239,TRUE
1623313,"N",0.0576870511235615,"N",FALSE,0.0576870511235615,TRUE
1616233,"N",0.0432209369474819,"N",FALSE,0.0432209369474819,TRUE
1623535,"N",0.0520990172810638,"N",FALSE,0.0520990172810638,TRUE
1631275,"N",0.0435790013786716,"N",FALSE,0.0435790013786716,TRUE
1631319,"N",0.0213755985303194,"N",FALSE,0.0213755985303194,TRUE
1623652,"N",0.0619437131549859,"N",FALSE,0.0619437131549859,TRUE
1616573,"N",0.0239618445763587,"N",FALSE,0.0239618445763587,TRUE
1624209,"N",0.0162296149809347,"N",FALSE,0.0162296149809347,TRUE
1617617,"N",0.0376932609115259,"N",FALSE,0.0376932609115259,TRUE
1617767,"N",0.0154458621518865,"N",FALSE,0.0154458621518865,TRUE
1617948,"N",0.0291712577605912,"N",FALSE,0.0291712577605912,TRUE
1619647,"N",0.0649140459300507,"N",FALSE,0.0649140459300507,TRUE
1619741,"N",0.0272878768457256,"N",FALSE,0.0272878768457256,TRUE
1619742,"N",0.0242502404085405,"N",FALSE,0.0242502404085405,TRUE
1627316,"N",0.0733000536711,"N",FALSE,0.0733000536711,TRUE
1611552,"N",0.0653562346397711,"N",FALSE,0.0653562346397711,TRUE
1634134,"N",0.179028085133029,"N",FALSE,0.179028085133029,TRUE
1612215,"N",0.0814630038965118,"N",FALSE,0.0814630038965118,TRUE
1634357,"N",0.0268784312155844,"N",FALSE,0.0268784312155844,TRUE
1650324,"N",0.0854186250772185,"N",FALSE,0.0854186250772185,TRUE
1650490,"N",0.0909587587682657,"N",FALSE,0.0909587587682657,TRUE
1629616,"N",0.0364000810271848,"N",FALSE,0.0364000810271848,TRUE
1636369,"N",0.0333066378769318,"N",FALSE,0.0333066378769318,TRUE
1629933,"N",0.0138889917880371,"N",FALSE,0.0138889917880371,TRUE
1630068,"Y",0.0185057523016393,"N",TRUE,0.981494247698361,FALSE
1637814,"N",0.040017833794219,"N",FALSE,0.040017833794219,TRUE
1639884,"N",0.041787326820855,"N",FALSE,0.041787326820855,TRUE
1640225,"N",0.1907950955534,"N",FALSE,0.1907950955534,TRUE
1654302,"N",0.185102373243657,"N",FALSE,0.185102373243657,TRUE
1662446,"N",0.0566548313178455,"N",FALSE,0.0566548313178455,TRUE
1669847,"N",0.182660235919985,"N",FALSE,0.182660235919985,TRUE
1691019,"N",0.501949643892247,"N",FALSE,0.501949643892247,TRUE
1706970,"N",0.233425877202555,"N",FALSE,0.233425877202555,TRUE
1693516,"N",0.304394647184896,"N",FALSE,0.304394647184896,TRUE
1679194,"Y",0.251035724468069,"N",TRUE,0.748964275531931,FALSE
1694582,"N",0.247629106906767,"N",FALSE,0.247629106906767,TRUE
1730648,"N",0.371135022874268,"N",FALSE,0.371135022874268,TRUE
1729539,"N",0.15637411628608,"N",FALSE,0.15637411628608,TRUE
1688114,"N",0.101817057667825,"N",FALSE,0.101817057667825,TRUE
1695999,"N",0.25145865045493,"N",FALSE,0.25145865045493,TRUE
1746247,"N",0.170171526428173,"N",FALSE,0.170171526428173,TRUE
1739173,"N",0.251104393396901,"N",FALSE,0.251104393396901,TRUE
1711162,"Y",0.387218613744101,"N",TRUE,0.612781386255899,FALSE
1724708,"N",0.310578693289303,"N",FALSE,0.310578693289303,TRUE
1725973,"N",0.296541909013951,"N",FALSE,0.296541909013951,TRUE
1717332,"N",0.188280727835066,"N",FALSE,0.188280727835066,TRUE
1718927,"N",0.056395437888327,"N",FALSE,0.056395437888327,TRUE
1733983,"N",0.178060824043557,"N",FALSE,0.178060824043557,TRUE
1763843,"N",0.127171783809107,"N",FALSE,0.127171783809107,TRUE
1774058,"Y",0.207006279824732,"N",TRUE,0.792993720175268,FALSE
1751700,"N",0.218053740986366,"N",FALSE,0.218053740986366,TRUE
1796946,"N",0.195764203131333,"N",FALSE,0.195764203131333,TRUE
1761324,"N",0.0709294770424019,"N",FALSE,0.0709294770424019,TRUE
1807001,"Y",0.363486338805747,"N",TRUE,0.636513661194253,FALSE
1768526,"N",0.176380688022103,"N",FALSE,0.176380688022103,TRUE
1784161,"N",0.24799185867624,"N",FALSE,0.24799185867624,TRUE
1793329,"N",0.126211593860075,"N",FALSE,0.126211593860075,TRUE
1801041,"N",0.129517152542985,"N",FALSE,0.129517152542985,TRUE
1801821,"N",0.162468030524709,"N",FALSE,0.162468030524709,TRUE
1795597,"N",0.22829119178818,"N",FALSE,0.22829119178818,TRUE
1840339,"N",0.166672362175316,"N",FALSE,0.166672362175316,TRUE
1820849,"N",0.318052546128838,"N",FALSE,0.318052546128838,TRUE
1819712,"Y",0.0771075724052304,"N",TRUE,0.92289242759477,FALSE
1860749,"N",0.107771981766414,"N",FALSE,0.107771981766414,TRUE
1860955,"N",0.110023577918245,"N",FALSE,0.110023577918245,TRUE
1876690,"N",0.241495963568087,"N",FALSE,0.241495963568087,TRUE
1878940,"N",0.509519344142657,"N",FALSE,0.509519344142657,TRUE
1947092,"Y",0.314417820429058,"N",TRUE,0.685582179570942,FALSE
1891995,"N",0.517684281763066,"N",FALSE,0.517684281763066,TRUE
1893828,"N",0.222959462206645,"N",FALSE,0.222959462206645,TRUE
1904994,"N",0.52688060020359,"N",FALSE,0.52688060020359,TRUE
955928,"Y",0.318284889225323,"N",TRUE,0.681715110774678,FALSE
960570,"N",0.182893457044743,"N",FALSE,0.182893457044743,TRUE
961301,"N",0.294947205794304,"N",FALSE,0.294947205794304,TRUE
976756,"N",0.255697381982094,"N",FALSE,0.255697381982094,TRUE
986452,"N",0.482000235168726,"N",FALSE,0.482000235168726,TRUE
1012985,"N",0.122596730494473,"N",FALSE,0.122596730494473,TRUE
1013475,"N",0.13099954392024,"N",FALSE,0.13099954392024,TRUE
1022621,"N",0.345672265734631,"N",FALSE,0.345672265734631,TRUE
1037904,"N",0.333006895343914,"N",FALSE,0.333006895343914,TRUE
1044120,"N",0.0831209859970766,"N",FALSE,0.0831209859970766,TRUE
1060876,"N",0.17759829735622,"N",FALSE,0.17759829735622,TRUE
1069408,"N",0.147562614794187,"N",FALSE,0.147562614794187,TRUE
1047591,"N",0.55581757603123,"N",FALSE,0.55581757603123,TRUE
1055498,"N",0.222870199879901,"N",FALSE,0.222870199879901,TRUE
1079866,"N",0.169185549133679,"N",FALSE,0.169185549133679,TRUE
1086443,"N",0.501650109687121,"N",FALSE,0.501650109687121,TRUE
1087074,"N",0.189174581206208,"N",FALSE,0.189174581206208,TRUE
1081758,"N",0.127555662807274,"N",FALSE,0.127555662807274,TRUE
1088591,"N",0.209722316914092,"N",FALSE,0.209722316914092,TRUE
1095619,"N",0.11375147664988,"N",FALSE,0.11375147664988,TRUE
1097487,"Y",0.261566777788376,"N",TRUE,0.738433222211624,FALSE
1105928,"N",0.183780989402786,"N",FALSE,0.183780989402786,TRUE
1125019,"N",0.142359383672658,"N",FALSE,0.142359383672658,TRUE
1109104,"N",0.0955952349301179,"N",FALSE,0.0955952349301179,TRUE
1152650,"N",0.246963594986708,"N",FALSE,0.246963594986708,TRUE
1153219,"N",0.157489269754037,"N",FALSE,0.157489269754037,TRUE
1145971,"N",0.289880335490417,"N",FALSE,0.289880335490417,TRUE
1172781,"N",0.554519115901493,"N",FALSE,0.554519115901493,TRUE
1166571,"N",0.172957390749212,"N",FALSE,0.172957390749212,TRUE
1181086,"N",0.0937131580061656,"N",FALSE,0.0937131580061656,TRUE
1189707,"N",0.096041763322197,"N",FALSE,0.096041763322197,TRUE
1182173,"N",0.130043383529747,"N",FALSE,0.130043383529747,TRUE
1214058,"N",0.254849287244866,"N",FALSE,0.254849287244866,TRUE
1224062,"N",0.29570464984682,"N",FALSE,0.29570464984682,TRUE
1225472,"N",0.0844193906346302,"N",FALSE,0.0844193906346302,TRUE
1263296,"N",0.120202485342486,"N",FALSE,0.120202485342486,TRUE
1256077,"N",0.184531210063121,"N",FALSE,0.184531210063121,TRUE
1251507,"N",0.194302144153618,"N",FALSE,0.194302144153618,TRUE
1281837,"N",0.108094093478936,"N",FALSE,0.108094093478936,TRUE
1284287,"N",0.131570618979407,"N",FALSE,0.131570618979407,TRUE
1290806,"N",0.198521660435695,"N",FALSE,0.198521660435695,TRUE
1305530,"Y",0.257919653903363,"N",TRUE,0.742080346096637,FALSE
1304109,"N",0.0771276161219671,"N",FALSE,0.0771276161219671,TRUE
1277405,"N",0.110373743709338,"N",FALSE,0.110373743709338,TRUE
1322619,"Y",0.295558059640879,"N",TRUE,0.704441940359121,FALSE
1323193,"N",0.415731773066518,"N",FALSE,0.415731773066518,TRUE
1310754,"N",0.322739156551327,"N",FALSE,0.322739156551327,TRUE
1324250,"N",0.363271650848821,"N",FALSE,0.363271650848821,TRUE
1319052,"N",0.280373650437299,"N",FALSE,0.280373650437299,TRUE
1311768,"N",0.273046337344638,"N",FALSE,0.273046337344638,TRUE
1336200,"N",0.163269476885757,"N",FALSE,0.163269476885757,TRUE
1336054,"N",0.162345769664401,"N",FALSE,0.162345769664401,TRUE
1366749,"N",0.167857401225014,"N",FALSE,0.167857401225014,TRUE
1337121,"N",0.203955333676195,"N",FALSE,0.203955333676195,TRUE
1368546,"N",0.194273175854821,"N",FALSE,0.194273175854821,TRUE
1376295,"N",0.158420710195498,"N",FALSE,0.158420710195498,TRUE
1346220,"N",0.409316499949309,"N",FALSE,0.409316499949309,TRUE
1369263,"Y",0.226703712664784,"N",TRUE,0.773296287335216,FALSE
1363152,"N",0.234639350575817,"N",FALSE,0.234639350575817,TRUE
1385763,"N",0.365543532849371,"N",FALSE,0.365543532849371,TRUE
1372550,"N",0.0522141753563352,"N",FALSE,0.0522141753563352,TRUE
1402028,"N",0.104515195108778,"N",FALSE,0.104515195108778,TRUE
1387146,"N",0.0945994064304859,"N",FALSE,0.0945994064304859,TRUE
1387774,"N",0.0847139627090058,"N",FALSE,0.0847139627090058,TRUE
1409642,"N",0.026480052926811,"N",FALSE,0.026480052926811,TRUE
1409645,"N",0.144034686101385,"N",FALSE,0.144034686101385,TRUE
1392720,"N",0.176024613895969,"N",FALSE,0.176024613895969,TRUE
1412533,"N",0.0206178516877579,"N",FALSE,0.0206178516877579,TRUE
1434527,"N",0.0349293084721378,"N",FALSE,0.0349293084721378,TRUE
1431598,"N",0.0831235888188659,"N",FALSE,0.0831235888188659,TRUE
1439353,"N",0.0929228395841864,"N",FALSE,0.0929228395841864,TRUE
1445039,"N",0.245099386660728,"N",FALSE,0.245099386660728,TRUE
1452447,"N",0.138149236024227,"N",FALSE,0.138149236024227,TRUE
1452491,"N",0.258801689217433,"N",FALSE,0.258801689217433,TRUE
1440141,"Y",0.0938617548271689,"N",TRUE,0.906138245172831,FALSE
1455024,"N",0.206188674187232,"N",FALSE,0.206188674187232,TRUE
1463668,"N",0.408410649314427,"N",FALSE,0.408410649314427,TRUE
1449996,"N",0.258069779353424,"N",FALSE,0.258069779353424,TRUE
1480589,"N",0.319132935410199,"N",FALSE,0.319132935410199,TRUE
1501714,"Y",0.520820829891874,"N",TRUE,0.479179170108126,FALSE
1488462,"N",0.326065289236634,"N",FALSE,0.326065289236634,TRUE
1506348,"N",0.112415098182039,"N",FALSE,0.112415098182039,TRUE
1545544,"N",0.197939338013744,"N",FALSE,0.197939338013744,TRUE
1532065,"N",0.431606344011299,"N",FALSE,0.431606344011299,TRUE
1540390,"N",0.447189322172544,"N",FALSE,0.447189322172544,TRUE
1533030,"N",0.125026026759325,"N",FALSE,0.125026026759325,TRUE
1566729,"N",0.0845963389573934,"N",FALSE,0.0845963389573934,TRUE
1575206,"N",0.147939382836558,"N",FALSE,0.147939382836558,TRUE
1569858,"N",0.407218349608867,"N",FALSE,0.407218349608867,TRUE
1605577,"N",0.0362055404042894,"N",FALSE,0.0362055404042894,TRUE
1605336,"N",0.0299221066427618,"N",FALSE,0.0299221066427618,TRUE
1605699,"N",0.0228355918693214,"N",FALSE,0.0228355918693214,TRUE
1605712,"N",0.0322227592147291,"N",FALSE,0.0322227592147291,TRUE
1605860,"N",0.0203883174377346,"N",FALSE,0.0203883174377346,TRUE
1606128,"N",0.0253138914300273,"N",FALSE,0.0253138914300273,TRUE
1606272,"N",0.0319002174267133,"N",FALSE,0.0319002174267133,TRUE
1620720,"N",0.0331992903486768,"N",FALSE,0.0331992903486768,TRUE
1613912,"N",0.0581155175750562,"N",FALSE,0.0581155175750562,TRUE
1606792,"N",0.0104694474218872,"N",FALSE,0.0104694474218872,TRUE
1621350,"N",0.0677756708348495,"N",FALSE,0.0677756708348495,TRUE
1592575,"N",0.220836548890165,"N",FALSE,0.220836548890165,TRUE
1612723,"N",0.0550006702837701,"N",FALSE,0.0550006702837701,TRUE
1621873,"N",0.0331630051811067,"N",FALSE,0.0331630051811067,TRUE
1622364,"Y",0.0268292554526748,"N",TRUE,0.973170744547325,FALSE
1622612,"N",0.035278441404763,"N",FALSE,0.035278441404763,TRUE
1593829,"N",0.0492597057824882,"N",FALSE,0.0492597057824882,TRUE
1594302,"N",0.45267726223071,"N",FALSE,0.45267726223071,TRUE
1630454,"Y",0.0798315197084729,"N",TRUE,0.920168480291527,FALSE
1622841,"N",0.0429319738756353,"N",FALSE,0.0429319738756353,TRUE
1623250,"N",0.025589238092135,"N",FALSE,0.025589238092135,TRUE
1623265,"Y",0.0179069893057221,"N",TRUE,0.982093010694278,FALSE
1623352,"N",0.0305155707541944,"N",FALSE,0.0305155707541944,TRUE
1623377,"N",0.0202059548229892,"N",FALSE,0.0202059548229892,TRUE
1623430,"N",0.0163787307005847,"N",FALSE,0.0163787307005847,TRUE
1623473,"N",0.01977896430153,"N",FALSE,0.01977896430153,TRUE
1624065,"N",0.0281369697459285,"N",FALSE,0.0281369697459285,TRUE
1616417,"N",0.0512279572555369,"N",FALSE,0.0512279572555369,TRUE
1624113,"N",0.0311635329386247,"N",FALSE,0.0311635329386247,TRUE
1616556,"N",0.0286120179404371,"N",FALSE,0.0286120179404371,TRUE
1630635,"N",0.0289012336388872,"N",FALSE,0.0289012336388872,TRUE
1617669,"N",0.031934867317165,"N",FALSE,0.031934867317165,TRUE
1631806,"N",0.0304436600454496,"N",FALSE,0.0304436600454496,TRUE
1624746,"N",0.0176385598772157,"N",FALSE,0.0176385598772157,TRUE
1618023,"N",0.0259121398374844,"N",FALSE,0.0259121398374844,TRUE
1625049,"N",0.0209540145545016,"N",FALSE,0.0209540145545016,TRUE
1625229,"N",0.0310673871347842,"N",FALSE,0.0310673871347842,TRUE
1618941,"N",0.0301914134770945,"N",FALSE,0.0301914134770945,TRUE
1610599,"N",0.0488275900424409,"N",FALSE,0.0488275900424409,TRUE
1619776,"N",0.0192298817922172,"N",FALSE,0.0192298817922172,TRUE
1633146,"N",0.249209876024228,"N",FALSE,0.249209876024228,TRUE
1633184,"N",0.25338588696167,"N",FALSE,0.25338588696167,TRUE
1633438,"N",0.043105544313386,"N",FALSE,0.043105544313386,TRUE
1633765,"N",0.0328892363906924,"N",FALSE,0.0328892363906924,TRUE
1611382,"N",0.0274441130897438,"N",FALSE,0.0274441130897438,TRUE
1634325,"N",0.0238621132750021,"N",FALSE,0.0238621132750021,TRUE
1642249,"Y",0.0837592501169021,"N",TRUE,0.916240749883098,FALSE
1642990,"N",0.0417860943945383,"N",FALSE,0.0417860943945383,TRUE
1629147,"N",0.0182177563545992,"N",FALSE,0.0182177563545992,TRUE
1644862,"N",0.051864430748524,"N",FALSE,0.051864430748524,TRUE
1680026,"N",0.14838528380323,"N",FALSE,0.14838528380323,TRUE
1636513,"N",0.0275055046500401,"N",FALSE,0.0275055046500401,TRUE
1630010,"N",0.0192450953688732,"N",FALSE,0.0192450953688732,TRUE
1681748,"N",0.445668879765062,"N",FALSE,0.445668879765062,TRUE
1640240,"N",0.0195427619321664,"N",FALSE,0.0195427619321664,TRUE
1640327,"N",0.0464967007601602,"N",FALSE,0.0464967007601602,TRUE
1677114,"N",0.138259516667467,"N",FALSE,0.138259516667467,TRUE
1685377,"N",0.240534201483708,"N",FALSE,0.240534201483708,TRUE
1678230,"N",0.133079886823445,"N",FALSE,0.133079886823445,TRUE
1694701,"N",0.407726897444236,"N",FALSE,0.407726897444236,TRUE
1715468,"N",0.33856572032392,"N",FALSE,0.33856572032392,TRUE
1689268,"N",0.497688847032996,"N",FALSE,0.497688847032996,TRUE
1709427,"N",0.234819729124906,"N",FALSE,0.234819729124906,TRUE
1739028,"N",0.0550074131154986,"N",FALSE,0.0550074131154986,TRUE
1710936,"N",0.309450354345925,"N",FALSE,0.309450354345925,TRUE
1727348,"N",0.207672028190501,"N",FALSE,0.207672028190501,TRUE
1718314,"N",0.157850270250395,"N",FALSE,0.157850270250395,TRUE
1753498,"N",0.279588599630271,"N",FALSE,0.279588599630271,TRUE
1755552,"N",0.133108806376012,"N",FALSE,0.133108806376012,TRUE
1764909,"N",0.259488458137046,"N",FALSE,0.259488458137046,TRUE
1758680,"N",0.0867064276889667,"N",FALSE,0.0867064276889667,TRUE
1760219,"N",0.133869565710691,"N",FALSE,0.133869565710691,TRUE
1798933,"N",0.131208426378376,"N",FALSE,0.131208426378376,TRUE
1791154,"N",0.303450935804602,"N",FALSE,0.303450935804602,TRUE
1814934,"N",0.0692366713312261,"N",FALSE,0.0692366713312261,TRUE
1809268,"Y",0.230448729556518,"N",TRUE,0.769551270443482,FALSE
1794776,"N",0.131590927427879,"N",FALSE,0.131590927427879,TRUE
1824891,"N",0.214438081474074,"N",FALSE,0.214438081474074,TRUE
1802417,"N",0.524569259737252,"N",FALSE,0.524569259737252,TRUE
1845538,"N",0.0656092119653819,"N",FALSE,0.0656092119653819,TRUE
1839962,"N",0.0928113586223691,"N",FALSE,0.0928113586223691,TRUE
1817510,"N",0.27865161943317,"N",FALSE,0.27865161943317,TRUE
1847509,"N",0.16799287629451,"N",FALSE,0.16799287629451,TRUE
1825749,"N",0.196805575710425,"N",FALSE,0.196805575710425,TRUE
1841078,"N",0.272398225795761,"N",FALSE,0.272398225795761,TRUE
1865631,"N",0.256561678580958,"N",FALSE,0.256561678580958,TRUE
1836934,"N",0.0551144695533174,"N",FALSE,0.0551144695533174,TRUE
1822374,"N",0.0715799203545033,"N",FALSE,0.0715799203545033,TRUE
1845437,"Y",0.294784087259795,"N",TRUE,0.705215912740205,FALSE
1845897,"N",0.0265517372728075,"N",FALSE,0.0265517372728075,TRUE
1868179,"N",0.344931321553551,"N",FALSE,0.344931321553551,TRUE
1869321,"Y",0.241982515161672,"N",TRUE,0.758017484838328,FALSE
1887905,"N",0.330160027056492,"N",FALSE,0.330160027056492,TRUE
951902,"N",0.172524890183525,"N",FALSE,0.172524890183525,TRUE
960123,"Y",0.425619185625385,"N",TRUE,0.574380814374615,FALSE
961560,"N",0.0992845490137949,"N",FALSE,0.0992845490137949,TRUE
998430,"N",0.093775784012256,"N",FALSE,0.093775784012256,TRUE
983705,"Y",0.495806041459944,"N",TRUE,0.504193958540056,FALSE
1023291,"N",0.413473660373772,"N",FALSE,0.413473660373772,TRUE
1018190,"N",0.131920218343928,"N",FALSE,0.131920218343928,TRUE
1012332,"N",0.195146735222169,"N",FALSE,0.195146735222169,TRUE
1018809,"N",0.142350438772655,"N",FALSE,0.142350438772655,TRUE
1020762,"N",0.34230899077959,"N",FALSE,0.34230899077959,TRUE
1060780,"N",0.137332711814189,"N",FALSE,0.137332711814189,TRUE
1076841,"N",0.270246545293177,"N",FALSE,0.270246545293177,TRUE
1050106,"Y",0.124613307534571,"N",TRUE,0.875386692465429,FALSE
1111562,"N",0.310418525028707,"N",FALSE,0.310418525028707,TRUE
1112033,"N",0.452236633783813,"N",FALSE,0.452236633783813,TRUE
1119779,"N",0.19741888989088,"N",FALSE,0.19741888989088,TRUE
1091057,"N",0.310255967225522,"N",FALSE,0.310255967225522,TRUE
1134443,"Y",0.177738927210195,"N",TRUE,0.822261072789805,FALSE
1128359,"N",0.139353060202948,"N",FALSE,0.139353060202948,TRUE
1136031,"Y",0.0470433821405369,"N",TRUE,0.952956617859463,FALSE
1102683,"N",0.116246100289934,"N",FALSE,0.116246100289934,TRUE
1164996,"N",0.385522232314686,"N",FALSE,0.385522232314686,TRUE
1201465,"N",0.253190838623773,"N",FALSE,0.253190838623773,TRUE
1175303,"N",0.0949117478515197,"N",FALSE,0.0949117478515197,TRUE
1214164,"N",0.411266735652278,"N",FALSE,0.411266735652278,TRUE
1215160,"N",0.0679016706414897,"N",FALSE,0.0679016706414897,TRUE
1223915,"N",0.0946113607376863,"N",FALSE,0.0946113607376863,TRUE
1230458,"N",0.335247984003761,"N",FALSE,0.335247984003761,TRUE
1230508,"N",0.233011212872213,"N",FALSE,0.233011212872213,TRUE
1230616,"N",0.0620123881046127,"N",FALSE,0.0620123881046127,TRUE
1236937,"N",0.148410198247255,"N",FALSE,0.148410198247255,TRUE
1245872,"Y",0.186125472992021,"N",TRUE,0.813874527007979,FALSE
1247838,"N",0.645047839232236,"N",FALSE,0.645047839232236,TRUE
1240563,"N",0.335674401824566,"N",FALSE,0.335674401824566,TRUE
1246669,"N",0.132963582542365,"N",FALSE,0.132963582542365,TRUE
1241362,"N",0.0852052333376134,"N",FALSE,0.0852052333376134,TRUE
1242315,"Y",0.261604598120978,"N",TRUE,0.738395401879022,FALSE
1243546,"N",0.0749734061980786,"N",FALSE,0.0749734061980786,TRUE
1252751,"N",0.0778793235640734,"N",FALSE,0.0778793235640734,TRUE
1290527,"N",0.164331023073322,"N",FALSE,0.164331023073322,TRUE
1275358,"N",0.658002184761086,"N",FALSE,0.658002184761086,TRUE
1284620,"N",0.0583447962778465,"N",FALSE,0.0583447962778465,TRUE
1268438,"N",0.608985985841683,"N",FALSE,0.608985985841683,TRUE
1269585,"N",0.0801500214597809,"N",FALSE,0.0801500214597809,TRUE
1302018,"N",0.288782984088285,"N",FALSE,0.288782984088285,TRUE
1310275,"N",0.191489395278957,"N",FALSE,0.191489395278957,TRUE
1333501,"N",0.165907265266924,"N",FALSE,0.165907265266924,TRUE
1319334,"N",0.186670961658863,"N",FALSE,0.186670961658863,TRUE
1326499,"N",0.41066492985814,"N",FALSE,0.41066492985814,TRUE
1356793,"N",0.107581949899187,"N",FALSE,0.107581949899187,TRUE
1336633,"N",0.728312328760256,"N",FALSE,0.728312328760256,TRUE
1358699,"N",0.307071599230503,"N",FALSE,0.307071599230503,TRUE
1337176,"N",0.141318668280356,"N",FALSE,0.141318668280356,TRUE
1337287,"Y",0.139916002354106,"N",TRUE,0.860083997645894,FALSE
1372273,"N",0.295633877595291,"N",FALSE,0.295633877595291,TRUE
1401967,"N",0.0612791203611617,"N",FALSE,0.0612791203611617,TRUE
1410684,"N",0.0419780293280774,"N",FALSE,0.0419780293280774,TRUE
1425982,"N",0.0692843123323707,"N",FALSE,0.0692843123323707,TRUE
1420196,"N",0.10285504408671,"N",FALSE,0.10285504408671,TRUE
1428727,"N",0.059279403825396,"N",FALSE,0.059279403825396,TRUE
1469197,"N",0.304161349406336,"N",FALSE,0.304161349406336,TRUE
1456428,"N",0.0929748088858623,"N",FALSE,0.0929748088858623,TRUE
1463784,"N",0.229557574134654,"N",FALSE,0.229557574134654,TRUE
1456056,"N",0.225151455396291,"N",FALSE,0.225151455396291,TRUE
1480369,"Y",0.391255235495091,"N",TRUE,0.608744764504909,FALSE
1493988,"N",0.213868989089129,"N",FALSE,0.213868989089129,TRUE
1494083,"N",0.095368028828312,"N",FALSE,0.095368028828312,TRUE
1494408,"N",0.107416888178563,"N",FALSE,0.107416888178563,TRUE
1477305,"N",0.15392993141291,"N",FALSE,0.15392993141291,TRUE
1466484,"N",0.160332343645057,"N",FALSE,0.160332343645057,TRUE
1489676,"N",0.148392348666337,"N",FALSE,0.148392348666337,TRUE
1506817,"N",0.138030369264404,"N",FALSE,0.138030369264404,TRUE
1530709,"N",0.400864151454633,"N",FALSE,0.400864151454633,TRUE
1509655,"N",0.693768498950238,"N",FALSE,0.693768498950238,TRUE
1561237,"N",0.197628994163487,"N",FALSE,0.197628994163487,TRUE
1561210,"Y",0.508960787419593,"N",TRUE,0.491039212580407,FALSE
1554412,"N",0.532663647499444,"N",FALSE,0.532663647499444,TRUE
1562810,"N",0.167196136378732,"N",FALSE,0.167196136378732,TRUE
1557148,"N",0.0275318517517892,"N",FALSE,0.0275318517517892,TRUE
1563462,"N",0.130121548089591,"N",FALSE,0.130121548089591,TRUE
1549591,"N",0.274974737956272,"N",FALSE,0.274974737956272,TRUE
1557655,"N",0.148729958425976,"N",FALSE,0.148729958425976,TRUE
1564563,"N",0.16955058804635,"N",FALSE,0.16955058804635,TRUE
1559925,"N",0.218193642395272,"N",FALSE,0.218193642395272,TRUE
1604154,"N",0.049505486233747,"N",FALSE,0.049505486233747,TRUE
1604746,"N",0.0592162756847281,"N",FALSE,0.0592162756847281,TRUE
1605722,"N",0.0263328052520978,"N",FALSE,0.0263328052520978,TRUE
1605986,"N",0.0374476615230947,"N",FALSE,0.0374476615230947,TRUE
1591713,"N",0.307407948151311,"N",FALSE,0.307407948151311,TRUE
1613880,"N",0.0588865698025762,"N",FALSE,0.0588865698025762,TRUE
1621130,"N",0.0396520619205478,"N",FALSE,0.0396520619205478,TRUE
1621828,"N",0.0337368141870196,"N",FALSE,0.0337368141870196,TRUE
1621834,"N",0.0338216314898459,"N",FALSE,0.0338216314898459,TRUE
1615255,"N",0.0307787963520672,"N",FALSE,0.0307787963520672,TRUE
1615334,"N",0.0373195652525437,"N",FALSE,0.0373195652525437,TRUE
1608277,"N",0.0640966342386161,"N",FALSE,0.0640966342386161,TRUE
1586970,"N",0.0761137057150041,"N",FALSE,0.0761137057150041,TRUE
1615840,"N",0.0373583369278758,"N",FALSE,0.0373583369278758,TRUE
1623284,"N",0.0214769779418896,"N",FALSE,0.0214769779418896,TRUE
1623285,"N",0.0238821481879466,"N",FALSE,0.0238821481879466,TRUE
1616004,"N",0.0273110837745047,"N",FALSE,0.0273110837745047,TRUE
1616111,"N",0.044249472664741,"N",FALSE,0.044249472664741,TRUE
1623532,"N",0.0435613764708824,"N",FALSE,0.0435613764708824,TRUE
1623555,"N",0.0261473531302336,"N",FALSE,0.0261473531302336,TRUE
1624099,"N",0.0236323601056612,"N",FALSE,0.0236323601056612,TRUE
1601606,"N",0.254805221485631,"N",FALSE,0.254805221485631,TRUE
1624044,"N",0.0371431151634672,"N",FALSE,0.0371431151634672,TRUE
1624482,"N",0.0352853285929232,"N",FALSE,0.0352853285929232,TRUE
1617631,"Y",0.299923165338067,"N",TRUE,0.700076834661933,FALSE
1617661,"N",0.0409590163518158,"N",FALSE,0.0409590163518158,TRUE
1618049,"N",0.035000171989516,"N",FALSE,0.035000171989516,TRUE
1626322,"N",0.0311170471611017,"N",FALSE,0.0311170471611017,TRUE
1632542,"N",0.0687015844729756,"N",FALSE,0.0687015844729756,TRUE
1634244,"N",0.0227128495287696,"N",FALSE,0.0227128495287696,TRUE
1634251,"N",0.0272881653626749,"N",FALSE,0.0272881653626749,TRUE
1612510,"N",0.0553449617571237,"N",FALSE,0.0553449617571237,TRUE
1612389,"N",0.0851910618816757,"N",FALSE,0.0851910618816757,TRUE
1634714,"Y",0.0579306898297816,"N",TRUE,0.942069310170218,FALSE
1635032,"N",0.0328743145394032,"N",FALSE,0.0328743145394032,TRUE
1628680,"N",0.0267591817889111,"N",FALSE,0.0267591817889111,TRUE
1628693,"N",0.0283882592545677,"N",FALSE,0.0283882592545677,TRUE
1644062,"N",0.0346606516414141,"N",FALSE,0.0346606516414141,TRUE
1651207,"N",0.122527484627316,"N",FALSE,0.122527484627316,TRUE
1665264,"N",0.535778470715194,"N",FALSE,0.535778470715194,TRUE
1635909,"N",0.0246132821894326,"N",FALSE,0.0246132821894326,TRUE
1629468,"N",0.0226381924685193,"N",FALSE,0.0226381924685193,TRUE
1681329,"N",0.044591060200734,"N",FALSE,0.044591060200734,TRUE
1667124,"N",0.318693893121994,"N",FALSE,0.318693893121994,TRUE
1674682,"N",0.106277201093286,"N",FALSE,0.106277201093286,TRUE
1638064,"N",0.0448501945774629,"N",FALSE,0.0448501945774629,TRUE
1640304,"N",0.0408546381008408,"N",FALSE,0.0408546381008408,TRUE
1646751,"N",0.0765115497159542,"N",FALSE,0.0765115497159542,TRUE
1670626,"N",0.118357548975039,"N",FALSE,0.118357548975039,TRUE
1692884,"N",0.296331703026389,"N",FALSE,0.296331703026389,TRUE
1705585,"N",0.226659035086485,"N",FALSE,0.226659035086485,TRUE
1705947,"Y",0.543824197238119,"N",TRUE,0.456175802761881,FALSE
1719401,"N",0.0912054878823135,"N",FALSE,0.0912054878823135,TRUE
1715179,"N",0.314877116448931,"N",FALSE,0.314877116448931,TRUE
1689144,"N",0.0195356698054126,"N",FALSE,0.0195356698054126,TRUE
1715905,"N",0.133860672753335,"N",FALSE,0.133860672753335,TRUE
1746044,"N",0.106159489489573,"N",FALSE,0.106159489489573,TRUE
1697115,"N",0.395448042364651,"N",FALSE,0.395448042364651,TRUE
1697877,"N",0.380022504074141,"N",FALSE,0.380022504074141,TRUE
1725925,"N",0.271078912404875,"N",FALSE,0.271078912404875,TRUE
1732400,"N",0.506052139668282,"N",FALSE,0.506052139668282,TRUE
1748467,"N",0.0702985351072408,"N",FALSE,0.0702985351072408,TRUE
1725318,"N",0.160391464367574,"N",FALSE,0.160391464367574,TRUE
1756569,"N",0.197805761265706,"N",FALSE,0.197805761265706,TRUE
1772735,"N",0.094284416249038,"N",FALSE,0.094284416249038,TRUE
1786977,"N",0.370179350328341,"N",FALSE,0.370179350328341,TRUE
1753966,"N",0.12076579028775,"N",FALSE,0.12076579028775,TRUE
1798994,"N",0.122719972826553,"N",FALSE,0.122719972826553,TRUE
1759947,"N",0.262121202786849,"N",FALSE,0.262121202786849,TRUE
1786768,"Y",0.28929171332947,"N",TRUE,0.71070828667053,FALSE
1795455,"N",0.115334486848015,"N",FALSE,0.115334486848015,TRUE
1808067,"N",0.0486392371521255,"N",FALSE,0.0486392371521255,TRUE
1805017,"N",0.222971893839822,"N",FALSE,0.222971893839822,TRUE
1833930,"N",0.151621348455308,"N",FALSE,0.151621348455308,TRUE
1851651,"N",0.316587875516656,"N",FALSE,0.316587875516656,TRUE
1822038,"N",0.201813601881435,"N",FALSE,0.201813601881435,TRUE
1845792,"N",0.0648556198380562,"N",FALSE,0.0648556198380562,TRUE
1875695,"N",0.0850092711535302,"N",FALSE,0.0850092711535302,TRUE
1855648,"N",0.194196109459522,"N",FALSE,0.194196109459522,TRUE
1870611,"N",0.322999371660609,"N",FALSE,0.322999371660609,TRUE
1872555,"N",0.216792166964943,"N",FALSE,0.216792166964943,TRUE
1881633,"N",0.221017416520407,"N",FALSE,0.221017416520407,TRUE
1902873,"N",0.387317661120409,"N",FALSE,0.387317661120409,TRUE
958169,"N",0.205507837428504,"N",FALSE,0.205507837428504,TRUE
951011,"Y",0.503897102832353,"N",TRUE,0.496102897167647,FALSE
944774,"N",0.20398498444525,"N",FALSE,0.20398498444525,TRUE
955068,"N",0.321040964126758,"N",FALSE,0.321040964126758,TRUE
993454,"N",0.203944933845903,"N",FALSE,0.203944933845903,TRUE
974952,"Y",0.135164913410855,"N",TRUE,0.864835086589145,FALSE
1002450,"N",0.128608062799341,"N",FALSE,0.128608062799341,TRUE
1016266,"N",0.484306711515141,"N",FALSE,0.484306711515141,TRUE
987850,"N",0.112507345752043,"N",FALSE,0.112507345752043,TRUE
988409,"N",0.151726897481372,"N",FALSE,0.151726897481372,TRUE
1025878,"N",0.285863617828668,"N",FALSE,0.285863617828668,TRUE
990268,"N",0.256085732585324,"N",FALSE,0.256085732585324,TRUE
1050535,"N",0.0721458044009621,"N",FALSE,0.0721458044009621,TRUE
1067244,"N",0.0930575744579992,"N",FALSE,0.0930575744579992,TRUE
1046471,"N",0.320976384650686,"N",FALSE,0.320976384650686,TRUE
1070283,"N",0.0927092721629702,"N",FALSE,0.0927092721629702,TRUE
1048368,"N",0.167627073683819,"N",FALSE,0.167627073683819,TRUE
1041565,"N",0.123134777880868,"N",FALSE,0.123134777880868,TRUE
1080298,"N",0.0880391603415782,"N",FALSE,0.0880391603415782,TRUE
1065323,"N",0.204303590290733,"N",FALSE,0.204303590290733,TRUE
1097158,"N",0.113631445704616,"N",FALSE,0.113631445704616,TRUE
1117720,"N",0.165774802358883,"N",FALSE,0.165774802358883,TRUE
1142146,"N",0.13135056958631,"N",FALSE,0.13135056958631,TRUE
1144723,"N",0.129276231229922,"N",FALSE,0.129276231229922,TRUE
1145007,"N",0.480347831043892,"N",FALSE,0.480347831043892,TRUE
1131887,"Y",0.0802981575494669,"N",TRUE,0.919701842450533,FALSE
1170608,"N",0.332966201713841,"N",FALSE,0.332966201713841,TRUE
1178559,"Y",0.297768152126463,"N",TRUE,0.702231847873537,FALSE
1157233,"Y",0.187044226567165,"N",TRUE,0.812955773432835,FALSE
1179897,"N",0.27100750349547,"N",FALSE,0.27100750349547,TRUE
1180208,"N",0.197134234606682,"N",FALSE,0.197134234606682,TRUE
1158512,"Y",0.38715379340184,"N",TRUE,0.61284620659816,FALSE
1181907,"N",0.141741274426406,"N",FALSE,0.141741274426406,TRUE
1181981,"Y",0.266708021695397,"N",TRUE,0.733291978304603,FALSE
1214139,"N",0.177557635527017,"N",FALSE,0.177557635527017,TRUE
1207295,"N",0.289293788207095,"N",FALSE,0.289293788207095,TRUE
1198569,"N",0.226342861013628,"N",FALSE,0.226342861013628,TRUE
1196009,"N",0.10343057805176,"N",FALSE,0.10343057805176,TRUE
1230789,"N",0.177231444997575,"N",FALSE,0.177231444997575,TRUE
1218868,"N",0.166848423914054,"N",FALSE,0.166848423914054,TRUE
1219485,"N",0.202442543081436,"N",FALSE,0.202442543081436,TRUE
1233328,"N",0.11344331910744,"N",FALSE,0.11344331910744,TRUE
1240922,"N",0.150005862063106,"N",FALSE,0.150005862063106,TRUE
1220823,"N",0.208677890134762,"N",FALSE,0.208677890134762,TRUE
1256564,"N",0.244838119964736,"N",FALSE,0.244838119964736,TRUE
1265248,"N",0.0862110169728504,"N",FALSE,0.0862110169728504,TRUE
1245156,"Y",0.041969426134843,"N",TRUE,0.958030573865157,FALSE
1265467,"N",0.0927330201341817,"N",FALSE,0.0927330201341817,TRUE
1282008,"Y",0.0870720918163577,"N",TRUE,0.912927908183642,FALSE
1277952,"N",0.043471579486572,"N",FALSE,0.043471579486572,TRUE
1301099,"N",0.117030780760502,"N",FALSE,0.117030780760502,TRUE
1309521,"N",0.366360784934897,"N",FALSE,0.366360784934897,TRUE
1296166,"N",0.0422394806257859,"N",FALSE,0.0422394806257859,TRUE
1318866,"N",0.35139195031617,"N",FALSE,0.35139195031617,TRUE
1325677,"N",0.316536632031046,"N",FALSE,0.316536632031046,TRUE
1342009,"N",0.0986919445284741,"N",FALSE,0.0986919445284741,TRUE
1328443,"N",0.155565923107289,"N",FALSE,0.155565923107289,TRUE
1365957,"Y",0.318493974185395,"N",TRUE,0.681506025814605,FALSE
1366010,"N",0.119597283423257,"N",FALSE,0.119597283423257,TRUE
1360332,"N",0.441171870470913,"N",FALSE,0.441171870470913,TRUE
1369714,"N",0.32555778294648,"N",FALSE,0.32555778294648,TRUE
1347568,"N",0.118008357801507,"N",FALSE,0.118008357801507,TRUE
1386556,"N",0.143125159322727,"N",FALSE,0.143125159322727,TRUE
1389644,"N",0.0512142493548706,"N",FALSE,0.0512142493548706,TRUE
1390468,"N",0.0771376116952496,"N",FALSE,0.0771376116952496,TRUE
1441434,"N",0.0172984393941361,"N",FALSE,0.0172984393941361,TRUE
1391566,"N",0.161417254290492,"N",FALSE,0.161417254290492,TRUE
1406750,"Y",0.234072122197869,"N",TRUE,0.765927877802131,FALSE
1408291,"N",0.0535751189668151,"N",FALSE,0.0535751189668151,TRUE
1399480,"N",0.0879484617284221,"N",FALSE,0.0879484617284221,TRUE
1438054,"N",0.0439062688166354,"N",FALSE,0.0439062688166354,TRUE
1453577,"N",0.17438419592112,"N",FALSE,0.17438419592112,TRUE
1483131,"N",0.592446856905501,"N",FALSE,0.592446856905501,TRUE
1449967,"Y",0.341427213015179,"N",TRUE,0.658572786984821,FALSE
1494851,"N",0.104921705119867,"N",FALSE,0.104921705119867,TRUE
1468374,"N",0.126791201960733,"N",FALSE,0.126791201960733,TRUE
1510710,"N",0.202535676474371,"N",FALSE,0.202535676474371,TRUE
1496380,"N",0.155583388208586,"N",FALSE,0.155583388208586,TRUE
1496433,"N",0.151413641858875,"N",FALSE,0.151413641858875,TRUE
1515214,"N",0.120636696096663,"N",FALSE,0.120636696096663,TRUE
1522115,"N",0.26778610983215,"N",FALSE,0.26778610983215,TRUE
1543590,"N",0.118846152045355,"N",FALSE,0.118846152045355,TRUE
1547026,"N",0.0855795359358406,"N",FALSE,0.0855795359358406,TRUE
1555669,"N",0.238659275721085,"N",FALSE,0.238659275721085,TRUE
1556739,"N",0.439957703151628,"N",FALSE,0.439957703151628,TRUE
1565399,"N",0.0846350111732433,"N",FALSE,0.0846350111732433,TRUE
1572227,"N",0.58535881075039,"N",FALSE,0.58535881075039,TRUE
1566691,"N",0.131441856951593,"N",FALSE,0.131441856951593,TRUE
1581629,"N",0.301672432000351,"N",FALSE,0.301672432000351,TRUE
1588404,"N",0.481933127135426,"N",FALSE,0.481933127135426,TRUE
1581892,"N",0.329159355809528,"N",FALSE,0.329159355809528,TRUE
1602891,"N",0.617125461487267,"N",FALSE,0.617125461487267,TRUE
1588668,"N",0.029457856272627,"N",FALSE,0.029457856272627,TRUE
1581962,"N",0.115212858101587,"N",FALSE,0.115212858101587,TRUE
1604693,"N",0.0459040310954738,"N",FALSE,0.0459040310954738,TRUE
1568210,"N",0.328510353339931,"N",FALSE,0.328510353339931,TRUE
1583142,"N",0.210015758795965,"N",FALSE,0.210015758795965,TRUE
1583207,"N",0.121340826431863,"N",FALSE,0.121340826431863,TRUE
1569494,"N",0.0730640075523457,"N",FALSE,0.0730640075523457,TRUE
1589889,"N",0.257317787224719,"N",FALSE,0.257317787224719,TRUE
1575572,"N",0.386525370784246,"N",FALSE,0.386525370784246,TRUE
1605828,"N",0.0851688205860469,"N",FALSE,0.0851688205860469,TRUE
1606062,"N",0.0509166634105909,"N",FALSE,0.0509166634105909,TRUE
1621376,"N",0.0524678623150757,"N",FALSE,0.0524678623150757,TRUE
1621587,"N",0.0482074747662253,"N",FALSE,0.0482074747662253,TRUE
1621444,"N",0.0403136886985264,"N",FALSE,0.0403136886985264,TRUE
1614170,"N",0.0445104791690228,"N",FALSE,0.0445104791690228,TRUE
1614211,"N",0.0479697571318926,"N",FALSE,0.0479697571318926,TRUE
1621574,"N",0.0507220955635285,"N",FALSE,0.0507220955635285,TRUE
1621622,"N",0.0365214375475257,"N",FALSE,0.0365214375475257,TRUE
1622212,"N",0.0290677423138966,"N",FALSE,0.0290677423138966,TRUE
1586554,"N",0.490677833702659,"N",FALSE,0.490677833702659,TRUE
1586875,"N",0.107365475409756,"N",FALSE,0.107365475409756,TRUE
1600933,"N",0.0507427292690527,"N",FALSE,0.0507427292690527,TRUE
1624632,"N",0.0271583504866545,"N",FALSE,0.0271583504866545,TRUE
1630825,"N",0.0328448415398548,"N",FALSE,0.0328448415398548,TRUE
1631001,"N",0.0367754599363545,"N",FALSE,0.0367754599363545,TRUE
1623345,"N",0.028601880693234,"N",FALSE,0.028601880693234,TRUE
1623354,"N",0.0261038460955571,"N",FALSE,0.0261038460955571,TRUE
1623355,"N",0.0714875559036555,"N",FALSE,0.0714875559036555,TRUE
1623412,"N",0.0682921912082234,"N",FALSE,0.0682921912082234,TRUE
1623417,"N",0.0377981945659789,"N",FALSE,0.0377981945659789,TRUE
1623484,"N",0.0398557346957792,"N",FALSE,0.0398557346957792,TRUE
1623521,"N",0.0254697620535362,"N",FALSE,0.0254697620535362,TRUE
1616455,"N",0.0423482574535119,"N",FALSE,0.0423482574535119,TRUE
1616527,"N",0.0282928206759654,"N",FALSE,0.0282928206759654,TRUE
1624414,"N",0.0367226170081671,"N",FALSE,0.0367226170081671,TRUE
1617635,"N",0.0432701712693389,"N",FALSE,0.0432701712693389,TRUE
1625101,"N",0.032862315729564,"N",FALSE,0.032862315729564,TRUE
1625561,"N",0.0186195747151635,"N",FALSE,0.0186195747151635,TRUE
1626347,"N",0.0228268171343365,"N",FALSE,0.0228268171343365,TRUE
1619410,"N",0.0563739757202735,"N",FALSE,0.0563739757202735,TRUE
1633992,"N",0.116219288023219,"N",FALSE,0.116219288023219,TRUE
1625953,"N",0.0431165365482467,"N",FALSE,0.0431165365482467,TRUE
1633748,"N",0.144106900328726,"N",FALSE,0.144106900328726,TRUE
1662495,"N",0.14873104345191,"N",FALSE,0.14873104345191,TRUE
1612173,"N",0.123809256606904,"N",FALSE,0.123809256606904,TRUE
1649800,"N",0.0477756533455763,"N",FALSE,0.0477756533455763,TRUE
1642904,"N",0.0703101657120554,"N",FALSE,0.0703101657120554,TRUE
1642933,"N",0.0412256652020917,"N",FALSE,0.0412256652020917,TRUE
1642997,"N",0.0422515196176535,"N",FALSE,0.0422515196176535,TRUE
1644132,"N",0.10813262313751,"N",FALSE,0.10813262313751,TRUE
1665182,"N",0.0257884980638001,"N",FALSE,0.0257884980638001,TRUE
1673322,"N",0.414085574995211,"N",FALSE,0.414085574995211,TRUE
1630055,"N",0.0290186253584491,"N",FALSE,0.0290186253584491,TRUE
1636977,"Y",0.054889877114357,"N",TRUE,0.945110122885643,FALSE
1652569,"N",0.0201284822438092,"N",FALSE,0.0201284822438092,TRUE
1654981,"N",0.0564969312955606,"N",FALSE,0.0564969312955606,TRUE
1660442,"N",0.203017901755382,"N",FALSE,0.203017901755382,TRUE
1653254,"N",0.0846290425177056,"N",FALSE,0.0846290425177056,TRUE
1689133,"N",0.142218116759175,"N",FALSE,0.142218116759175,TRUE
1677189,"N",0.0906804101599332,"N",FALSE,0.0906804101599332,TRUE
1692983,"N",0.404111403930797,"N",FALSE,0.404111403930797,TRUE
1687239,"N",0.120530578714822,"N",FALSE,0.120530578714822,TRUE
1706430,"N",0.165354819228126,"N",FALSE,0.165354819228126,TRUE
1678521,"Y",0.204854279494938,"N",TRUE,0.795145720505062,FALSE
1715283,"N",0.283767594027532,"N",FALSE,0.283767594027532,TRUE
1695072,"N",0.342275683784324,"N",FALSE,0.342275683784324,TRUE
1695593,"N",0.136881226503172,"N",FALSE,0.136881226503172,TRUE
1707439,"N",0.268230267966448,"N",FALSE,0.268230267966448,TRUE
1689861,"N",0.246906601869879,"N",FALSE,0.246906601869879,TRUE
1736620,"N",0.206849878094512,"N",FALSE,0.206849878094512,TRUE
1745899,"N",0.450491336322062,"N",FALSE,0.450491336322062,TRUE
1711654,"N",0.175945311304957,"N",FALSE,0.175945311304957,TRUE
1710954,"N",0.372823634687871,"N",FALSE,0.372823634687871,TRUE
1742678,"N",0.175932444225972,"N",FALSE,0.175932444225972,TRUE
1749563,"N",0.147208612562966,"N",FALSE,0.147208612562966,TRUE
1751028,"N",0.241848053677706,"N",FALSE,0.241848053677706,TRUE
1749156,"Y",0.0693859310721823,"N",TRUE,0.930614068927818,FALSE
1782148,"Y",0.326086925150658,"N",TRUE,0.673913074849342,FALSE
1768982,"N",0.126636709877912,"N",FALSE,0.126636709877912,TRUE
1783685,"N",0.153885797982532,"N",FALSE,0.153885797982532,TRUE
1799097,"N",0.120730265195004,"N",FALSE,0.120730265195004,TRUE
1770358,"N",0.641612600777191,"N",FALSE,0.641612600777191,TRUE
1785433,"N",0.187282581500566,"N",FALSE,0.187282581500566,TRUE
1792668,"N",0.0469673846034365,"N",FALSE,0.0469673846034365,TRUE
1817595,"N",0.238218764805128,"N",FALSE,0.238218764805128,TRUE
1835483,"N",0.164214404862216,"N",FALSE,0.164214404862216,TRUE
1841485,"Y",0.211403905982616,"N",TRUE,0.788596094017384,FALSE
1842152,"N",0.125116349516319,"N",FALSE,0.125116349516319,TRUE
1867740,"Y",0.361522335762699,"N",TRUE,0.638477664237301,FALSE
1829911,"N",0.185038214529921,"N",FALSE,0.185038214529921,TRUE
1831889,"N",0.0292040245547512,"N",FALSE,0.0292040245547512,TRUE
1845247,"N",0.0709555994322408,"N",FALSE,0.0709555994322408,TRUE
1847242,"N",0.197886535197077,"N",FALSE,0.197886535197077,TRUE
1838878,"N",0.0490994955229905,"N",FALSE,0.0490994955229905,TRUE
1868115,"N",0.389531755549764,"N",FALSE,0.389531755549764,TRUE
1857270,"N",0.283435127504408,"N",FALSE,0.283435127504408,TRUE
1862438,"N",0.126235071620677,"N",FALSE,0.126235071620677,TRUE
1888603,"N",0.278088104419635,"N",FALSE,0.278088104419635,TRUE
1897361,"Y",0.132465875576963,"N",TRUE,0.867534124423037,FALSE
1900083,"Y",0.261882418709948,"N",TRUE,0.738117581290052,FALSE
1879715,"N",0.260657858428815,"N",FALSE,0.260657858428815,TRUE
1898995,"N",0.330007332338655,"N",FALSE,0.330007332338655,TRUE
1904942,"N",0.31115029886723,"N",FALSE,0.31115029886723,TRUE
1918620,"Y",0.560997491006589,"N",TRUE,0.439002508993411,FALSE
1875208,"N",0.0443020244323665,"N",FALSE,0.0443020244323665,TRUE
1903818,"N",0.0826486256125877,"N",FALSE,0.0826486256125877,TRUE
1906955,"N",0.317899591310776,"N",FALSE,0.317899591310776,TRUE
1911939,"N",0.238853280577932,"N",FALSE,0.238853280577932,TRUE
1864644,"N",0.16878956377456,"N",FALSE,0.16878956377456,TRUE
1914876,"N",0.355180102702866,"N",FALSE,0.355180102702866,TRUE
1910073,"N",0.299962536258833,"N",FALSE,0.299962536258833,TRUE
1924564,"Y",0.423846188347393,"N",TRUE,0.576153811652607,FALSE
1913102,"N",0.33652658131056,"N",FALSE,0.33652658131056,TRUE
1963754,"N",0.149579507358091,"N",FALSE,0.149579507358091,TRUE
1963132,"N",0.26017571688937,"N",FALSE,0.26017571688937,TRUE
1955414,"Y",0.239020744973886,"N",TRUE,0.760979255026114,FALSE
1913151,"N",0.258021824552266,"N",FALSE,0.258021824552266,TRUE
1923512,"N",0.179889034180969,"N",FALSE,0.179889034180969,TRUE
1932807,"Y",0.687754419848922,"N",TRUE,0.312245580151078,FALSE
1895210,"N",0.392631715250362,"N",FALSE,0.392631715250362,TRUE
1920059,"N",0.138949574537168,"N",FALSE,0.138949574537168,TRUE
1938372,"N",0.462382075220074,"N",FALSE,0.462382075220074,TRUE
1977428,"N",0.104217748083933,"N",FALSE,0.104217748083933,TRUE
1946136,"N",0.604104835554216,"N",FALSE,0.604104835554216,TRUE
1957835,"N",0.190815904243257,"N",FALSE,0.190815904243257,TRUE
1954046,"Y",0.202385514963702,"N",TRUE,0.797614485036298,FALSE
1932571,"N",0.340963005643981,"N",FALSE,0.340963005643981,TRUE
1924343,"N",0.302190346110511,"N",FALSE,0.302190346110511,TRUE
1964704,"N",0.201624665171158,"N",FALSE,0.201624665171158,TRUE
1927427,"N",0.231063935344847,"N",FALSE,0.231063935344847,TRUE
1938009,"N",0.424254802753013,"N",FALSE,0.424254802753013,TRUE
1935819,"N",0.330301111676154,"N",FALSE,0.330301111676154,TRUE
1948656,"Y",0.299061022653985,"N",TRUE,0.700938977346015,FALSE
1960370,"N",0.163553399058701,"N",FALSE,0.163553399058701,TRUE
1958680,"N",0.358231211907104,"N",FALSE,0.358231211907104,TRUE
1961906,"N",0.159271186982939,"N",FALSE,0.159271186982939,TRUE
1923692,"N",0.150628937723323,"N",FALSE,0.150628937723323,TRUE
2025140,"Y",0.436531604604686,"N",TRUE,0.563468395395314,FALSE
1947476,"N",0.10905286410746,"N",FALSE,0.10905286410746,TRUE
2008379,"Y",0.306396404713663,"N",TRUE,0.693603595286337,FALSE
1965145,"N",0.119479664028227,"N",FALSE,0.119479664028227,TRUE
1964100,"N",0.0866966334617433,"N",FALSE,0.0866966334617433,TRUE
1965013,"N",0.0518879881959911,"N",FALSE,0.0518879881959911,TRUE
1976019,"N",0.123104918918989,"N",FALSE,0.123104918918989,TRUE
1966557,"N",0.173280267214237,"N",FALSE,0.173280267214237,TRUE
1970532,"N",0.0576841948976724,"N",FALSE,0.0576841948976724,TRUE
1980646,"Y",0.225444532792625,"N",TRUE,0.774555467207375,FALSE
1977395,"N",0.263168561010517,"N",FALSE,0.263168561010517,TRUE
1964906,"N",0.0232021957536169,"N",FALSE,0.0232021957536169,TRUE
1970817,"N",0.0864331981600704,"N",FALSE,0.0864331981600704,TRUE
1983385,"N",0.135698096790842,"N",FALSE,0.135698096790842,TRUE
1973144,"N",0.15400562220221,"N",FALSE,0.15400562220221,TRUE
1972512,"N",0.101893385514652,"N",FALSE,0.101893385514652,TRUE
2078429,"Y",0.396270350348161,"N",TRUE,0.603729649651839,FALSE
1973576,"N",0.0703257817437251,"N",FALSE,0.0703257817437251,TRUE
1998122,"Y",0.459833467327347,"N",TRUE,0.540166532672653,FALSE
1993652,"N",0.130766315120356,"N",FALSE,0.130766315120356,TRUE
1924363,"N",0.18782333569143,"N",FALSE,0.18782333569143,TRUE
1994830,"N",0.433788999949442,"N",FALSE,0.433788999949442,TRUE
1990960,"N",0.236415848694282,"N",FALSE,0.236415848694282,TRUE
1986651,"Y",0.291657815425738,"N",TRUE,0.708342184574262,FALSE
1986260,"N",0.0657848339146459,"N",FALSE,0.0657848339146459,TRUE
1999938,"N",0.592460160054745,"N",FALSE,0.592460160054745,TRUE
1946333,"N",0.336822795604156,"N",FALSE,0.336822795604156,TRUE
1993877,"N",0.223973655832348,"N",FALSE,0.223973655832348,TRUE
1972954,"N",0.16181224291881,"N",FALSE,0.16181224291881,TRUE
1983935,"N",0.124580829986879,"N",FALSE,0.124580829986879,TRUE
1994019,"N",0.0820754370381489,"N",FALSE,0.0820754370381489,TRUE
1954384,"N",0.246596990358777,"N",FALSE,0.246596990358777,TRUE
2012295,"N",0.388945146921219,"N",FALSE,0.388945146921219,TRUE
2090410,"Y",0.485815379100403,"N",TRUE,0.514184620899597,FALSE
1997722,"N",0.491841858272735,"N",FALSE,0.491841858272735,TRUE
2015878,"Y",0.128739802607843,"N",TRUE,0.871260197392157,FALSE
2000405,"N",0.174496371107712,"N",FALSE,0.174496371107712,TRUE
1985547,"N",0.0641121699350134,"N",FALSE,0.0641121699350134,TRUE
2022357,"N",0.188314736419406,"N",FALSE,0.188314736419406,TRUE
2008472,"N",0.422802551563529,"N",FALSE,0.422802551563529,TRUE
2025196,"N",0.345366070885972,"N",FALSE,0.345366070885972,TRUE
2005026,"N",0.212096133948475,"N",FALSE,0.212096133948475,TRUE
2029931,"N",0.432159573421422,"N",FALSE,0.432159573421422,TRUE
2032994,"N",0.533598308370691,"N",FALSE,0.533598308370691,TRUE
2035556,"Y",0.607284553736156,"N",TRUE,0.392715446263844,FALSE
1986795,"N",0.20995815519164,"N",FALSE,0.20995815519164,TRUE
2015416,"N",0.294811355582865,"N",FALSE,0.294811355582865,TRUE
2008981,"N",0.187737682317462,"N",FALSE,0.187737682317462,TRUE
2018344,"N",0.189369606667709,"N",FALSE,0.189369606667709,TRUE
2075942,"Y",0.469182249262632,"N",TRUE,0.530817750737368,FALSE
2028700,"N",0.543036719660593,"N",FALSE,0.543036719660593,TRUE
1933571,"N",0.181917237225287,"N",FALSE,0.181917237225287,TRUE
2049114,"Y",0.431005463084753,"N",TRUE,0.568994536915247,FALSE
2039882,"N",0.486278188938432,"N",FALSE,0.486278188938432,TRUE
2057714,"Y",0.317718809598831,"N",TRUE,0.682281190401169,FALSE
