"ComplaintID","CDisputed.fctr","CDisputed.fctr.All.X..rcv.glmnet.prob","CDisputed.fctr.All.X..rcv.glmnet","CDisputed.fctr.All.X..rcv.glmnet.err","CDisputed.fctr.All.X..rcv.glmnet.err.abs","CDisputed.fctr.All.X..rcv.glmnet.is.acc"
947849,"N",0.28443700444831,"N",FALSE,0.28443700444831,TRUE
957249,"N",0.559930868128404,"N",FALSE,0.559930868128404,TRUE
951527,"N",0.373712370546778,"N",FALSE,0.373712370546778,TRUE
968052,"Y",0.306749047864548,"N",TRUE,0.693250952135452,FALSE
953852,"N",0.311316544904646,"N",FALSE,0.311316544904646,TRUE
969674,"N",0.196541998340988,"N",FALSE,0.196541998340988,TRUE
975049,"N",0.145206165479609,"N",FALSE,0.145206165479609,TRUE
998319,"N",0.254674396551243,"N",FALSE,0.254674396551243,TRUE
971723,"N",0.363581534897479,"N",FALSE,0.363581534897479,TRUE
1001683,"N",0.34748036208084,"N",FALSE,0.34748036208084,TRUE
1008763,"N",0.249862668528688,"N",FALSE,0.249862668528688,TRUE
1009853,"N",0.339061358534097,"N",FALSE,0.339061358534097,TRUE
1011556,"N",0.40822239841304,"N",FALSE,0.40822239841304,TRUE
1018821,"N",0.269982518360199,"N",FALSE,0.269982518360199,TRUE
1044805,"N",0.380266290700016,"N",FALSE,0.380266290700016,TRUE
1044033,"N",0.200971781650118,"N",FALSE,0.200971781650118,TRUE
1055136,"N",0.142087068408512,"N",FALSE,0.142087068408512,TRUE
1055725,"N",0.16139419615001,"N",FALSE,0.16139419615001,TRUE
1041283,"N",0.197618679649777,"N",FALSE,0.197618679649777,TRUE
1050179,"N",0.26909612127568,"N",FALSE,0.26909612127568,TRUE
1055722,"N",0.107203538197269,"N",FALSE,0.107203538197269,TRUE
1050514,"N",0.612333097570006,"N",FALSE,0.612333097570006,TRUE
1073908,"N",0.199604421984856,"N",FALSE,0.199604421984856,TRUE
1081557,"N",0.413322052705346,"N",FALSE,0.413322052705346,TRUE
1124192,"N",0.103953080793496,"N",FALSE,0.103953080793496,TRUE
1119968,"N",0.401916825339857,"N",FALSE,0.401916825339857,TRUE
1098794,"N",0.402204420772334,"N",FALSE,0.402204420772334,TRUE
1092636,"Y",0.388873126341078,"N",TRUE,0.611126873658922,FALSE
1099214,"N",0.14637920751905,"N",FALSE,0.14637920751905,TRUE
1122025,"N",0.201979037952388,"N",FALSE,0.201979037952388,TRUE
1114386,"N",0.333652574552647,"N",FALSE,0.333652574552647,TRUE
1143267,"Y",0.0885117361882719,"N",TRUE,0.911488263811728,FALSE
1103989,"N",0.284415793312829,"N",FALSE,0.284415793312829,TRUE
1144408,"N",0.350164519875174,"N",FALSE,0.350164519875174,TRUE
1100726,"N",0.198150188222383,"N",FALSE,0.198150188222383,TRUE
1127866,"N",0.241378499549722,"N",FALSE,0.241378499549722,TRUE
1145737,"N",0.102834275749772,"N",FALSE,0.102834275749772,TRUE
1137635,"N",0.593053987776612,"N",FALSE,0.593053987776612,TRUE
1138530,"N",0.516583531481328,"N",FALSE,0.516583531481328,TRUE
1138937,"N",0.266095384215091,"N",FALSE,0.266095384215091,TRUE
1154285,"N",0.425155229989416,"N",FALSE,0.425155229989416,TRUE
1156646,"N",0.284130122278102,"N",FALSE,0.284130122278102,TRUE
1150403,"N",0.196756572132588,"N",FALSE,0.196756572132588,TRUE
1165644,"N",0.228894394487775,"N",FALSE,0.228894394487775,TRUE
1180759,"N",0.319458461028277,"N",FALSE,0.319458461028277,TRUE
1187750,"N",0.249644981129797,"N",FALSE,0.249644981129797,TRUE
1187981,"N",0.351580873691637,"N",FALSE,0.351580873691637,TRUE
1195643,"N",0.242511682822127,"N",FALSE,0.242511682822127,TRUE
1183093,"N",0.525856865561272,"N",FALSE,0.525856865561272,TRUE
1183819,"N",0.221502749393801,"N",FALSE,0.221502749393801,TRUE
1194119,"N",0.416457649044308,"N",FALSE,0.416457649044308,TRUE
1204649,"N",0.331262573060241,"N",FALSE,0.331262573060241,TRUE
1212781,"N",0.231787444718752,"N",FALSE,0.231787444718752,TRUE
1206626,"N",0.484808308220158,"N",FALSE,0.484808308220158,TRUE
1245095,"Y",0.207073855592141,"N",TRUE,0.792926144407859,FALSE
1209458,"N",0.405538766468824,"N",FALSE,0.405538766468824,TRUE
1232204,"N",0.194026647429911,"N",FALSE,0.194026647429911,TRUE
1211873,"N",0.212017858631019,"N",FALSE,0.212017858631019,TRUE
1219282,"N",0.318376221992882,"N",FALSE,0.318376221992882,TRUE
1262755,"Y",0.21826246497153,"N",TRUE,0.78173753502847,FALSE
1241032,"N",0.106222323289583,"N",FALSE,0.106222323289583,TRUE
1241148,"N",0.170818944734754,"N",FALSE,0.170818944734754,TRUE
1241295,"N",0.396687175971889,"N",FALSE,0.396687175971889,TRUE
1228356,"N",0.34588594020785,"N",FALSE,0.34588594020785,TRUE
1228591,"N",0.388851356512279,"N",FALSE,0.388851356512279,TRUE
1243124,"N",0.289748955985719,"N",FALSE,0.289748955985719,TRUE
1266024,"N",0.248805778269862,"N",FALSE,0.248805778269862,TRUE
1257916,"N",0.454593947438005,"N",FALSE,0.454593947438005,TRUE
1283380,"N",0.127665808631438,"N",FALSE,0.127665808631438,TRUE
1289233,"N",0.55763454822603,"N",FALSE,0.55763454822603,TRUE
1274110,"N",0.2407094677798,"N",FALSE,0.2407094677798,TRUE
1267674,"N",0.397666047867508,"N",FALSE,0.397666047867508,TRUE
1275237,"N",0.344110148735017,"N",FALSE,0.344110148735017,TRUE
1298364,"N",0.247772939466329,"N",FALSE,0.247772939466329,TRUE
1306257,"N",0.297323410482494,"N",FALSE,0.297323410482494,TRUE
1277954,"N",0.176239700448745,"N",FALSE,0.176239700448745,TRUE
1299860,"N",0.321171534385506,"N",FALSE,0.321171534385506,TRUE
1293137,"N",0.113391067390286,"N",FALSE,0.113391067390286,TRUE
1301241,"N",0.236824705269977,"N",FALSE,0.236824705269977,TRUE
1313669,"N",0.279869157353769,"N",FALSE,0.279869157353769,TRUE
1326610,"N",0.161892386462189,"N",FALSE,0.161892386462189,TRUE
1356824,"N",0.416624469725067,"N",FALSE,0.416624469725067,TRUE
1342342,"N",0.162119904317592,"N",FALSE,0.162119904317592,TRUE
1357129,"N",0.325062927090695,"N",FALSE,0.325062927090695,TRUE
1336331,"N",0.437654726815927,"N",FALSE,0.437654726815927,TRUE
1366079,"N",0.384312007729298,"N",FALSE,0.384312007729298,TRUE
1350092,"N",0.305251136498591,"N",FALSE,0.305251136498591,TRUE
1350689,"N",0.198320681539053,"N",FALSE,0.198320681539053,TRUE
1330702,"N",0.442507973382182,"N",FALSE,0.442507973382182,TRUE
1383744,"Y",0.461187932985375,"N",TRUE,0.538812067014625,FALSE
1383532,"N",0.533153063294091,"N",FALSE,0.533153063294091,TRUE
1354711,"N",0.195558406847407,"N",FALSE,0.195558406847407,TRUE
1376553,"N",0.113662844403897,"N",FALSE,0.113662844403897,TRUE
1362650,"N",0.331169352783731,"N",FALSE,0.331169352783731,TRUE
1376730,"N",0.153180580245073,"N",FALSE,0.153180580245073,TRUE
1356101,"N",0.165779905715188,"N",FALSE,0.165779905715188,TRUE
1386582,"N",0.391093856476762,"N",FALSE,0.391093856476762,TRUE
1401522,"N",0.15671457526407,"N",FALSE,0.15671457526407,TRUE
1380681,"N",0.346253614866681,"N",FALSE,0.346253614866681,TRUE
1408499,"N",0.364895597045459,"N",FALSE,0.364895597045459,TRUE
1408573,"N",0.121783563809699,"N",FALSE,0.121783563809699,TRUE
1396321,"Y",0.288687081822931,"N",TRUE,0.711312918177069,FALSE
1409878,"N",0.259239823559763,"N",FALSE,0.259239823559763,TRUE
1410514,"N",0.0957992414848855,"N",FALSE,0.0957992414848855,TRUE
1418284,"N",0.101910388679139,"N",FALSE,0.101910388679139,TRUE
1417355,"N",0.256338206062482,"N",FALSE,0.256338206062482,TRUE
1390304,"N",0.266947390960442,"N",FALSE,0.266947390960442,TRUE
1412099,"N",0.283545268898987,"N",FALSE,0.283545268898987,TRUE
1405707,"N",0.0939431404739346,"N",FALSE,0.0939431404739346,TRUE
1408295,"Y",0.235734555190189,"N",TRUE,0.764265444809811,FALSE
1430331,"N",0.174936463988612,"N",FALSE,0.174936463988612,TRUE
1436263,"N",0.0999119456327897,"N",FALSE,0.0999119456327897,TRUE
1454598,"Y",0.37891867097852,"N",TRUE,0.62108132902148,FALSE
1433399,"N",0.0857717404976274,"N",FALSE,0.0857717404976274,TRUE
1448171,"N",0.462010228006567,"N",FALSE,0.462010228006567,TRUE
1486288,"N",0.326341590029611,"N",FALSE,0.326341590029611,TRUE
1485324,"N",0.175060360345338,"N",FALSE,0.175060360345338,TRUE
1478538,"N",0.584885022289024,"N",FALSE,0.584885022289024,TRUE
1466720,"N",0.403491186889418,"N",FALSE,0.403491186889418,TRUE
1492961,"N",0.452994506925321,"N",FALSE,0.452994506925321,TRUE
1494142,"N",0.198551839354172,"N",FALSE,0.198551839354172,TRUE
1494565,"Y",0.442899892700822,"N",TRUE,0.557100107299178,FALSE
1503092,"N",0.270141772512781,"N",FALSE,0.270141772512781,TRUE
1491277,"N",0.232644640801193,"N",FALSE,0.232644640801193,TRUE
1490733,"N",0.190360598433181,"N",FALSE,0.190360598433181,TRUE
1491904,"N",0.384578164102672,"N",FALSE,0.384578164102672,TRUE
1499849,"N",0.466059442369485,"N",FALSE,0.466059442369485,TRUE
1529875,"N",0.522830345273058,"N",FALSE,0.522830345273058,TRUE
1536843,"N",0.136339129199719,"N",FALSE,0.136339129199719,TRUE
1561393,"N",0.371522934852329,"N",FALSE,0.371522934852329,TRUE
1547581,"N",0.337313339670756,"N",FALSE,0.337313339670756,TRUE
1555274,"Y",0.488996344799736,"N",TRUE,0.511003655200264,FALSE
1562642,"N",0.429967396969579,"N",FALSE,0.429967396969579,TRUE
1532368,"N",0.400950693127944,"N",FALSE,0.400950693127944,TRUE
1532381,"Y",0.294958837840649,"N",TRUE,0.705041162159351,FALSE
1535058,"N",0.22813948464213,"N",FALSE,0.22813948464213,TRUE
1563956,"N",0.533089983928839,"N",FALSE,0.533089983928839,TRUE
1565461,"N",0.129585768276097,"N",FALSE,0.129585768276097,TRUE
1567932,"N",0.219195288592318,"N",FALSE,0.219195288592318,TRUE
1574328,"N",0.560935425134649,"N",FALSE,0.560935425134649,TRUE
1582929,"N",0.313116211922479,"N",FALSE,0.313116211922479,TRUE
1604719,"N",0.0965059238626503,"N",FALSE,0.0965059238626503,TRUE
1604848,"N",0.103785125099074,"N",FALSE,0.103785125099074,TRUE
1569745,"N",0.38711174744029,"N",FALSE,0.38711174744029,TRUE
1569890,"N",0.555398187261013,"N",FALSE,0.555398187261013,TRUE
1605572,"N",0.12964650525296,"N",FALSE,0.12964650525296,TRUE
1605672,"N",0.149590618345904,"N",FALSE,0.149590618345904,TRUE
1605830,"N",0.0439299293707173,"N",FALSE,0.0439299293707173,TRUE
1613021,"N",0.170007013980414,"N",FALSE,0.170007013980414,TRUE
1605883,"N",0.0845259544876544,"N",FALSE,0.0845259544876544,TRUE
1613059,"N",0.113937715090265,"N",FALSE,0.113937715090265,TRUE
1605935,"N",0.0660871180178012,"N",FALSE,0.0660871180178012,TRUE
1606141,"N",0.0656757136943615,"N",FALSE,0.0656757136943615,TRUE
1606273,"N",0.0364892300125985,"N",FALSE,0.0364892300125985,TRUE
1620381,"N",0.108637674260067,"N",FALSE,0.108637674260067,TRUE
1613617,"N",0.102394589545329,"N",FALSE,0.102394589545329,TRUE
1613759,"N",0.0802210224832896,"N",FALSE,0.0802210224832896,TRUE
1620841,"N",0.0808553630640851,"N",FALSE,0.0808553630640851,TRUE
1621342,"N",0.139446882382767,"N",FALSE,0.139446882382767,TRUE
1613971,"N",0.102831546320316,"N",FALSE,0.102831546320316,TRUE
1621396,"N",0.12033336210354,"N",FALSE,0.12033336210354,TRUE
1621398,"N",0.109768484364474,"N",FALSE,0.109768484364474,TRUE
1621413,"N",0.0788851243893188,"N",FALSE,0.0788851243893188,TRUE
1598374,"N",0.463742121301586,"N",FALSE,0.463742121301586,TRUE
1621468,"N",0.0675100280009872,"N",FALSE,0.0675100280009872,TRUE
1621488,"N",0.078819102678233,"N",FALSE,0.078819102678233,TRUE
1614271,"N",0.0681293846643126,"N",FALSE,0.0681293846643126,TRUE
1615217,"N",0.152348969903721,"N",FALSE,0.152348969903721,TRUE
1621767,"N",0.0676296154587874,"N",FALSE,0.0676296154587874,TRUE
1615177,"N",0.1671791336559,"N",FALSE,0.1671791336559,TRUE
1615251,"N",0.106318688028187,"N",FALSE,0.106318688028187,TRUE
1607900,"N",0.409413304237337,"N",FALSE,0.409413304237337,TRUE
1615299,"N",0.106499169840964,"N",FALSE,0.106499169840964,TRUE
1621970,"N",0.0363256568141773,"N",FALSE,0.0363256568141773,TRUE
1622078,"N",0.0679294441440329,"N",FALSE,0.0679294441440329,TRUE
1622272,"N",0.0679294441440329,"N",FALSE,0.0679294441440329,TRUE
1622615,"N",0.0679294441440329,"N",FALSE,0.0679294441440329,TRUE
1608144,"N",0.166330520059943,"N",FALSE,0.166330520059943,TRUE
1593463,"N",0.394447667270997,"N",FALSE,0.394447667270997,TRUE
1600639,"N",0.287947710838327,"N",FALSE,0.287947710838327,TRUE
1615613,"N",0.250642213471662,"N",FALSE,0.250642213471662,TRUE
1622662,"N",0.0569449063698815,"N",FALSE,0.0569449063698815,TRUE
1630827,"N",0.137411253988993,"N",FALSE,0.137411253988993,TRUE
1622699,"N",0.0529229732218349,"N",FALSE,0.0529229732218349,TRUE
1622710,"N",0.0338318442411426,"N",FALSE,0.0338318442411426,TRUE
1630910,"N",0.110002546238556,"N",FALSE,0.110002546238556,TRUE
1622807,"N",0.0279456262504192,"N",FALSE,0.0279456262504192,TRUE
1623313,"N",0.0970282202400427,"N",FALSE,0.0970282202400427,TRUE
1623331,"N",0.0659632501508862,"N",FALSE,0.0659632501508862,TRUE
1623366,"N",0.0436719258695997,"N",FALSE,0.0436719258695997,TRUE
1623161,"N",0.0510463840004867,"N",FALSE,0.0510463840004867,TRUE
1623481,"N",0.039622357355843,"N",FALSE,0.039622357355843,TRUE
1623462,"N",0.0363404038859372,"N",FALSE,0.0363404038859372,TRUE
1616233,"N",0.104437058438559,"N",FALSE,0.104437058438559,TRUE
1631249,"N",0.107333982031061,"N",FALSE,0.107333982031061,TRUE
1623535,"N",0.0875943860640485,"N",FALSE,0.0875943860640485,TRUE
1631275,"N",0.107424947117046,"N",FALSE,0.107424947117046,TRUE
1631319,"N",0.0635503527410807,"N",FALSE,0.0635503527410807,TRUE
1623652,"N",0.111841304667481,"N",FALSE,0.111841304667481,TRUE
1624093,"N",0.14579802391722,"N",FALSE,0.14579802391722,TRUE
1624103,"N",0.145676688538347,"N",FALSE,0.145676688538347,TRUE
1616497,"N",0.058281820385852,"N",FALSE,0.058281820385852,TRUE
1616573,"N",0.058281820385852,"N",FALSE,0.058281820385852,TRUE
1624209,"N",0.0446579112359044,"N",FALSE,0.0446579112359044,TRUE
1616639,"N",0.070517738489012,"N",FALSE,0.070517738489012,TRUE
1617486,"N",0.171872031403689,"N",FALSE,0.171872031403689,TRUE
1617507,"N",0.171872031403689,"N",FALSE,0.171872031403689,TRUE
1631668,"N",0.0464793956394052,"N",FALSE,0.0464793956394052,TRUE
1617595,"N",0.116650399124201,"N",FALSE,0.116650399124201,TRUE
1617603,"N",0.322167166451528,"N",FALSE,0.322167166451528,TRUE
1617617,"N",0.0881460990317545,"N",FALSE,0.0881460990317545,TRUE
1624480,"N",0.0536469410009325,"N",FALSE,0.0536469410009325,TRUE
1617315,"N",0.0658432597383439,"N",FALSE,0.0658432597383439,TRUE
1617767,"N",0.0621580641308079,"N",FALSE,0.0621580641308079,TRUE
1624704,"N",0.0711982467197932,"N",FALSE,0.0711982467197932,TRUE
1617948,"N",0.0544633824795311,"N",FALSE,0.0544633824795311,TRUE
1625039,"N",0.071669662755243,"N",FALSE,0.071669662755243,TRUE
1632182,"N",0.056111129415082,"N",FALSE,0.056111129415082,TRUE
1625533,"N",0.0459583191324654,"N",FALSE,0.0459583191324654,TRUE
1618783,"N",0.0705863685329165,"N",FALSE,0.0705863685329165,TRUE
1626266,"N",0.174979936144861,"N",FALSE,0.174979936144861,TRUE
1619647,"N",0.115464722712111,"N",FALSE,0.115464722712111,TRUE
1619722,"N",0.121489104998764,"N",FALSE,0.121489104998764,TRUE
1619741,"N",0.053772726411789,"N",FALSE,0.053772726411789,TRUE
1619742,"N",0.0695833424291239,"N",FALSE,0.0695833424291239,TRUE
1626539,"N",0.111332421135829,"N",FALSE,0.111332421135829,TRUE
1619894,"N",0.0538210354169179,"N",FALSE,0.0538210354169179,TRUE
1633284,"N",0.142005711294532,"N",FALSE,0.142005711294532,TRUE
1620239,"N",0.054086914718474,"N",FALSE,0.054086914718474,TRUE
1627316,"N",0.188427006770574,"N",FALSE,0.188427006770574,TRUE
1647851,"N",0.347646760120004,"N",FALSE,0.347646760120004,TRUE
1611552,"N",0.114543328716029,"N",FALSE,0.114543328716029,TRUE
1642774,"N",0.337626086353077,"N",FALSE,0.337626086353077,TRUE
1634134,"N",0.255606300343281,"N",FALSE,0.255606300343281,TRUE
1634139,"N",0.0772226478255625,"N",FALSE,0.0772226478255625,TRUE
1640914,"N",0.204826865482253,"N",FALSE,0.204826865482253,TRUE
1634151,"N",0.0735065105320866,"N",FALSE,0.0735065105320866,TRUE
1612215,"N",0.124050386037612,"N",FALSE,0.124050386037612,TRUE
1634334,"N",0.0790645785853891,"N",FALSE,0.0790645785853891,TRUE
1634357,"N",0.0714306766415753,"N",FALSE,0.0714306766415753,TRUE
1612903,"N",0.0837958694518123,"N",FALSE,0.0837958694518123,TRUE
1635282,"N",0.0912590515735892,"N",FALSE,0.0912590515735892,TRUE
1635351,"N",0.108975266837928,"N",FALSE,0.108975266837928,TRUE
1648545,"N",0.175987957999659,"N",FALSE,0.175987957999659,TRUE
1635419,"N",0.0703060459043877,"N",FALSE,0.0703060459043877,TRUE
1642075,"N",0.0571336959336469,"N",FALSE,0.0571336959336469,TRUE
1627789,"N",0.108680445247295,"N",FALSE,0.108680445247295,TRUE
1628647,"N",0.118171469246326,"N",FALSE,0.118171469246326,TRUE
1650324,"N",0.174251005533174,"N",FALSE,0.174251005533174,TRUE
1650490,"N",0.175001780099505,"N",FALSE,0.175001780099505,TRUE
1644904,"N",0.199440877424588,"N",FALSE,0.199440877424588,TRUE
1644959,"N",0.0881441457220875,"N",FALSE,0.0881441457220875,TRUE
1651199,"N",0.304881953439755,"N",FALSE,0.304881953439755,TRUE
1629594,"N",0.172752863139352,"N",FALSE,0.172752863139352,TRUE
1629595,"N",0.0915005010900841,"N",FALSE,0.0915005010900841,TRUE
1629616,"N",0.0855914211785979,"N",FALSE,0.0855914211785979,TRUE
1636369,"N",0.0856735502609916,"N",FALSE,0.0856735502609916,TRUE
1629933,"N",0.0393175553370048,"N",FALSE,0.0393175553370048,TRUE
1658373,"N",0.235324751454677,"N",FALSE,0.235324751454677,TRUE
1630068,"Y",0.06130781442256,"N",TRUE,0.93869218557744,FALSE
1667165,"N",0.115146960481831,"N",FALSE,0.115146960481831,TRUE
1637814,"N",0.119594535395857,"N",FALSE,0.119594535395857,TRUE
1673929,"N",0.363685117990499,"N",FALSE,0.363685117990499,TRUE
1652362,"N",0.466062477751874,"N",FALSE,0.466062477751874,TRUE
1640225,"N",0.357555920138032,"N",FALSE,0.357555920138032,TRUE
1653687,"N",0.135951219989214,"N",FALSE,0.135951219989214,TRUE
1640515,"N",0.178130372499052,"N",FALSE,0.178130372499052,TRUE
1654302,"N",0.26275364436748,"N",FALSE,0.26275364436748,TRUE
1654265,"N",0.117471281975464,"N",FALSE,0.117471281975464,TRUE
1662446,"N",0.139186921941781,"N",FALSE,0.139186921941781,TRUE
1691019,"N",0.458988489101698,"N",FALSE,0.458988489101698,TRUE
1706970,"N",0.368920929873223,"N",FALSE,0.368920929873223,TRUE
1713202,"N",0.226991028283019,"N",FALSE,0.226991028283019,TRUE
1693516,"N",0.348263476376783,"N",FALSE,0.348263476376783,TRUE
1679194,"Y",0.320878633968308,"N",TRUE,0.679121366031692,FALSE
1705226,"N",0.507811597717626,"N",FALSE,0.507811597717626,TRUE
1730648,"N",0.537665766025789,"N",FALSE,0.537665766025789,TRUE
1729539,"N",0.257599860528034,"N",FALSE,0.257599860528034,TRUE
1688114,"N",0.137576428834327,"N",FALSE,0.137576428834327,TRUE
1695999,"N",0.320011828555271,"N",FALSE,0.320011828555271,TRUE
1709545,"N",0.423415977929977,"N",FALSE,0.423415977929977,TRUE
1730135,"N",0.332931714532732,"N",FALSE,0.332931714532732,TRUE
1739173,"N",0.413115497242553,"N",FALSE,0.413115497242553,TRUE
1744976,"N",0.176342403464073,"N",FALSE,0.176342403464073,TRUE
1711162,"Y",0.378645794224075,"N",TRUE,0.621354205775925,FALSE
1724708,"N",0.431256325649242,"N",FALSE,0.431256325649242,TRUE
1725973,"N",0.420471818759343,"N",FALSE,0.420471818759343,TRUE
1711951,"N",0.315149448294959,"N",FALSE,0.315149448294959,TRUE
1717332,"N",0.241545541268987,"N",FALSE,0.241545541268987,TRUE
1710761,"N",0.243597984931446,"N",FALSE,0.243597984931446,TRUE
1718367,"N",0.228289876070383,"N",FALSE,0.228289876070383,TRUE
1733983,"N",0.288206094374726,"N",FALSE,0.288206094374726,TRUE
1748849,"N",0.302665768428784,"N",FALSE,0.302665768428784,TRUE
1737514,"N",0.297986448501825,"N",FALSE,0.297986448501825,TRUE
1763843,"N",0.235623804556367,"N",FALSE,0.235623804556367,TRUE
1758066,"N",0.334448928469169,"N",FALSE,0.334448928469169,TRUE
1757939,"N",0.174206080954018,"N",FALSE,0.174206080954018,TRUE
1774058,"Y",0.351311168326335,"N",TRUE,0.648688831673665,FALSE
1751700,"N",0.370988541617717,"N",FALSE,0.370988541617717,TRUE
1796946,"N",0.304944767217275,"N",FALSE,0.304944767217275,TRUE
1804170,"N",0.313597481070067,"N",FALSE,0.313597481070067,TRUE
1760117,"N",0.229394819420345,"N",FALSE,0.229394819420345,TRUE
1760181,"N",0.270478391017924,"N",FALSE,0.270478391017924,TRUE
1761324,"N",0.146433102692904,"N",FALSE,0.146433102692904,TRUE
1761162,"N",0.140376784094943,"N",FALSE,0.140376784094943,TRUE
1760128,"N",0.119517794881219,"N",FALSE,0.119517794881219,TRUE
1754681,"N",0.303635108900657,"N",FALSE,0.303635108900657,TRUE
1776305,"N",0.265981104517494,"N",FALSE,0.265981104517494,TRUE
1807001,"Y",0.492987401350714,"N",TRUE,0.507012598649286,FALSE
1762180,"N",0.192777733140585,"N",FALSE,0.192777733140585,TRUE
1768526,"N",0.323331228764126,"N",FALSE,0.323331228764126,TRUE
1784161,"N",0.393647145323604,"N",FALSE,0.393647145323604,TRUE
1769065,"N",0.227662639505486,"N",FALSE,0.227662639505486,TRUE
1778626,"N",0.201194222429908,"N",FALSE,0.201194222429908,TRUE
1780331,"N",0.456347053179916,"N",FALSE,0.456347053179916,TRUE
1793329,"N",0.233047771956126,"N",FALSE,0.233047771956126,TRUE
1801041,"N",0.293024739312001,"N",FALSE,0.293024739312001,TRUE
1801821,"N",0.311677406987039,"N",FALSE,0.311677406987039,TRUE
1795597,"N",0.33954142920985,"N",FALSE,0.33954142920985,TRUE
1811892,"N",0.313203192132695,"N",FALSE,0.313203192132695,TRUE
1840339,"N",0.257694906493843,"N",FALSE,0.257694906493843,TRUE
1820849,"N",0.320943488414151,"N",FALSE,0.320943488414151,TRUE
1820312,"N",0.279285958619033,"N",FALSE,0.279285958619033,TRUE
1819712,"Y",0.210682328145322,"N",TRUE,0.789317671854678,FALSE
1865546,"N",0.283664612842404,"N",FALSE,0.283664612842404,TRUE
1842985,"N",0.469229160652383,"N",FALSE,0.469229160652383,TRUE
1866034,"N",0.173302214373595,"N",FALSE,0.173302214373595,TRUE
1850663,"N",0.161056636410657,"N",FALSE,0.161056636410657,TRUE
1861239,"N",0.13997971183548,"N",FALSE,0.13997971183548,TRUE
1860749,"N",0.166515665569454,"N",FALSE,0.166515665569454,TRUE
1860955,"N",0.21991409777356,"N",FALSE,0.21991409777356,TRUE
1861565,"N",0.37240064273597,"N",FALSE,0.37240064273597,TRUE
1876690,"N",0.356717253903903,"N",FALSE,0.356717253903903,TRUE
1878940,"N",0.56018138641454,"N",FALSE,0.56018138641454,TRUE
1863677,"N",0.144971400753485,"N",FALSE,0.144971400753485,TRUE
1947092,"Y",0.488421086682828,"N",TRUE,0.511578913317172,FALSE
1885917,"N",0.457119116772281,"N",FALSE,0.457119116772281,TRUE
1877079,"N",0.199451749772833,"N",FALSE,0.199451749772833,TRUE
1891995,"N",0.586252165954522,"N",FALSE,0.586252165954522,TRUE
1824926,"N",0.297088645034505,"N",FALSE,0.297088645034505,TRUE
955928,"Y",0.505758837247671,"N",TRUE,0.494241162752329,FALSE
945721,"N",0.422779058538553,"N",FALSE,0.422779058538553,TRUE
945559,"N",0.162568984474297,"N",FALSE,0.162568984474297,TRUE
945564,"N",0.245828725758706,"N",FALSE,0.245828725758706,TRUE
954851,"N",0.265425043129995,"N",FALSE,0.265425043129995,TRUE
994996,"N",0.324420319423481,"N",FALSE,0.324420319423481,TRUE
986452,"N",0.561485058893699,"N",FALSE,0.561485058893699,TRUE
994660,"N",0.156966645348119,"N",FALSE,0.156966645348119,TRUE
988380,"N",0.196243125364047,"N",FALSE,0.196243125364047,TRUE
1024863,"N",0.195039383936508,"N",FALSE,0.195039383936508,TRUE
1012985,"N",0.218167870834554,"N",FALSE,0.218167870834554,TRUE
1013475,"N",0.228789697538771,"N",FALSE,0.228789697538771,TRUE
989525,"N",0.169303857525616,"N",FALSE,0.169303857525616,TRUE
1037206,"N",0.24330387733642,"N",FALSE,0.24330387733642,TRUE
1052063,"N",0.23826012842353,"N",FALSE,0.23826012842353,TRUE
1044120,"N",0.136330690777451,"N",FALSE,0.136330690777451,TRUE
1060876,"N",0.265399992091296,"N",FALSE,0.265399992091296,TRUE
1069277,"N",0.371245911322566,"N",FALSE,0.371245911322566,TRUE
1069408,"N",0.236242434017532,"N",FALSE,0.236242434017532,TRUE
1047591,"N",0.58018038853631,"N",FALSE,0.58018038853631,TRUE
1055498,"N",0.34250087824935,"N",FALSE,0.34250087824935,TRUE
1079866,"N",0.239099024604278,"N",FALSE,0.239099024604278,TRUE
1086443,"N",0.587021991084977,"N",FALSE,0.587021991084977,TRUE
1087074,"N",0.328302171133385,"N",FALSE,0.328302171133385,TRUE
1087253,"N",0.554336553076001,"N",FALSE,0.554336553076001,TRUE
1081758,"N",0.20051886300945,"N",FALSE,0.20051886300945,TRUE
1095619,"N",0.190192891225727,"N",FALSE,0.190192891225727,TRUE
1097487,"Y",0.341522616412891,"N",TRUE,0.658477383587109,FALSE
1134380,"N",0.344845987113352,"N",FALSE,0.344845987113352,TRUE
1124037,"N",0.103678762382058,"N",FALSE,0.103678762382058,TRUE
1121026,"N",0.665637257123196,"N",FALSE,0.665637257123196,TRUE
1105928,"N",0.280856930413083,"N",FALSE,0.280856930413083,TRUE
1143133,"N",0.291570164124189,"N",FALSE,0.291570164124189,TRUE
1109104,"N",0.131526159934894,"N",FALSE,0.131526159934894,TRUE
1153219,"N",0.178697163371515,"N",FALSE,0.178697163371515,TRUE
1145971,"N",0.332347951469891,"N",FALSE,0.332347951469891,TRUE
1178048,"N",0.329812119593937,"N",FALSE,0.329812119593937,TRUE
1172781,"N",0.597084549676784,"N",FALSE,0.597084549676784,TRUE
1166571,"N",0.221714557786099,"N",FALSE,0.221714557786099,TRUE
1181086,"N",0.157979843122355,"N",FALSE,0.157979843122355,TRUE
1182173,"N",0.251986629365439,"N",FALSE,0.251986629365439,TRUE
1214058,"N",0.415745429644026,"N",FALSE,0.415745429644026,TRUE
1224062,"N",0.411922993377737,"N",FALSE,0.411922993377737,TRUE
1225472,"N",0.193069925396232,"N",FALSE,0.193069925396232,TRUE
1216378,"N",0.26281968101096,"N",FALSE,0.26281968101096,TRUE
1231283,"N",0.185860317954767,"N",FALSE,0.185860317954767,TRUE
1239543,"N",0.380123669169658,"N",FALSE,0.380123669169658,TRUE
1217859,"N",0.144817822410419,"N",FALSE,0.144817822410419,TRUE
1211922,"N",0.323673759883572,"N",FALSE,0.323673759883572,TRUE
1231892,"N",0.154415510899088,"N",FALSE,0.154415510899088,TRUE
1254438,"N",0.327407139072951,"N",FALSE,0.327407139072951,TRUE
1263296,"N",0.225382596738307,"N",FALSE,0.225382596738307,TRUE
1241233,"N",0.258257210406155,"N",FALSE,0.258257210406155,TRUE
1256077,"N",0.29335427132493,"N",FALSE,0.29335427132493,TRUE
1256499,"N",0.125159580675825,"N",FALSE,0.125159580675825,TRUE
1220930,"N",0.292912081500913,"N",FALSE,0.292912081500913,TRUE
1258366,"N",0.241001526837908,"N",FALSE,0.241001526837908,TRUE
1251507,"N",0.373231358307845,"N",FALSE,0.373231358307845,TRUE
1274360,"N",0.421428710240201,"N",FALSE,0.421428710240201,TRUE
1281837,"N",0.158772677193249,"N",FALSE,0.158772677193249,TRUE
1274279,"N",0.163846248236005,"N",FALSE,0.163846248236005,TRUE
1290806,"N",0.352115423170952,"N",FALSE,0.352115423170952,TRUE
1298551,"N",0.158865264397726,"N",FALSE,0.158865264397726,TRUE
1305530,"Y",0.399107092271736,"N",TRUE,0.600892907728264,FALSE
1299168,"N",0.138298421656461,"N",FALSE,0.138298421656461,TRUE
1304109,"N",0.194315782268452,"N",FALSE,0.194315782268452,TRUE
1277405,"N",0.224443335691848,"N",FALSE,0.224443335691848,TRUE
1322619,"Y",0.4393268734411,"N",TRUE,0.5606731265589,FALSE
1323193,"N",0.510424620802942,"N",FALSE,0.510424620802942,TRUE
1310754,"N",0.403070638884185,"N",FALSE,0.403070638884185,TRUE
1324250,"N",0.447336039772052,"N",FALSE,0.447336039772052,TRUE
1311641,"N",0.173974277763355,"N",FALSE,0.173974277763355,TRUE
1319052,"N",0.49626570418779,"N",FALSE,0.49626570418779,TRUE
1311768,"N",0.288791440602247,"N",FALSE,0.288791440602247,TRUE
1326336,"N",0.200334141045994,"N",FALSE,0.200334141045994,TRUE
1318491,"N",0.321711669179257,"N",FALSE,0.321711669179257,TRUE
1385421,"N",0.51120656749413,"N",FALSE,0.51120656749413,TRUE
1336054,"N",0.285492090792571,"N",FALSE,0.285492090792571,TRUE
1337121,"N",0.377630739273487,"N",FALSE,0.377630739273487,TRUE
1368546,"N",0.230179261266147,"N",FALSE,0.230179261266147,TRUE
1377503,"N",0.115810414284828,"N",FALSE,0.115810414284828,TRUE
1376295,"N",0.266584895680627,"N",FALSE,0.266584895680627,TRUE
1346220,"N",0.470945897328506,"N",FALSE,0.470945897328506,TRUE
1369263,"Y",0.270515712387016,"N",TRUE,0.729484287612984,FALSE
1354254,"N",0.504781793213766,"N",FALSE,0.504781793213766,TRUE
1363152,"N",0.233688646696396,"N",FALSE,0.233688646696396,TRUE
1385763,"N",0.45017153823007,"N",FALSE,0.45017153823007,TRUE
1372550,"N",0.118033280132629,"N",FALSE,0.118033280132629,TRUE
1387146,"N",0.172983048712643,"N",FALSE,0.172983048712643,TRUE
1388711,"N",0.427293058955252,"N",FALSE,0.427293058955252,TRUE
1409642,"N",0.0481061641677009,"N",FALSE,0.0481061641677009,TRUE
1409737,"N",0.183322945832085,"N",FALSE,0.183322945832085,TRUE
1416994,"N",0.110540617663036,"N",FALSE,0.110540617663036,TRUE
1392720,"N",0.246675825333141,"N",FALSE,0.246675825333141,TRUE
1412533,"N",0.058450594931744,"N",FALSE,0.058450594931744,TRUE
1434527,"N",0.0961794845088765,"N",FALSE,0.0961794845088765,TRUE
1431598,"N",0.189081602260705,"N",FALSE,0.189081602260705,TRUE
1437360,"N",0.146341347973938,"N",FALSE,0.146341347973938,TRUE
1439353,"N",0.203582982587123,"N",FALSE,0.203582982587123,TRUE
1445039,"N",0.370915872287547,"N",FALSE,0.370915872287547,TRUE
1452447,"N",0.263489485021129,"N",FALSE,0.263489485021129,TRUE
1452491,"N",0.324321446185622,"N",FALSE,0.324321446185622,TRUE
1438677,"N",0.070706397014315,"N",FALSE,0.070706397014315,TRUE
1440141,"Y",0.208975022885107,"N",TRUE,0.791024977114893,FALSE
1455024,"N",0.352078666552118,"N",FALSE,0.352078666552118,TRUE
1483437,"N",0.275980332737645,"N",FALSE,0.275980332737645,TRUE
1463668,"N",0.398107636832867,"N",FALSE,0.398107636832867,TRUE
1449996,"N",0.419066944557641,"N",FALSE,0.419066944557641,TRUE
1480312,"N",0.526392225518665,"N",FALSE,0.526392225518665,TRUE
1501714,"Y",0.637097228334253,"N",TRUE,0.362902771665747,FALSE
1488462,"N",0.515628914509432,"N",FALSE,0.515628914509432,TRUE
1489700,"N",0.197308227452347,"N",FALSE,0.197308227452347,TRUE
1504334,"N",0.325376532549959,"N",FALSE,0.325376532549959,TRUE
1512506,"N",0.466230162561044,"N",FALSE,0.466230162561044,TRUE
1505452,"N",0.447262933776857,"N",FALSE,0.447262933776857,TRUE
1506348,"N",0.20720349075842,"N",FALSE,0.20720349075842,TRUE
1513946,"N",0.239938923618873,"N",FALSE,0.239938923618873,TRUE
1522659,"N",0.512639252059335,"N",FALSE,0.512639252059335,TRUE
1545544,"N",0.303346737855847,"N",FALSE,0.303346737855847,TRUE
1539358,"N",0.420275664006374,"N",FALSE,0.420275664006374,TRUE
1509973,"N",0.245248000041876,"N",FALSE,0.245248000041876,TRUE
1546686,"N",0.17564435355024,"N",FALSE,0.17564435355024,TRUE
1547454,"N",0.242996098505679,"N",FALSE,0.242996098505679,TRUE
1540390,"N",0.559889434162557,"N",FALSE,0.559889434162557,TRUE
1546109,"N",0.304244471012563,"N",FALSE,0.304244471012563,TRUE
1532386,"N",0.168817435776863,"N",FALSE,0.168817435776863,TRUE
1548067,"N",0.318204396858691,"N",FALSE,0.318204396858691,TRUE
1529398,"N",0.134136937395088,"N",FALSE,0.134136937395088,TRUE
1552047,"N",0.266955364391648,"N",FALSE,0.266955364391648,TRUE
1566609,"N",0.300322474279795,"N",FALSE,0.300322474279795,TRUE
1604954,"N",0.371315829058237,"N",FALSE,0.371315829058237,TRUE
1603576,"N",0.124649057971962,"N",FALSE,0.124649057971962,TRUE
1603288,"N",0.121174921574915,"N",FALSE,0.121174921574915,TRUE
1604101,"N",0.0633944188588227,"N",FALSE,0.0633944188588227,TRUE
1569858,"N",0.464664625911727,"N",FALSE,0.464664625911727,TRUE
1605577,"N",0.0820490846371028,"N",FALSE,0.0820490846371028,TRUE
1605680,"N",0.0684953823189645,"N",FALSE,0.0684953823189645,TRUE
1605336,"N",0.0679774756685326,"N",FALSE,0.0679774756685326,TRUE
1605699,"N",0.0821921565488804,"N",FALSE,0.0821921565488804,TRUE
1605703,"N",0.0821921565488804,"N",FALSE,0.0821921565488804,TRUE
1605705,"N",0.08226377765058,"N",FALSE,0.08226377765058,TRUE
1605712,"N",0.0941136630745986,"N",FALSE,0.0941136630745986,TRUE
1605860,"N",0.0563073176258119,"N",FALSE,0.0563073176258119,TRUE
1606128,"N",0.069072180412773,"N",FALSE,0.069072180412773,TRUE
1622121,"N",0.0438652305497815,"N",FALSE,0.0438652305497815,TRUE
1613377,"N",0.0836092856274306,"N",FALSE,0.0836092856274306,TRUE
1606272,"N",0.082801928822807,"N",FALSE,0.082801928822807,TRUE
1630073,"N",0.0840437094381288,"N",FALSE,0.0840437094381288,TRUE
1613750,"N",0.064891356807518,"N",FALSE,0.064891356807518,TRUE
1613767,"N",0.064891356807518,"N",FALSE,0.064891356807518,TRUE
1620720,"N",0.0630724009189313,"N",FALSE,0.0630724009189313,TRUE
1613912,"N",0.0985846825896339,"N",FALSE,0.0985846825896339,TRUE
1606792,"N",0.0537344759949801,"N",FALSE,0.0537344759949801,TRUE
1621350,"N",0.13018129388484,"N",FALSE,0.13018129388484,TRUE
1621404,"N",0.095090715471436,"N",FALSE,0.095090715471436,TRUE
1614055,"N",0.066970213454428,"N",FALSE,0.066970213454428,TRUE
1621458,"N",0.0634262437574013,"N",FALSE,0.0634262437574013,TRUE
1621495,"N",0.0947629569909319,"N",FALSE,0.0947629569909319,TRUE
1592575,"N",0.3164952867849,"N",FALSE,0.3164952867849,TRUE
1612723,"N",0.090679529669711,"N",FALSE,0.090679529669711,TRUE
1621782,"N",0.0535333855247859,"N",FALSE,0.0535333855247859,TRUE
1615211,"N",0.0836899411812441,"N",FALSE,0.0836899411812441,TRUE
1607205,"N",0.063101086895905,"N",FALSE,0.063101086895905,TRUE
1621873,"N",0.0634826435583369,"N",FALSE,0.0634826435583369,TRUE
1615277,"N",0.0901119582624988,"N",FALSE,0.0901119582624988,TRUE
1621889,"N",0.0820439576061643,"N",FALSE,0.0820439576061643,TRUE
1615314,"N",0.0826137456818827,"N",FALSE,0.0826137456818827,TRUE
1622027,"N",0.0410995975397181,"N",FALSE,0.0410995975397181,TRUE
1607992,"N",0.127220398158705,"N",FALSE,0.127220398158705,TRUE
1622240,"N",0.0743664737088029,"N",FALSE,0.0743664737088029,TRUE
1622364,"Y",0.0532717989340484,"N",TRUE,0.946728201065952,FALSE
1622398,"N",0.0822586384062288,"N",FALSE,0.0822586384062288,TRUE
1622551,"N",0.0822586384062288,"N",FALSE,0.0822586384062288,TRUE
1622612,"N",0.0744972363800712,"N",FALSE,0.0744972363800712,TRUE
1622619,"N",0.0827247156894066,"N",FALSE,0.0827247156894066,TRUE
1593829,"N",0.139336946596394,"N",FALSE,0.139336946596394,TRUE
1594302,"N",0.587266948648092,"N",FALSE,0.587266948648092,TRUE
1630732,"N",0.0664617232469438,"N",FALSE,0.0664617232469438,TRUE
1630454,"Y",0.190817744388651,"N",TRUE,0.809182255611349,FALSE
1630833,"N",0.0860378803873852,"N",FALSE,0.0860378803873852,TRUE
1622753,"N",0.0413998602471245,"N",FALSE,0.0413998602471245,TRUE
1580168,"N",0.35208621356807,"N",FALSE,0.35208621356807,TRUE
1622841,"N",0.0653050259966539,"N",FALSE,0.0653050259966539,TRUE
1615948,"N",0.0838803930132619,"N",FALSE,0.0838803930132619,TRUE
1615914,"N",0.0638832684061411,"N",FALSE,0.0638832684061411,TRUE
1623250,"N",0.0441224360444601,"N",FALSE,0.0441224360444601,TRUE
1601197,"N",0.1616061912083,"N",FALSE,0.1616061912083,TRUE
1623265,"Y",0.0373346204076,"N",TRUE,0.9626653795924,FALSE
1623303,"N",0.0532717593520358,"N",FALSE,0.0532717593520358,TRUE
1616026,"N",0.0841725695488409,"N",FALSE,0.0841725695488409,TRUE
1623352,"N",0.0471092008390259,"N",FALSE,0.0471092008390259,TRUE
1623372,"N",0.0531050268899892,"N",FALSE,0.0531050268899892,TRUE
1623377,"N",0.0440628901321234,"N",FALSE,0.0440628901321234,TRUE
1616087,"N",0.183955757157301,"N",FALSE,0.183955757157301,TRUE
1623430,"N",0.0372498279039209,"N",FALSE,0.0372498279039209,TRUE
1623431,"N",0.0537474720599377,"N",FALSE,0.0537474720599377,TRUE
1623449,"N",0.0534155341319279,"N",FALSE,0.0534155341319279,TRUE
1623473,"N",0.0469132245771533,"N",FALSE,0.0469132245771533,TRUE
1623497,"N",0.0441829710617886,"N",FALSE,0.0441829710617886,TRUE
1623584,"N",0.0816477426393172,"N",FALSE,0.0816477426393172,TRUE
1623641,"N",0.0812580189765826,"N",FALSE,0.0812580189765826,TRUE
1624065,"N",0.0856316374465323,"N",FALSE,0.0856316374465323,TRUE
1616417,"N",0.10528344428616,"N",FALSE,0.10528344428616,TRUE
1624113,"N",0.0718789764861714,"N",FALSE,0.0718789764861714,TRUE
1609426,"N",0.400119058656909,"N",FALSE,0.400119058656909,TRUE
1624157,"N",0.0996972084131256,"N",FALSE,0.0996972084131256,TRUE
1616556,"N",0.0844298168334604,"N",FALSE,0.0844298168334604,TRUE
1631516,"N",0.0970747297659451,"N",FALSE,0.0970747297659451,TRUE
1616634,"N",0.0656576763334717,"N",FALSE,0.0656576763334717,TRUE
1630635,"N",0.0682796646388303,"N",FALSE,0.0682796646388303,TRUE
1624320,"N",0.0606561045425804,"N",FALSE,0.0606561045425804,TRUE
1617510,"N",0.0586981149588713,"N",FALSE,0.0586981149588713,TRUE
1631664,"N",0.0518044378016888,"N",FALSE,0.0518044378016888,TRUE
1617609,"N",0.0665591528749582,"N",FALSE,0.0665591528749582,TRUE
1617639,"N",0.0550188104744452,"N",FALSE,0.0550188104744452,TRUE
1617669,"N",0.0661536231556464,"N",FALSE,0.0661536231556464,TRUE
1624592,"N",0.0867144261757929,"N",FALSE,0.0867144261757929,TRUE
1631806,"N",0.0877699171111488,"N",FALSE,0.0877699171111488,TRUE
1631847,"N",0.0568630411160164,"N",FALSE,0.0568630411160164,TRUE
1624674,"N",0.0466202437100011,"N",FALSE,0.0466202437100011,TRUE
1624746,"N",0.0558808943602608,"N",FALSE,0.0558808943602608,TRUE
1618093,"N",0.185702951431688,"N",FALSE,0.185702951431688,TRUE
1618023,"N",0.0854246543896008,"N",FALSE,0.0854246543896008,TRUE
1624974,"N",0.065378474955269,"N",FALSE,0.065378474955269,TRUE
1625026,"N",0.0560279435319344,"N",FALSE,0.0560279435319344,TRUE
1625049,"N",0.0592068978333715,"N",FALSE,0.0592068978333715,TRUE
1623952,"N",0.0740774028273613,"N",FALSE,0.0740774028273613,TRUE
1625159,"N",0.086602607518745,"N",FALSE,0.086602607518745,TRUE
1625229,"N",0.086602607518745,"N",FALSE,0.086602607518745,TRUE
1633049,"N",0.136781520468563,"N",FALSE,0.136781520468563,TRUE
1617384,"N",0.185706461815096,"N",FALSE,0.185706461815096,TRUE
1618941,"N",0.0862361138689444,"N",FALSE,0.0862361138689444,TRUE
1610599,"N",0.110428637816582,"N",FALSE,0.110428637816582,TRUE
1619675,"N",0.0862531495096474,"N",FALSE,0.0862531495096474,TRUE
1619669,"N",0.085843498012226,"N",FALSE,0.085843498012226,TRUE
1626544,"N",0.105719480095896,"N",FALSE,0.105719480095896,TRUE
1619776,"N",0.0548624659674495,"N",FALSE,0.0548624659674495,TRUE
1626646,"N",0.0871063903698941,"N",FALSE,0.0871063903698941,TRUE
1633146,"N",0.334784652184712,"N",FALSE,0.334784652184712,TRUE
1633184,"N",0.3288859723891,"N",FALSE,0.3288859723891,TRUE
1633438,"N",0.111175088462393,"N",FALSE,0.111175088462393,TRUE
1633558,"N",0.096112981269165,"N",FALSE,0.096112981269165,TRUE
1633765,"N",0.0746978121012591,"N",FALSE,0.0746978121012591,TRUE
1627366,"N",0.0568491210701388,"N",FALSE,0.0568491210701388,TRUE
1611382,"N",0.0649583712672099,"N",FALSE,0.0649583712672099,TRUE
1627471,"N",0.087901194530338,"N",FALSE,0.087901194530338,TRUE
1625962,"N",0.0809341628003593,"N",FALSE,0.0809341628003593,TRUE
1612161,"N",0.114526101889585,"N",FALSE,0.114526101889585,TRUE
1634325,"N",0.0507046606865014,"N",FALSE,0.0507046606865014,TRUE
1642249,"Y",0.238750491315415,"N",TRUE,0.761249508684585,FALSE
1642875,"N",0.216874827105573,"N",FALSE,0.216874827105573,TRUE
1642990,"N",0.109773193579353,"N",FALSE,0.109773193579353,TRUE
1643118,"N",0.0673222631638042,"N",FALSE,0.0673222631638042,TRUE
1628711,"N",0.0574731402948843,"N",FALSE,0.0574731402948843,TRUE
1650496,"N",0.189739030760826,"N",FALSE,0.189739030760826,TRUE
1629014,"N",0.0886088920798513,"N",FALSE,0.0886088920798513,TRUE
1650603,"N",0.108727356572917,"N",FALSE,0.108727356572917,TRUE
1635444,"N",0.0499401303752801,"N",FALSE,0.0499401303752801,TRUE
1629110,"N",0.0886855643468606,"N",FALSE,0.0886855643468606,TRUE
1629147,"N",0.0886855643468606,"N",FALSE,0.0886855643468606,TRUE
1635691,"N",0.0581009243108152,"N",FALSE,0.0581009243108152,TRUE
1644862,"N",0.104826999252588,"N",FALSE,0.104826999252588,TRUE
1652800,"N",0.405952525164831,"N",FALSE,0.405952525164831,TRUE
1630114,"N",0.0786212143540926,"N",FALSE,0.0786212143540926,TRUE
1644977,"N",0.0828452016951601,"N",FALSE,0.0828452016951601,TRUE
1636031,"N",0.0580236587098752,"N",FALSE,0.0580236587098752,TRUE
1680026,"N",0.205436428647469,"N",FALSE,0.205436428647469,TRUE
1636513,"N",0.0695645967821358,"N",FALSE,0.0695645967821358,TRUE
1666078,"N",0.547473982984346,"N",FALSE,0.547473982984346,TRUE
1630010,"N",0.0897256331795832,"N",FALSE,0.0897256331795832,TRUE
1681748,"N",0.472859543097766,"N",FALSE,0.472859543097766,TRUE
1674756,"N",0.116153188831932,"N",FALSE,0.116153188831932,TRUE
1640240,"N",0.0600379875668185,"N",FALSE,0.0600379875668185,TRUE
1640327,"N",0.132791988062362,"N",FALSE,0.132791988062362,TRUE
1661265,"N",0.322715324018112,"N",FALSE,0.322715324018112,TRUE
1689922,"N",0.443329375277353,"N",FALSE,0.443329375277353,TRUE
1669585,"N",0.187144376340657,"N",FALSE,0.187144376340657,TRUE
1677114,"N",0.335901874598762,"N",FALSE,0.335901874598762,TRUE
1677191,"N",0.49101164807221,"N",FALSE,0.49101164807221,TRUE
1677279,"N",0.136753278346943,"N",FALSE,0.136753278346943,TRUE
1670232,"N",0.0809020686482169,"N",FALSE,0.0809020686482169,TRUE
1678230,"N",0.179754693720818,"N",FALSE,0.179754693720818,TRUE
1714154,"N",0.526675450008932,"N",FALSE,0.526675450008932,TRUE
1715468,"N",0.440922073164324,"N",FALSE,0.440922073164324,TRUE
1689268,"N",0.444932565102886,"N",FALSE,0.444932565102886,TRUE
1709427,"N",0.253830129445961,"N",FALSE,0.253830129445961,TRUE
1721523,"N",0.16372822880861,"N",FALSE,0.16372822880861,TRUE
1739028,"N",0.137809092655617,"N",FALSE,0.137809092655617,TRUE
1724341,"N",0.481020323360445,"N",FALSE,0.481020323360445,TRUE
1710936,"N",0.365586836800152,"N",FALSE,0.365586836800152,TRUE
1740575,"N",0.399250224718521,"N",FALSE,0.399250224718521,TRUE
1727348,"N",0.322321276872181,"N",FALSE,0.322321276872181,TRUE
1718314,"N",0.244818351029178,"N",FALSE,0.244818351029178,TRUE
1753498,"N",0.380874396714825,"N",FALSE,0.380874396714825,TRUE
1755552,"N",0.242167208976853,"N",FALSE,0.242167208976853,TRUE
1741501,"N",0.577357513850074,"N",FALSE,0.577357513850074,TRUE
1764909,"N",0.259063334399402,"N",FALSE,0.259063334399402,TRUE
1758680,"N",0.249861890024916,"N",FALSE,0.249861890024916,TRUE
1764330,"N",0.0948134024538857,"N",FALSE,0.0948134024538857,TRUE
1765923,"N",0.145520019553538,"N",FALSE,0.145520019553538,TRUE
1765893,"N",0.291369294183907,"N",FALSE,0.291369294183907,TRUE
1760219,"N",0.301707486104545,"N",FALSE,0.301707486104545,TRUE
1753850,"N",0.275690930794089,"N",FALSE,0.275690930794089,TRUE
1775121,"N",0.14662195877717,"N",FALSE,0.14662195877717,TRUE
1798933,"N",0.222405832804172,"N",FALSE,0.222405832804172,TRUE
1762449,"N",0.274131117477354,"N",FALSE,0.274131117477354,TRUE
1761285,"N",0.140974813823037,"N",FALSE,0.140974813823037,TRUE
1791154,"N",0.437305697502715,"N",FALSE,0.437305697502715,TRUE
1794279,"N",0.267848574201769,"N",FALSE,0.267848574201769,TRUE
1793176,"N",0.276411091282695,"N",FALSE,0.276411091282695,TRUE
1814934,"N",0.150967819994362,"N",FALSE,0.150967819994362,TRUE
1824850,"N",0.149939937368146,"N",FALSE,0.149939937368146,TRUE
1809268,"Y",0.463779489625827,"N",TRUE,0.536220510374173,FALSE
1795591,"N",0.290495642635962,"N",FALSE,0.290495642635962,TRUE
1794776,"N",0.151743453650698,"N",FALSE,0.151743453650698,TRUE
1824891,"N",0.362801365449203,"N",FALSE,0.362801365449203,TRUE
1845538,"N",0.166970172165784,"N",FALSE,0.166970172165784,TRUE
1833756,"N",0.208415421621679,"N",FALSE,0.208415421621679,TRUE
1839962,"N",0.191822892096272,"N",FALSE,0.191822892096272,TRUE
1817510,"N",0.380273340313237,"N",FALSE,0.380273340313237,TRUE
1825749,"N",0.322242253311338,"N",FALSE,0.322242253311338,TRUE
1839049,"N",0.175465823410104,"N",FALSE,0.175465823410104,TRUE
1820166,"N",0.145065017390801,"N",FALSE,0.145065017390801,TRUE
1812027,"N",0.143301950505879,"N",FALSE,0.143301950505879,TRUE
1847435,"N",0.149908779196177,"N",FALSE,0.149908779196177,TRUE
1812758,"N",0.110018248958232,"N",FALSE,0.110018248958232,TRUE
1825533,"N",0.291868098450749,"N",FALSE,0.291868098450749,TRUE
1841078,"N",0.423502179391414,"N",FALSE,0.423502179391414,TRUE
1845191,"N",0.176751720477278,"N",FALSE,0.176751720477278,TRUE
1851080,"N",0.201296335879072,"N",FALSE,0.201296335879072,TRUE
1838125,"N",0.441340143821032,"N",FALSE,0.441340143821032,TRUE
1865631,"N",0.430552140885,"N",FALSE,0.430552140885,TRUE
1836934,"N",0.134615709712544,"N",FALSE,0.134615709712544,TRUE
1822374,"N",0.129237905243729,"N",FALSE,0.129237905243729,TRUE
1845437,"Y",0.317725888721278,"N",TRUE,0.682274111278722,FALSE
1845897,"N",0.0852627167554032,"N",FALSE,0.0852627167554032,TRUE
1874100,"N",0.543204414406841,"N",FALSE,0.543204414406841,TRUE
1868179,"N",0.492147476327892,"N",FALSE,0.492147476327892,TRUE
1869321,"Y",0.435384079159721,"N",TRUE,0.564615920840279,FALSE
1880106,"N",0.39715086677761,"N",FALSE,0.39715086677761,TRUE
1874839,"N",0.376246519168808,"N",FALSE,0.376246519168808,TRUE
1876620,"N",0.363002886909005,"N",FALSE,0.363002886909005,TRUE
1875125,"N",0.199868960512264,"N",FALSE,0.199868960512264,TRUE
946650,"N",0.366380825085936,"N",FALSE,0.366380825085936,TRUE
950368,"N",0.471129475904785,"N",FALSE,0.471129475904785,TRUE
953708,"N",0.141180608610865,"N",FALSE,0.141180608610865,TRUE
951902,"N",0.297762373200262,"N",FALSE,0.297762373200262,TRUE
960123,"Y",0.559345258840986,"N",TRUE,0.440654741159014,FALSE
975171,"N",0.462374921199099,"N",FALSE,0.462374921199099,TRUE
961560,"N",0.248595053270077,"N",FALSE,0.248595053270077,TRUE
953581,"N",0.10829064481733,"N",FALSE,0.10829064481733,TRUE
977170,"N",0.270656486127106,"N",FALSE,0.270656486127106,TRUE
998430,"N",0.116395141413279,"N",FALSE,0.116395141413279,TRUE
1006437,"N",0.148663651847758,"N",FALSE,0.148663651847758,TRUE
1008077,"N",0.399107901524074,"N",FALSE,0.399107901524074,TRUE
983705,"Y",0.59635194520992,"N",TRUE,0.40364805479008,FALSE
1035238,"N",0.49760157744962,"N",FALSE,0.49760157744962,TRUE
1018190,"N",0.196741056285806,"N",FALSE,0.196741056285806,TRUE
1012332,"N",0.330252318765455,"N",FALSE,0.330252318765455,TRUE
1018809,"N",0.184150494217419,"N",FALSE,0.184150494217419,TRUE
1020762,"N",0.398177565036903,"N",FALSE,0.398177565036903,TRUE
1051284,"N",0.458904503751634,"N",FALSE,0.458904503751634,TRUE
1029616,"N",0.347580025552584,"N",FALSE,0.347580025552584,TRUE
1037981,"N",0.214284796116464,"N",FALSE,0.214284796116464,TRUE
1040933,"N",0.399292207329966,"N",FALSE,0.399292207329966,TRUE
1048709,"N",0.206620574133035,"N",FALSE,0.206620574133035,TRUE
1049308,"N",0.397177826307546,"N",FALSE,0.397177826307546,TRUE
1050106,"Y",0.175302402266752,"N",TRUE,0.824697597733248,FALSE
1094459,"N",0.250075352578763,"N",FALSE,0.250075352578763,TRUE
1080446,"N",0.251785146900841,"N",FALSE,0.251785146900841,TRUE
1111562,"N",0.445887513357855,"N",FALSE,0.445887513357855,TRUE
1097868,"N",0.0885191434188836,"N",FALSE,0.0885191434188836,TRUE
1119128,"N",0.456043775462697,"N",FALSE,0.456043775462697,TRUE
1112127,"N",0.160043898378571,"N",FALSE,0.160043898378571,TRUE
1119779,"N",0.386294144895849,"N",FALSE,0.386294144895849,TRUE
1091057,"N",0.42063993239646,"N",FALSE,0.42063993239646,TRUE
1101122,"N",0.176868975453385,"N",FALSE,0.176868975453385,TRUE
1134443,"Y",0.336799922411784,"N",TRUE,0.663200077588216,FALSE
1136031,"Y",0.0915935068386419,"N",TRUE,0.908406493161358,FALSE
1102683,"N",0.237897556957649,"N",FALSE,0.237897556957649,TRUE
1115496,"N",0.356383144257047,"N",FALSE,0.356383144257047,TRUE
1152436,"N",0.467564611337224,"N",FALSE,0.467564611337224,TRUE
1185355,"N",0.300468323845538,"N",FALSE,0.300468323845538,TRUE
1164996,"N",0.417064995721112,"N",FALSE,0.417064995721112,TRUE
1179941,"N",0.412941563606114,"N",FALSE,0.412941563606114,TRUE
1201465,"N",0.413421022858533,"N",FALSE,0.413421022858533,TRUE
1202233,"N",0.25493221044936,"N",FALSE,0.25493221044936,TRUE
1183299,"N",0.292073698714911,"N",FALSE,0.292073698714911,TRUE
1195237,"N",0.363143676577268,"N",FALSE,0.363143676577268,TRUE
1175303,"N",0.185747522150852,"N",FALSE,0.185747522150852,TRUE
1197415,"N",0.356826211361326,"N",FALSE,0.356826211361326,TRUE
1215160,"N",0.187775479235118,"N",FALSE,0.187775479235118,TRUE
1199786,"N",0.557990621810928,"N",FALSE,0.557990621810928,TRUE
1223915,"N",0.192880701315395,"N",FALSE,0.192880701315395,TRUE
1230458,"N",0.413639794481241,"N",FALSE,0.413639794481241,TRUE
1230616,"N",0.118712332896447,"N",FALSE,0.118712332896447,TRUE
1244032,"N",0.515950433453365,"N",FALSE,0.515950433453365,TRUE
1245144,"N",0.330396186029505,"N",FALSE,0.330396186029505,TRUE
1237170,"N",0.430454934002278,"N",FALSE,0.430454934002278,TRUE
1236937,"N",0.209530194649299,"N",FALSE,0.209530194649299,TRUE
1245872,"Y",0.302425715100074,"N",TRUE,0.697574284899926,FALSE
1247838,"N",0.599086142861484,"N",FALSE,0.599086142861484,TRUE
1240563,"N",0.403242737743211,"N",FALSE,0.403242737743211,TRUE
1246669,"N",0.282905369982186,"N",FALSE,0.282905369982186,TRUE
1241362,"N",0.149009397551699,"N",FALSE,0.149009397551699,TRUE
1234197,"N",0.251989482462162,"N",FALSE,0.251989482462162,TRUE
1242315,"Y",0.44943880767215,"N",TRUE,0.55056119232785,FALSE
1220778,"N",0.276236801572417,"N",FALSE,0.276236801572417,TRUE
1235247,"N",0.193352657967071,"N",FALSE,0.193352657967071,TRUE
1221092,"N",0.210761503831323,"N",FALSE,0.210761503831323,TRUE
1273601,"N",0.176490447879032,"N",FALSE,0.176490447879032,TRUE
1243546,"N",0.195489275567625,"N",FALSE,0.195489275567625,TRUE
1271686,"N",0.387285597250146,"N",FALSE,0.387285597250146,TRUE
1259478,"N",0.254824200438061,"N",FALSE,0.254824200438061,TRUE
1252751,"N",0.154577334988209,"N",FALSE,0.154577334988209,TRUE
1282575,"N",0.229080449356687,"N",FALSE,0.229080449356687,TRUE
1290527,"N",0.255683391545809,"N",FALSE,0.255683391545809,TRUE
1275358,"N",0.612464946798255,"N",FALSE,0.612464946798255,TRUE
1275939,"N",0.144343439968523,"N",FALSE,0.144343439968523,TRUE
1291337,"N",0.401802624000696,"N",FALSE,0.401802624000696,TRUE
1278781,"N",0.0969268784931511,"N",FALSE,0.0969268784931511,TRUE
1270818,"N",0.139654944231305,"N",FALSE,0.139654944231305,TRUE
1269585,"N",0.149154715571433,"N",FALSE,0.149154715571433,TRUE
1279257,"N",0.154103121848258,"N",FALSE,0.154103121848258,TRUE
1310275,"N",0.201502968999782,"N",FALSE,0.201502968999782,TRUE
1296013,"N",0.203806319536278,"N",FALSE,0.203806319536278,TRUE
1333501,"N",0.262141334425896,"N",FALSE,0.262141334425896,TRUE
1327563,"N",0.369762873995281,"N",FALSE,0.369762873995281,TRUE
1336633,"N",0.774220654817024,"N",FALSE,0.774220654817024,TRUE
1330089,"N",0.205841416415699,"N",FALSE,0.205841416415699,TRUE
1358699,"N",0.415500009443013,"N",FALSE,0.415500009443013,TRUE
1337176,"N",0.301669421325723,"N",FALSE,0.301669421325723,TRUE
1337287,"Y",0.270632155515553,"N",TRUE,0.729367844484447,FALSE
1367919,"N",0.615874649963363,"N",FALSE,0.615874649963363,TRUE
1375412,"N",0.310175067507331,"N",FALSE,0.310175067507331,TRUE
1352859,"N",0.382254642991337,"N",FALSE,0.382254642991337,TRUE
1345724,"N",0.155253061818495,"N",FALSE,0.155253061818495,TRUE
1370046,"N",0.107101105208646,"N",FALSE,0.107101105208646,TRUE
1339584,"N",0.152461304253815,"N",FALSE,0.152461304253815,TRUE
1362622,"N",0.347180725105196,"N",FALSE,0.347180725105196,TRUE
1384477,"N",0.112244914459976,"N",FALSE,0.112244914459976,TRUE
1372273,"N",0.398168650495813,"N",FALSE,0.398168650495813,TRUE
1401967,"N",0.122847575952035,"N",FALSE,0.122847575952035,TRUE
1409627,"N",0.0530448859983527,"N",FALSE,0.0530448859983527,TRUE
1410684,"N",0.0788492611377998,"N",FALSE,0.0788492611377998,TRUE
1418174,"N",0.155268859551212,"N",FALSE,0.155268859551212,TRUE
1441647,"N",0.287332504487607,"N",FALSE,0.287332504487607,TRUE
1420196,"N",0.109621554062931,"N",FALSE,0.109621554062931,TRUE
1435223,"N",0.250237913202608,"N",FALSE,0.250237913202608,TRUE
1435437,"N",0.200513267907002,"N",FALSE,0.200513267907002,TRUE
1435572,"N",0.297985640048572,"N",FALSE,0.297985640048572,TRUE
1399692,"N",0.432168882412347,"N",FALSE,0.432168882412347,TRUE
1415319,"N",0.133560943993598,"N",FALSE,0.133560943993598,TRUE
1428727,"N",0.085992212356665,"N",FALSE,0.085992212356665,TRUE
1474631,"N",0.582862053031275,"N",FALSE,0.582862053031275,TRUE
1469197,"N",0.407557310581992,"N",FALSE,0.407557310581992,TRUE
1447480,"N",0.218753498095446,"N",FALSE,0.218753498095446,TRUE
1456428,"N",0.227539791298223,"N",FALSE,0.227539791298223,TRUE
1463784,"N",0.295466721847806,"N",FALSE,0.295466721847806,TRUE
1456056,"N",0.375195120215377,"N",FALSE,0.375195120215377,TRUE
1480369,"Y",0.503314937115408,"N",TRUE,0.496685062884592,FALSE
1493988,"N",0.310155539757111,"N",FALSE,0.310155539757111,TRUE
1494091,"N",0.199855482588269,"N",FALSE,0.199855482588269,TRUE
1494083,"N",0.189516073706299,"N",FALSE,0.189516073706299,TRUE
1487165,"N",0.292702591608743,"N",FALSE,0.292702591608743,TRUE
1494408,"N",0.334389753168811,"N",FALSE,0.334389753168811,TRUE
1487241,"N",0.346052322391103,"N",FALSE,0.346052322391103,TRUE
1489209,"N",0.466910853426987,"N",FALSE,0.466910853426987,TRUE
1460956,"N",0.332288605115476,"N",FALSE,0.332288605115476,TRUE
1466484,"N",0.210918598842671,"N",FALSE,0.210918598842671,TRUE
1489676,"N",0.300376915248548,"N",FALSE,0.300376915248548,TRUE
1497003,"N",0.354188814696706,"N",FALSE,0.354188814696706,TRUE
1492050,"N",0.234672588094904,"N",FALSE,0.234672588094904,TRUE
1506817,"N",0.204845179802982,"N",FALSE,0.204845179802982,TRUE
1517166,"N",0.133522539447602,"N",FALSE,0.133522539447602,TRUE
1530709,"N",0.471795159124568,"N",FALSE,0.471795159124568,TRUE
1536694,"N",0.474448595201483,"N",FALSE,0.474448595201483,TRUE
1523736,"N",0.188429945890697,"N",FALSE,0.188429945890697,TRUE
1509655,"N",0.671320157353568,"N",FALSE,0.671320157353568,TRUE
1560158,"N",0.447024855151727,"N",FALSE,0.447024855151727,TRUE
1561237,"N",0.220557523307682,"N",FALSE,0.220557523307682,TRUE
1561210,"Y",0.460626972340302,"N",TRUE,0.539373027659698,FALSE
1554412,"N",0.503086951328156,"N",FALSE,0.503086951328156,TRUE
1524806,"N",0.131581435440806,"N",FALSE,0.131581435440806,TRUE
1562810,"N",0.223627789444976,"N",FALSE,0.223627789444976,TRUE
1563345,"N",0.0868959401952581,"N",FALSE,0.0868959401952581,TRUE
1557148,"N",0.0392485517678888,"N",FALSE,0.0392485517678888,TRUE
1557655,"N",0.27294852641493,"N",FALSE,0.27294852641493,TRUE
1564542,"N",0.246151272577982,"N",FALSE,0.246151272577982,TRUE
1564563,"N",0.251994151979319,"N",FALSE,0.251994151979319,TRUE
1566056,"N",0.24223999041039,"N",FALSE,0.24223999041039,TRUE
1571715,"N",0.172327349214851,"N",FALSE,0.172327349214851,TRUE
1558787,"N",0.247441023754509,"N",FALSE,0.247441023754509,TRUE
1573181,"N",0.36317472965908,"N",FALSE,0.36317472965908,TRUE
1574250,"N",0.0912326998525127,"N",FALSE,0.0912326998525127,TRUE
1558326,"N",0.244573478214475,"N",FALSE,0.244573478214475,TRUE
1559925,"N",0.304751335017392,"N",FALSE,0.304751335017392,TRUE
1604154,"N",0.0886673556668072,"N",FALSE,0.0886673556668072,TRUE
1604194,"N",0.0872046716769014,"N",FALSE,0.0872046716769014,TRUE
1604541,"N",0.0685081822557895,"N",FALSE,0.0685081822557895,TRUE
1604746,"N",0.0896218037014065,"N",FALSE,0.0896218037014065,TRUE
1604724,"N",0.0688413380565425,"N",FALSE,0.0688413380565425,TRUE
1605673,"N",0.171647281657822,"N",FALSE,0.171647281657822,TRUE
1605722,"N",0.0603949047020309,"N",FALSE,0.0603949047020309,TRUE
1605846,"N",0.0608588135225742,"N",FALSE,0.0608588135225742,TRUE
1598562,"N",0.222974689272407,"N",FALSE,0.222974689272407,TRUE
1605861,"N",0.0887929256810106,"N",FALSE,0.0887929256810106,TRUE
1613035,"N",0.0748799785587738,"N",FALSE,0.0748799785587738,TRUE
1605986,"N",0.0887929256810106,"N",FALSE,0.0887929256810106,TRUE
1606225,"N",0.0611572126870896,"N",FALSE,0.0611572126870896,TRUE
1613530,"N",0.0900790269164203,"N",FALSE,0.0900790269164203,TRUE
1620372,"N",0.109436822857868,"N",FALSE,0.109436822857868,TRUE
1613535,"N",0.285225523337826,"N",FALSE,0.285225523337826,TRUE
1606477,"N",0.0445633863371213,"N",FALSE,0.0445633863371213,TRUE
1592242,"N",0.216561835711116,"N",FALSE,0.216561835711116,TRUE
1613836,"N",0.0900790269164203,"N",FALSE,0.0900790269164203,TRUE
1613880,"N",0.0956182309325781,"N",FALSE,0.0956182309325781,TRUE
1613974,"N",0.0896529875900925,"N",FALSE,0.0896529875900925,TRUE
1621370,"N",0.0569269087674555,"N",FALSE,0.0569269087674555,TRUE
1614006,"N",0.0884289561217256,"N",FALSE,0.0884289561217256,TRUE
1614019,"N",0.110888284899439,"N",FALSE,0.110888284899439,TRUE
1614029,"N",0.0880099661555943,"N",FALSE,0.0880099661555943,TRUE
1621451,"N",0.0881360666275798,"N",FALSE,0.0881360666275798,TRUE
1621130,"N",0.0680886608729155,"N",FALSE,0.0680886608729155,TRUE
1614245,"N",0.057122582461355,"N",FALSE,0.057122582461355,TRUE
1621828,"N",0.0779921296595917,"N",FALSE,0.0779921296595917,TRUE
1615255,"N",0.0685081822557895,"N",FALSE,0.0685081822557895,TRUE
1599750,"N",0.298890677379755,"N",FALSE,0.298890677379755,TRUE
1615334,"N",0.0887440735958454,"N",FALSE,0.0887440735958454,TRUE
1622556,"N",0.0806735962657211,"N",FALSE,0.0806735962657211,TRUE
1578003,"N",0.199116604781443,"N",FALSE,0.199116604781443,TRUE
1586970,"N",0.132714740778126,"N",FALSE,0.132714740778126,TRUE
1581265,"N",0.181492143121471,"N",FALSE,0.181492143121471,TRUE
1622701,"N",0.0733029092478487,"N",FALSE,0.0733029092478487,TRUE
1615840,"N",0.0887440735958454,"N",FALSE,0.0887440735958454,TRUE
1622833,"N",0.0474615755686048,"N",FALSE,0.0474615755686048,TRUE
1623284,"N",0.0382647934386868,"N",FALSE,0.0382647934386868,TRUE
1623285,"N",0.0513982023687445,"N",FALSE,0.0513982023687445,TRUE
1623294,"N",0.0567181872857623,"N",FALSE,0.0567181872857623,TRUE
1616004,"N",0.0888208514343141,"N",FALSE,0.0888208514343141,TRUE
1623337,"N",0.0467985733296206,"N",FALSE,0.0467985733296206,TRUE
1631084,"N",0.0917619798449737,"N",FALSE,0.0917619798449737,TRUE
1623353,"N",0.0432049573685029,"N",FALSE,0.0432049573685029,TRUE
1623362,"N",0.0432049573685029,"N",FALSE,0.0432049573685029,TRUE
1616105,"N",0.0689631093916719,"N",FALSE,0.0689631093916719,TRUE
1616111,"N",0.0897767889846787,"N",FALSE,0.0897767889846787,TRUE
1616151,"N",0.0741737894164495,"N",FALSE,0.0741737894164495,TRUE
1627547,"N",0.0756184224478113,"N",FALSE,0.0756184224478113,TRUE
1631219,"N",0.0917619798449737,"N",FALSE,0.0917619798449737,TRUE
1623532,"N",0.0986553590643549,"N",FALSE,0.0986553590643549,TRUE
1623555,"N",0.0437025277118152,"N",FALSE,0.0437025277118152,TRUE
1623614,"N",0.0659535299653446,"N",FALSE,0.0659535299653446,TRUE
1624088,"N",0.0700851953673492,"N",FALSE,0.0700851953673492,TRUE
1624099,"N",0.0902347245162491,"N",FALSE,0.0902347245162491,TRUE
1601606,"N",0.300594395377595,"N",FALSE,0.300594395377595,TRUE
1625616,"N",0.21511886381299,"N",FALSE,0.21511886381299,TRUE
1631486,"N",0.052498803972891,"N",FALSE,0.052498803972891,TRUE
1624044,"N",0.0898080214806014,"N",FALSE,0.0898080214806014,TRUE
1616541,"N",0.0888208514343141,"N",FALSE,0.0888208514343141,TRUE
1624241,"N",0.0668434872206708,"N",FALSE,0.0668434872206708,TRUE
1624251,"N",0.0697464708391087,"N",FALSE,0.0697464708391087,TRUE
1624379,"N",0.0582292685443295,"N",FALSE,0.0582292685443295,TRUE
1617610,"N",0.0608785408386968,"N",FALSE,0.0608785408386968,TRUE
1624482,"N",0.0700851953673492,"N",FALSE,0.0700851953673492,TRUE
1624474,"N",0.0902347245162491,"N",FALSE,0.0902347245162491,TRUE
1617631,"Y",0.373359332028168,"N",TRUE,0.626640667971832,FALSE
1624527,"N",0.0697464708391087,"N",FALSE,0.0697464708391087,TRUE
1617661,"N",0.0888208514343141,"N",FALSE,0.0888208514343141,TRUE
1631949,"N",0.204806384988834,"N",FALSE,0.204806384988834,TRUE
1618049,"N",0.0686294077158116,"N",FALSE,0.0686294077158116,TRUE
1618784,"N",0.10282284055363,"N",FALSE,0.10282284055363,TRUE
1625545,"N",0.0810088504420157,"N",FALSE,0.0810088504420157,TRUE
1626322,"N",0.0703760292821429,"N",FALSE,0.0703760292821429,TRUE
1626465,"N",0.082876670235659,"N",FALSE,0.082876670235659,TRUE
1626500,"N",0.0906010267807841,"N",FALSE,0.0906010267807841,TRUE
1619740,"N",0.0681915384377886,"N",FALSE,0.0681915384377886,TRUE
1620148,"N",0.0878480717365846,"N",FALSE,0.0878480717365846,TRUE
1632542,"N",0.0798753890344517,"N",FALSE,0.0798753890344517,TRUE
1634244,"N",0.0376508279699486,"N",FALSE,0.0376508279699486,TRUE
1634251,"N",0.0540327935243038,"N",FALSE,0.0540327935243038,TRUE
1655525,"N",0.32364017914049,"N",FALSE,0.32364017914049,TRUE
1664551,"N",0.147237861721859,"N",FALSE,0.147237861721859,TRUE
1612510,"N",0.0893551620110651,"N",FALSE,0.0893551620110651,TRUE
1612389,"N",0.139948941558888,"N",FALSE,0.139948941558888,TRUE
1634714,"Y",0.0980729916174524,"N",TRUE,0.901927008382548,FALSE
1635032,"N",0.063052393204042,"N",FALSE,0.063052393204042,TRUE
1635301,"N",0.0809684264974231,"N",FALSE,0.0809684264974231,TRUE
1649771,"N",0.130551940362168,"N",FALSE,0.130551940362168,TRUE
1651424,"N",0.323677478535644,"N",FALSE,0.323677478535644,TRUE
1657120,"N",0.0950793121116582,"N",FALSE,0.0950793121116582,TRUE
1627768,"N",0.0829488339053027,"N",FALSE,0.0829488339053027,TRUE
1628658,"N",0.121314418201663,"N",FALSE,0.121314418201663,TRUE
1628680,"N",0.0626228987463698,"N",FALSE,0.0626228987463698,TRUE
1628693,"N",0.0835104679670095,"N",FALSE,0.0835104679670095,TRUE
1628761,"N",0.0912880165227758,"N",FALSE,0.0912880165227758,TRUE
1643762,"N",0.0557750560678255,"N",FALSE,0.0557750560678255,TRUE
1650531,"N",0.207212233991284,"N",FALSE,0.207212233991284,TRUE
1650776,"N",0.126456355864352,"N",FALSE,0.126456355864352,TRUE
1651207,"N",0.235941201446292,"N",FALSE,0.235941201446292,TRUE
1665264,"N",0.568545689076457,"N",FALSE,0.568545689076457,TRUE
1635909,"N",0.094222982018981,"N",FALSE,0.094222982018981,TRUE
1629453,"N",0.0806466776641702,"N",FALSE,0.0806466776641702,TRUE
1629468,"N",0.0666116022042093,"N",FALSE,0.0666116022042093,TRUE
1629537,"N",0.0623178228752571,"N",FALSE,0.0623178228752571,TRUE
1636097,"N",0.0566235486919693,"N",FALSE,0.0566235486919693,TRUE
1629683,"N",0.0705791610886328,"N",FALSE,0.0705791610886328,TRUE
1681329,"N",0.0927703914904467,"N",FALSE,0.0927703914904467,TRUE
1667124,"N",0.35815656164454,"N",FALSE,0.35815656164454,TRUE
1652277,"N",0.278506856973005,"N",FALSE,0.278506856973005,TRUE
1681840,"N",0.339544148538218,"N",FALSE,0.339544148538218,TRUE
1674682,"N",0.189598217522049,"N",FALSE,0.189598217522049,TRUE
1638064,"N",0.126676447940958,"N",FALSE,0.126676447940958,TRUE
1638511,"N",0.0457649594896719,"N",FALSE,0.0457649594896719,TRUE
1653499,"N",0.128928938021206,"N",FALSE,0.128928938021206,TRUE
1640304,"N",0.113681904510175,"N",FALSE,0.113681904510175,TRUE
1646211,"N",0.14598398208507,"N",FALSE,0.14598398208507,TRUE
1646492,"N",0.175683151505997,"N",FALSE,0.175683151505997,TRUE
1646751,"N",0.139394192601135,"N",FALSE,0.139394192601135,TRUE
1647084,"N",0.0918629570696711,"N",FALSE,0.0918629570696711,TRUE
1670626,"N",0.272770468427984,"N",FALSE,0.272770468427984,TRUE
1685152,"N",0.111424043951206,"N",FALSE,0.111424043951206,TRUE
1672544,"N",0.305607753110241,"N",FALSE,0.305607753110241,TRUE
1677848,"N",0.208311867181609,"N",FALSE,0.208311867181609,TRUE
1705947,"Y",0.567460519859816,"N",TRUE,0.432539480140184,FALSE
1719401,"N",0.138667369049324,"N",FALSE,0.138667369049324,TRUE
1721322,"N",0.234099423877416,"N",FALSE,0.234099423877416,TRUE
1728667,"N",0.397189715800253,"N",FALSE,0.397189715800253,TRUE
1688050,"N",0.0987567670772294,"N",FALSE,0.0987567670772294,TRUE
1715179,"N",0.402685691701507,"N",FALSE,0.402685691701507,TRUE
1689144,"N",0.0700496753558066,"N",FALSE,0.0700496753558066,TRUE
1744376,"N",0.348952024054114,"N",FALSE,0.348952024054114,TRUE
1721343,"N",0.286620148570412,"N",FALSE,0.286620148570412,TRUE
1721395,"N",0.338534457538271,"N",FALSE,0.338534457538271,TRUE
1729984,"N",0.272144192804222,"N",FALSE,0.272144192804222,TRUE
1715905,"N",0.167375571271471,"N",FALSE,0.167375571271471,TRUE
1717031,"N",0.194178397987888,"N",FALSE,0.194178397987888,TRUE
1746044,"N",0.163555315005469,"N",FALSE,0.163555315005469,TRUE
1697115,"N",0.544193964529523,"N",FALSE,0.544193964529523,TRUE
1697877,"N",0.462684277863608,"N",FALSE,0.462684277863608,TRUE
1747427,"N",0.306922986726634,"N",FALSE,0.306922986726634,TRUE
1748467,"N",0.170185427328017,"N",FALSE,0.170185427328017,TRUE
1725318,"N",0.242268259794793,"N",FALSE,0.242268259794793,TRUE
1740058,"N",0.297030751852142,"N",FALSE,0.297030751852142,TRUE
1756569,"N",0.304829610716252,"N",FALSE,0.304829610716252,TRUE
1757331,"N",0.390829173025449,"N",FALSE,0.390829173025449,TRUE
1740846,"N",0.14111654909988,"N",FALSE,0.14111654909988,TRUE
1772735,"N",0.187468792914977,"N",FALSE,0.187468792914977,TRUE
1786977,"N",0.507020680083296,"N",FALSE,0.507020680083296,TRUE
1787645,"N",0.494674316738111,"N",FALSE,0.494674316738111,TRUE
1753966,"N",0.198609236859042,"N",FALSE,0.198609236859042,TRUE
1804446,"N",0.163124577228142,"N",FALSE,0.163124577228142,TRUE
1798994,"N",0.216752455366733,"N",FALSE,0.216752455366733,TRUE
1759947,"N",0.3097876300085,"N",FALSE,0.3097876300085,TRUE
1762696,"N",0.171343338310115,"N",FALSE,0.171343338310115,TRUE
1765295,"N",0.143212068269192,"N",FALSE,0.143212068269192,TRUE
1764136,"N",0.305360021894148,"N",FALSE,0.305360021894148,TRUE
1791628,"N",0.286288575930117,"N",FALSE,0.286288575930117,TRUE
1786768,"Y",0.338229869906698,"N",TRUE,0.661770130093302,FALSE
1795455,"N",0.203617481791969,"N",FALSE,0.203617481791969,TRUE
1808067,"N",0.119686844105269,"N",FALSE,0.119686844105269,TRUE
1804929,"N",0.159885482113698,"N",FALSE,0.159885482113698,TRUE
1805017,"N",0.305606872692103,"N",FALSE,0.305606872692103,TRUE
1833930,"N",0.212323157892663,"N",FALSE,0.212323157892663,TRUE
1832764,"N",0.212435885489537,"N",FALSE,0.212435885489537,TRUE
1840212,"N",0.206400513598139,"N",FALSE,0.206400513598139,TRUE
1840539,"N",0.166212540654377,"N",FALSE,0.166212540654377,TRUE
1849342,"N",0.0939879743747739,"N",FALSE,0.0939879743747739,TRUE
1812622,"N",0.180913833397323,"N",FALSE,0.180913833397323,TRUE
1835757,"N",0.256208234312369,"N",FALSE,0.256208234312369,TRUE
1851651,"N",0.430964080619305,"N",FALSE,0.430964080619305,TRUE
1822038,"N",0.429577168658122,"N",FALSE,0.429577168658122,TRUE
1830936,"N",0.262791056383238,"N",FALSE,0.262791056383238,TRUE
1830633,"N",0.362751389706201,"N",FALSE,0.362751389706201,TRUE
1846497,"N",0.166444142941401,"N",FALSE,0.166444142941401,TRUE
1845792,"N",0.166575855547661,"N",FALSE,0.166575855547661,TRUE
1875695,"N",0.236612697532357,"N",FALSE,0.236612697532357,TRUE
1855648,"N",0.372419246836311,"N",FALSE,0.372419246836311,TRUE
1870611,"N",0.396664017157967,"N",FALSE,0.396664017157967,TRUE
1872555,"N",0.26687636795447,"N",FALSE,0.26687636795447,TRUE
1883444,"N",0.427788146860735,"N",FALSE,0.427788146860735,TRUE
1841991,"N",0.210065174316166,"N",FALSE,0.210065174316166,TRUE
1896215,"N",0.508063190396844,"N",FALSE,0.508063190396844,TRUE
1885853,"N",0.376750948077349,"N",FALSE,0.376750948077349,TRUE
1902873,"N",0.512945017718048,"N",FALSE,0.512945017718048,TRUE
961997,"N",0.503805361515715,"N",FALSE,0.503805361515715,TRUE
951011,"Y",0.615005286104978,"N",TRUE,0.384994713895022,FALSE
944774,"N",0.329368120471135,"N",FALSE,0.329368120471135,TRUE
983059,"N",0.230659245222,"N",FALSE,0.230659245222,TRUE
955068,"N",0.444252314791962,"N",FALSE,0.444252314791962,TRUE
992571,"N",0.503450279391981,"N",FALSE,0.503450279391981,TRUE
1001087,"N",0.518868096948298,"N",FALSE,0.518868096948298,TRUE
993454,"N",0.250440745254312,"N",FALSE,0.250440745254312,TRUE
974952,"Y",0.22799176972275,"N",TRUE,0.77200823027725,FALSE
1002249,"N",0.349872382136287,"N",FALSE,0.349872382136287,TRUE
987850,"N",0.18200638207168,"N",FALSE,0.18200638207168,TRUE
988409,"N",0.270707749149444,"N",FALSE,0.270707749149444,TRUE
1025878,"N",0.270632958437574,"N",FALSE,0.270632958437574,TRUE
1025910,"N",0.365317458805255,"N",FALSE,0.365317458805255,TRUE
1027946,"N",0.273059814494224,"N",FALSE,0.273059814494224,TRUE
1035000,"N",0.300320705055471,"N",FALSE,0.300320705055471,TRUE
1050535,"N",0.131549544937854,"N",FALSE,0.131549544937854,TRUE
1038005,"N",0.303048666162338,"N",FALSE,0.303048666162338,TRUE
1067244,"N",0.234764154877442,"N",FALSE,0.234764154877442,TRUE
1046471,"N",0.393439617625358,"N",FALSE,0.393439617625358,TRUE
1070283,"N",0.160224896730428,"N",FALSE,0.160224896730428,TRUE
1041565,"N",0.201339018369516,"N",FALSE,0.201339018369516,TRUE
1080298,"N",0.223887252022318,"N",FALSE,0.223887252022318,TRUE
1056967,"N",0.43397813762688,"N",FALSE,0.43397813762688,TRUE
1097158,"N",0.191513304855832,"N",FALSE,0.191513304855832,TRUE
1117720,"N",0.243179926779593,"N",FALSE,0.243179926779593,TRUE
1120698,"N",0.210442249996147,"N",FALSE,0.210442249996147,TRUE
1119478,"N",0.251254585321338,"N",FALSE,0.251254585321338,TRUE
1142146,"N",0.200248583310337,"N",FALSE,0.200248583310337,TRUE
1144321,"N",0.241996439928155,"N",FALSE,0.241996439928155,TRUE
1128321,"N",0.291271403695282,"N",FALSE,0.291271403695282,TRUE
1128341,"N",0.342818631102276,"N",FALSE,0.342818631102276,TRUE
1144723,"N",0.152966387072063,"N",FALSE,0.152966387072063,TRUE
1145007,"N",0.47833433105836,"N",FALSE,0.47833433105836,TRUE
1131887,"Y",0.170492955178237,"N",TRUE,0.829507044821763,FALSE
1138503,"N",0.18089486044482,"N",FALSE,0.18089486044482,TRUE
1139427,"N",0.232076564687293,"N",FALSE,0.232076564687293,TRUE
1170608,"N",0.374256941331697,"N",FALSE,0.374256941331697,TRUE
1178559,"Y",0.399732782171738,"N",TRUE,0.600267217828262,FALSE
1165267,"N",0.203383565037381,"N",FALSE,0.203383565037381,TRUE
1157233,"Y",0.188004938102706,"N",TRUE,0.811995061897294,FALSE
1179897,"N",0.337273140624715,"N",FALSE,0.337273140624715,TRUE
1180208,"N",0.311565652966584,"N",FALSE,0.311565652966584,TRUE
1158512,"Y",0.478464877280072,"N",TRUE,0.521535122719928,FALSE
1166701,"N",0.452249497674604,"N",FALSE,0.452249497674604,TRUE
1202494,"N",0.186705162092949,"N",FALSE,0.186705162092949,TRUE
1202814,"N",0.367547352456513,"N",FALSE,0.367547352456513,TRUE
1181981,"Y",0.365629649598189,"N",TRUE,0.634370350401811,FALSE
1160621,"N",0.308543797906035,"N",FALSE,0.308543797906035,TRUE
1175321,"N",0.292466251174436,"N",FALSE,0.292466251174436,TRUE
1183857,"N",0.461745968962299,"N",FALSE,0.461745968962299,TRUE
1245497,"N",0.232426087120706,"N",FALSE,0.232426087120706,TRUE
1176479,"N",0.584444494207219,"N",FALSE,0.584444494207219,TRUE
1214139,"N",0.349768109323221,"N",FALSE,0.349768109323221,TRUE
1207295,"N",0.413296692672499,"N",FALSE,0.413296692672499,TRUE
1198539,"N",0.155086802400982,"N",FALSE,0.155086802400982,TRUE
1196009,"N",0.184696926733375,"N",FALSE,0.184696926733375,TRUE
1191688,"N",0.143727749598956,"N",FALSE,0.143727749598956,TRUE
1223163,"N",0.140499720539115,"N",FALSE,0.140499720539115,TRUE
1207028,"N",0.0788002131506633,"N",FALSE,0.0788002131506633,TRUE
1245526,"N",0.110754772378822,"N",FALSE,0.110754772378822,TRUE
1230789,"N",0.285409546774863,"N",FALSE,0.285409546774863,TRUE
1209777,"N",0.367456083880108,"N",FALSE,0.367456083880108,TRUE
1218868,"N",0.257903007770429,"N",FALSE,0.257903007770429,TRUE
1219485,"N",0.229111149431789,"N",FALSE,0.229111149431789,TRUE
1233328,"N",0.235103676968861,"N",FALSE,0.235103676968861,TRUE
1240922,"N",0.297560953634509,"N",FALSE,0.297560953634509,TRUE
1256147,"N",0.147830085898109,"N",FALSE,0.147830085898109,TRUE
1228116,"N",0.135501391823786,"N",FALSE,0.135501391823786,TRUE
1242996,"N",0.18489024924734,"N",FALSE,0.18489024924734,TRUE
1242125,"N",0.234835071686151,"N",FALSE,0.234835071686151,TRUE
1245156,"Y",0.0895134977389552,"N",TRUE,0.910486502261045,FALSE
1265467,"N",0.177297021421702,"N",FALSE,0.177297021421702,TRUE
1273013,"N",0.224944715762978,"N",FALSE,0.224944715762978,TRUE
1282008,"Y",0.14415598614638,"N",TRUE,0.85584401385362,FALSE
1292102,"N",0.0963808374348489,"N",FALSE,0.0963808374348489,TRUE
1277952,"N",0.0947713397273247,"N",FALSE,0.0947713397273247,TRUE
1269934,"N",0.228348501195967,"N",FALSE,0.228348501195967,TRUE
1292553,"N",0.383823621194966,"N",FALSE,0.383823621194966,TRUE
1293280,"N",0.221916455341424,"N",FALSE,0.221916455341424,TRUE
1308809,"N",0.302012617632618,"N",FALSE,0.302012617632618,TRUE
1301099,"N",0.164611102125447,"N",FALSE,0.164611102125447,TRUE
1316027,"N",0.242269201596203,"N",FALSE,0.242269201596203,TRUE
1309521,"N",0.525453622162463,"N",FALSE,0.525453622162463,TRUE
1294662,"N",0.101853692674159,"N",FALSE,0.101853692674159,TRUE
1296166,"N",0.095188164319103,"N",FALSE,0.095188164319103,TRUE
1318866,"N",0.485309256626515,"N",FALSE,0.485309256626515,TRUE
1327031,"N",0.286010053977868,"N",FALSE,0.286010053977868,TRUE
1328443,"N",0.219079037014095,"N",FALSE,0.219079037014095,TRUE
1365957,"Y",0.440970956506204,"N",TRUE,0.559029043493796,FALSE
1366010,"N",0.14729479910965,"N",FALSE,0.14729479910965,TRUE
1365623,"N",0.167758053696667,"N",FALSE,0.167758053696667,TRUE
1351019,"N",0.109808834699069,"N",FALSE,0.109808834699069,TRUE
1360332,"N",0.523178192251843,"N",FALSE,0.523178192251843,TRUE
1347568,"N",0.204692289073849,"N",FALSE,0.204692289073849,TRUE
1410445,"N",0.122417204681303,"N",FALSE,0.122417204681303,TRUE
1425343,"N",0.111377976457406,"N",FALSE,0.111377976457406,TRUE
1418822,"N",0.148148386569875,"N",FALSE,0.148148386569875,TRUE
1389644,"N",0.083477131486022,"N",FALSE,0.083477131486022,TRUE
1390468,"N",0.098848879135319,"N",FALSE,0.098848879135319,TRUE
1441434,"N",0.0289801297847982,"N",FALSE,0.0289801297847982,TRUE
1391566,"N",0.25122326146612,"N",FALSE,0.25122326146612,TRUE
1411291,"N",0.0875907462693415,"N",FALSE,0.0875907462693415,TRUE
1406750,"Y",0.304649574659653,"N",TRUE,0.695350425340347,FALSE
1422168,"N",0.158400986956679,"N",FALSE,0.158400986956679,TRUE
1438054,"N",0.099817468156855,"N",FALSE,0.099817468156855,TRUE
1432816,"N",0.152087847978951,"N",FALSE,0.152087847978951,TRUE
1454797,"N",0.0710351548505519,"N",FALSE,0.0710351548505519,TRUE
1462058,"N",0.393161814207765,"N",FALSE,0.393161814207765,TRUE
1483131,"N",0.552729568546434,"N",FALSE,0.552729568546434,TRUE
1463291,"N",0.142848570387251,"N",FALSE,0.142848570387251,TRUE
1449967,"Y",0.447615319639841,"N",TRUE,0.552384680360159,FALSE
1470970,"N",0.653109383032599,"N",FALSE,0.653109383032599,TRUE
1456271,"N",0.403616558515497,"N",FALSE,0.403616558515497,TRUE
1494076,"N",0.200386993168431,"N",FALSE,0.200386993168431,TRUE
1502419,"N",0.286994661483254,"N",FALSE,0.286994661483254,TRUE
1494851,"N",0.177387963401957,"N",FALSE,0.177387963401957,TRUE
1468374,"N",0.245460992020747,"N",FALSE,0.245460992020747,TRUE
1510710,"N",0.299639340494816,"N",FALSE,0.299639340494816,TRUE
1477994,"N",0.414654651590042,"N",FALSE,0.414654651590042,TRUE
1496380,"N",0.28172741684411,"N",FALSE,0.28172741684411,TRUE
1503596,"N",0.363881958802514,"N",FALSE,0.363881958802514,TRUE
1496433,"N",0.281651039545783,"N",FALSE,0.281651039545783,TRUE
1505489,"N",0.411591668972607,"N",FALSE,0.411591668972607,TRUE
1522115,"N",0.305774508728028,"N",FALSE,0.305774508728028,TRUE
1543590,"N",0.148930100611064,"N",FALSE,0.148930100611064,TRUE
1544473,"N",0.449752391827842,"N",FALSE,0.449752391827842,TRUE
1547026,"N",0.139998018350117,"N",FALSE,0.139998018350117,TRUE
1554414,"N",0.344018708415786,"N",FALSE,0.344018708415786,TRUE
1562081,"N",0.166582585934682,"N",FALSE,0.166582585934682,TRUE
1555669,"N",0.316316358340396,"N",FALSE,0.316316358340396,TRUE
1556739,"N",0.529895714081475,"N",FALSE,0.529895714081475,TRUE
1551480,"N",0.156639232202049,"N",FALSE,0.156639232202049,TRUE
1565399,"N",0.168707875964378,"N",FALSE,0.168707875964378,TRUE
1572227,"N",0.548992725819233,"N",FALSE,0.548992725819233,TRUE
1566691,"N",0.283145588485044,"N",FALSE,0.283145588485044,TRUE
1588404,"N",0.504604303089128,"N",FALSE,0.504604303089128,TRUE
1581892,"N",0.300816160909399,"N",FALSE,0.300816160909399,TRUE
1602891,"N",0.62494058178633,"N",FALSE,0.62494058178633,TRUE
1581962,"N",0.153318887651209,"N",FALSE,0.153318887651209,TRUE
1559930,"N",0.332054163298422,"N",FALSE,0.332054163298422,TRUE
1603438,"N",0.363677323632687,"N",FALSE,0.363677323632687,TRUE
1596953,"N",0.23071695053027,"N",FALSE,0.23071695053027,TRUE
1604693,"N",0.0948756394209953,"N",FALSE,0.0948756394209953,TRUE
1568210,"N",0.356890883711548,"N",FALSE,0.356890883711548,TRUE
1604748,"N",0.0954057729286948,"N",FALSE,0.0954057729286948,TRUE
1604763,"N",0.095038761808332,"N",FALSE,0.095038761808332,TRUE
1604783,"N",0.074712182777191,"N",FALSE,0.074712182777191,TRUE
1583142,"N",0.236527407988312,"N",FALSE,0.236527407988312,TRUE
1583207,"N",0.164347274153446,"N",FALSE,0.164347274153446,TRUE
1605828,"N",0.172974649967508,"N",FALSE,0.172974649967508,TRUE
1606024,"N",0.0482576540249377,"N",FALSE,0.0482576540249377,TRUE
1606062,"N",0.124173355449025,"N",FALSE,0.124173355449025,TRUE
1606078,"N",0.0629388423202461,"N",FALSE,0.0629388423202461,TRUE
1606301,"N",0.0963208754155242,"N",FALSE,0.0963208754155242,TRUE
1613523,"N",0.302753107369636,"N",FALSE,0.302753107369636,TRUE
1620698,"N",0.0736287220509618,"N",FALSE,0.0736287220509618,TRUE
1606733,"N",0.0794594412482115,"N",FALSE,0.0794594412482115,TRUE
1620843,"N",0.0868788721413924,"N",FALSE,0.0868788721413924,TRUE
1621376,"N",0.095043108949081,"N",FALSE,0.095043108949081,TRUE
1621397,"N",0.109907676694484,"N",FALSE,0.109907676694484,TRUE
1621424,"N",0.0874665154378199,"N",FALSE,0.0874665154378199,TRUE
1621587,"N",0.0743296775955379,"N",FALSE,0.0743296775955379,TRUE
1621444,"N",0.084653545389471,"N",FALSE,0.084653545389471,TRUE
1621448,"N",0.0795288874373118,"N",FALSE,0.0795288874373118,TRUE
1621496,"N",0.0743950027865083,"N",FALSE,0.0743950027865083,TRUE
1614170,"N",0.0955204132794473,"N",FALSE,0.0955204132794473,TRUE
1614211,"N",0.0906079695277042,"N",FALSE,0.0906079695277042,TRUE
1621574,"N",0.0952064889847749,"N",FALSE,0.0952064889847749,TRUE
1621622,"N",0.0871271038000301,"N",FALSE,0.0871271038000301,TRUE
1607164,"N",0.0858538106399263,"N",FALSE,0.0858538106399263,TRUE
1615221,"N",0.0749160048673257,"N",FALSE,0.0749160048673257,TRUE
1622212,"N",0.0619136054039668,"N",FALSE,0.0619136054039668,TRUE
1622130,"N",0.0872026165719537,"N",FALSE,0.0872026165719537,TRUE
1622384,"N",0.0741021958168179,"N",FALSE,0.0741021958168179,TRUE
1622301,"N",0.0680693920733031,"N",FALSE,0.0680693920733031,TRUE
1622449,"N",0.0968437327033768,"N",FALSE,0.0968437327033768,TRUE
1586554,"N",0.527242642781447,"N",FALSE,0.527242642781447,TRUE
1586875,"N",0.150768362593224,"N",FALSE,0.150768362593224,TRUE
1600933,"N",0.0998522173061704,"N",FALSE,0.0998522173061704,TRUE
1615185,"N",0.0749818036158463,"N",FALSE,0.0749818036158463,TRUE
1579401,"N",0.245908239225139,"N",FALSE,0.245908239225139,TRUE
1624632,"N",0.0577884375713837,"N",FALSE,0.0577884375713837,TRUE
1621371,"N",0.0623523374841844,"N",FALSE,0.0623523374841844,TRUE
1622707,"N",0.0962323784802547,"N",FALSE,0.0962323784802547,TRUE
1615863,"N",0.0624888669716347,"N",FALSE,0.0624888669716347,TRUE
1608957,"N",0.142366422225238,"N",FALSE,0.142366422225238,TRUE
1630985,"N",0.100069290357291,"N",FALSE,0.100069290357291,TRUE
1631001,"N",0.0874695150942694,"N",FALSE,0.0874695150942694,TRUE
1623323,"N",0.0991335976914917,"N",FALSE,0.0991335976914917,TRUE
1623345,"N",0.0564797201375486,"N",FALSE,0.0564797201375486,TRUE
1623354,"N",0.0393867706395432,"N",FALSE,0.0393867706395432,TRUE
1623355,"N",0.0786591492757748,"N",FALSE,0.0786591492757748,TRUE
1623412,"N",0.0990921923314301,"N",FALSE,0.0990921923314301,TRUE
1623417,"N",0.0617728554301974,"N",FALSE,0.0617728554301974,TRUE
1623471,"N",0.0618278820641118,"N",FALSE,0.0618278820641118,TRUE
1623483,"N",0.0397289003155347,"N",FALSE,0.0397289003155347,TRUE
1623484,"N",0.0621307183622449,"N",FALSE,0.0621307183622449,TRUE
1623487,"N",0.0556026660756977,"N",FALSE,0.0556026660756977,TRUE
1623521,"N",0.0622766728073902,"N",FALSE,0.0622766728073902,TRUE
1623556,"N",0.0626372596003266,"N",FALSE,0.0626372596003266,TRUE
1623639,"N",0.062693004784607,"N",FALSE,0.062693004784607,TRUE
1624079,"N",0.098968446646449,"N",FALSE,0.098968446646449,TRUE
1624083,"N",0.0877736312194702,"N",FALSE,0.0877736312194702,TRUE
1616455,"N",0.0975158723515148,"N",FALSE,0.0975158723515148,TRUE
1631418,"N",0.0725684900986705,"N",FALSE,0.0725684900986705,TRUE
1616548,"N",0.0980591603230273,"N",FALSE,0.0980591603230273,TRUE
1616527,"N",0.0632717903892792,"N",FALSE,0.0632717903892792,TRUE
1624414,"N",0.0758238100335812,"N",FALSE,0.0758238100335812,TRUE
1617635,"N",0.0762094558127998,"N",FALSE,0.0762094558127998,TRUE
1617708,"N",0.0957251547547133,"N",FALSE,0.0957251547547133,TRUE
1618048,"N",0.0669066199031585,"N",FALSE,0.0669066199031585,TRUE
1625000,"N",0.0648555007585551,"N",FALSE,0.0648555007585551,TRUE
1625101,"N",0.0659503973591994,"N",FALSE,0.0659503973591994,TRUE
1632926,"N",0.0795495654199013,"N",FALSE,0.0795495654199013,TRUE
1618479,"N",0.32491273606337,"N",FALSE,0.32491273606337,TRUE
1625277,"N",0.0929140282094199,"N",FALSE,0.0929140282094199,TRUE
1625561,"N",0.0386996261296186,"N",FALSE,0.0386996261296186,TRUE
1618844,"N",0.098732707654229,"N",FALSE,0.098732707654229,TRUE
1626345,"N",0.0779628593116111,"N",FALSE,0.0779628593116111,TRUE
1626347,"N",0.10013334339722,"N",FALSE,0.10013334339722,TRUE
1619410,"N",0.0990668281125227,"N",FALSE,0.0990668281125227,TRUE
1619916,"N",0.0761934515092845,"N",FALSE,0.0761934515092845,TRUE
1610053,"N",0.0981065645877804,"N",FALSE,0.0981065645877804,TRUE
1638876,"N",0.149454807643093,"N",FALSE,0.149454807643093,TRUE
1633992,"N",0.17428492598185,"N",FALSE,0.17428492598185,TRUE
1625953,"N",0.116616723461873,"N",FALSE,0.116616723461873,TRUE
1633748,"N",0.226674902869437,"N",FALSE,0.226674902869437,TRUE
1627327,"N",0.0654737064908562,"N",FALSE,0.0654737064908562,TRUE
1640829,"N",0.274089989381071,"N",FALSE,0.274089989381071,TRUE
1662495,"N",0.403606615228811,"N",FALSE,0.403606615228811,TRUE
1640956,"N",0.060367812074242,"N",FALSE,0.060367812074242,TRUE
1634729,"N",0.0591259231148103,"N",FALSE,0.0591259231148103,TRUE
1635339,"N",0.0806858791569108,"N",FALSE,0.0806858791569108,TRUE
1649800,"N",0.137191757881913,"N",FALSE,0.137191757881913,TRUE
1642904,"N",0.145441186089222,"N",FALSE,0.145441186089222,TRUE
1642933,"N",0.0817186541921196,"N",FALSE,0.0817186541921196,TRUE
1643137,"N",0.110352847877814,"N",FALSE,0.110352847877814,TRUE
1642997,"N",0.0767350141923361,"N",FALSE,0.0767350141923361,TRUE
1628584,"N",0.0797025888661914,"N",FALSE,0.0797025888661914,TRUE
1643727,"N",0.287555989352547,"N",FALSE,0.287555989352547,TRUE
1635545,"N",0.0909500811713306,"N",FALSE,0.0909500811713306,TRUE
1644132,"N",0.233048725578953,"N",FALSE,0.233048725578953,TRUE
1635911,"N",0.0954185881842896,"N",FALSE,0.0954185881842896,TRUE
1673322,"N",0.543030929960776,"N",FALSE,0.543030929960776,TRUE
1630055,"N",0.0728016744298906,"N",FALSE,0.0728016744298906,TRUE
1636977,"Y",0.112578986049892,"N",TRUE,0.887421013950108,FALSE
1658992,"N",0.195297855044055,"N",FALSE,0.195297855044055,TRUE
1645066,"N",0.082255912678795,"N",FALSE,0.082255912678795,TRUE
1652569,"N",0.0580011578863328,"N",FALSE,0.0580011578863328,TRUE
1645452,"N",0.0970666237308375,"N",FALSE,0.0970666237308375,TRUE
1654981,"N",0.0982014966959975,"N",FALSE,0.0982014966959975,TRUE
1640401,"N",0.067178225302128,"N",FALSE,0.067178225302128,TRUE
1660442,"N",0.339197986131861,"N",FALSE,0.339197986131861,TRUE
1653254,"N",0.217442538255602,"N",FALSE,0.217442538255602,TRUE
1689133,"N",0.188397476552648,"N",FALSE,0.188397476552648,TRUE
1677189,"N",0.133607137540278,"N",FALSE,0.133607137540278,TRUE
1706430,"N",0.30518545033429,"N",FALSE,0.30518545033429,TRUE
1678521,"Y",0.245731302245546,"N",TRUE,0.754268697754454,FALSE
1693529,"N",0.278453628603511,"N",FALSE,0.278453628603511,TRUE
1679172,"N",0.143971875484632,"N",FALSE,0.143971875484632,TRUE
1695072,"N",0.36676201430306,"N",FALSE,0.36676201430306,TRUE
1729733,"N",0.128046782747219,"N",FALSE,0.128046782747219,TRUE
1695886,"N",0.202079184450766,"N",FALSE,0.202079184450766,TRUE
1689861,"N",0.326653886397468,"N",FALSE,0.326653886397468,TRUE
1736620,"N",0.296636867835792,"N",FALSE,0.296636867835792,TRUE
1745899,"N",0.517706158958169,"N",FALSE,0.517706158958169,TRUE
1729566,"N",0.206123684755911,"N",FALSE,0.206123684755911,TRUE
1746714,"N",0.361282253753996,"N",FALSE,0.361282253753996,TRUE
1725687,"N",0.205231675911628,"N",FALSE,0.205231675911628,TRUE
1711654,"N",0.284404875150919,"N",FALSE,0.284404875150919,TRUE
1740749,"N",0.242070844817455,"N",FALSE,0.242070844817455,TRUE
1710954,"N",0.45400761212494,"N",FALSE,0.45400761212494,TRUE
1742678,"N",0.30524307487568,"N",FALSE,0.30524307487568,TRUE
1755349,"N",0.240289226030118,"N",FALSE,0.240289226030118,TRUE
1720461,"N",0.35207248555218,"N",FALSE,0.35207248555218,TRUE
1741135,"N",0.279485901895503,"N",FALSE,0.279485901895503,TRUE
1740897,"N",0.166194889311035,"N",FALSE,0.166194889311035,TRUE
1749563,"N",0.283941162006366,"N",FALSE,0.283941162006366,TRUE
1749758,"N",0.269288222621647,"N",FALSE,0.269288222621647,TRUE
1749156,"Y",0.157161465744155,"N",TRUE,0.842838534255845,FALSE
1787546,"N",0.406594400814575,"N",FALSE,0.406594400814575,TRUE
1782148,"Y",0.452635350436204,"N",TRUE,0.547364649563796,FALSE
1768982,"N",0.235822511497601,"N",FALSE,0.235822511497601,TRUE
1762337,"N",0.143060437875319,"N",FALSE,0.143060437875319,TRUE
1806470,"N",0.140625000919844,"N",FALSE,0.140625000919844,TRUE
1765095,"N",0.229377910124623,"N",FALSE,0.229377910124623,TRUE
1770358,"N",0.533203206713786,"N",FALSE,0.533203206713786,TRUE
1785433,"N",0.236290217674463,"N",FALSE,0.236290217674463,TRUE
1806083,"N",0.235805684218193,"N",FALSE,0.235805684218193,TRUE
1792668,"N",0.122447597096301,"N",FALSE,0.122447597096301,TRUE
1811570,"N",0.388625166427178,"N",FALSE,0.388625166427178,TRUE
1818043,"N",0.268859930952105,"N",FALSE,0.268859930952105,TRUE
1803551,"N",0.368482975863942,"N",FALSE,0.368482975863942,TRUE
1817595,"N",0.365676388285026,"N",FALSE,0.365676388285026,TRUE
1818288,"N",0.15385500897663,"N",FALSE,0.15385500897663,TRUE
1813217,"N",0.117481838537319,"N",FALSE,0.117481838537319,TRUE
1835483,"N",0.190262296111131,"N",FALSE,0.190262296111131,TRUE
1841485,"Y",0.373034953659277,"N",TRUE,0.626965046340723,FALSE
1841816,"N",0.200389099450853,"N",FALSE,0.200389099450853,TRUE
1828360,"N",0.277227400232402,"N",FALSE,0.277227400232402,TRUE
1842152,"N",0.194741189075672,"N",FALSE,0.194741189075672,TRUE
1867740,"Y",0.438059301160554,"N",TRUE,0.561940698839446,FALSE
1829911,"N",0.309429338390668,"N",FALSE,0.309429338390668,TRUE
1831889,"N",0.0853352858633123,"N",FALSE,0.0853352858633123,TRUE
1845247,"N",0.176129926913861,"N",FALSE,0.176129926913861,TRUE
1847242,"N",0.380265445604307,"N",FALSE,0.380265445604307,TRUE
1846279,"N",0.512269570634171,"N",FALSE,0.512269570634171,TRUE
1868115,"N",0.393763571359231,"N",FALSE,0.393763571359231,TRUE
1857270,"N",0.400544413225075,"N",FALSE,0.400544413225075,TRUE
1862438,"N",0.193805706937966,"N",FALSE,0.193805706937966,TRUE
1897361,"Y",0.29588242634313,"N",TRUE,0.70411757365687,FALSE
1900083,"Y",0.388325859235603,"N",TRUE,0.611674140764397,FALSE
1879715,"N",0.403898536262672,"N",FALSE,0.403898536262672,TRUE
1898995,"N",0.427969233358539,"N",FALSE,0.427969233358539,TRUE
1884259,"N",0.264720376990055,"N",FALSE,0.264720376990055,TRUE
1886624,"N",0.19144727655694,"N",FALSE,0.19144727655694,TRUE
1891467,"N",0.470550956213673,"N",FALSE,0.470550956213673,TRUE
1904942,"N",0.417163496045428,"N",FALSE,0.417163496045428,TRUE
1888568,"N",0.359965822409554,"N",FALSE,0.359965822409554,TRUE
1887833,"N",0.254166172751166,"N",FALSE,0.254166172751166,TRUE
1903347,"N",0.339333333603821,"N",FALSE,0.339333333603821,TRUE
1911555,"N",0.65685830862181,"N",FALSE,0.65685830862181,TRUE
1897380,"N",0.326671725262041,"N",FALSE,0.326671725262041,TRUE
1918620,"Y",0.640891836821047,"N",TRUE,0.359108163178953,FALSE
1875208,"N",0.0958258297984432,"N",FALSE,0.0958258297984432,TRUE
1903818,"N",0.169073369040887,"N",FALSE,0.169073369040887,TRUE
1904420,"N",0.332180805400012,"N",FALSE,0.332180805400012,TRUE
1906955,"N",0.467310916818774,"N",FALSE,0.467310916818774,TRUE
1903944,"N",0.402494866943325,"N",FALSE,0.402494866943325,TRUE
1911939,"N",0.347793461160725,"N",FALSE,0.347793461160725,TRUE
1896522,"N",0.342950930064719,"N",FALSE,0.342950930064719,TRUE
1901221,"N",0.374231525315946,"N",FALSE,0.374231525315946,TRUE
1864644,"N",0.32929021592763,"N",FALSE,0.32929021592763,TRUE
1910073,"N",0.415262179781386,"N",FALSE,0.415262179781386,TRUE
1916090,"N",0.494843716505138,"N",FALSE,0.494843716505138,TRUE
1924564,"Y",0.430265321052905,"N",TRUE,0.569734678947095,FALSE
1906363,"N",0.126790727042627,"N",FALSE,0.126790727042627,TRUE
1909203,"N",0.372574637041955,"N",FALSE,0.372574637041955,TRUE
1923542,"N",0.241246415970119,"N",FALSE,0.241246415970119,TRUE
1904567,"N",0.197200558407489,"N",FALSE,0.197200558407489,TRUE
1913102,"N",0.440283787922556,"N",FALSE,0.440283787922556,TRUE
1917127,"N",0.469869561359502,"N",FALSE,0.469869561359502,TRUE
1963754,"N",0.296600181602048,"N",FALSE,0.296600181602048,TRUE
1908353,"N",0.269277939097602,"N",FALSE,0.269277939097602,TRUE
1901554,"N",0.281138988797328,"N",FALSE,0.281138988797328,TRUE
1964163,"N",0.235933767687385,"N",FALSE,0.235933767687385,TRUE
1850476,"N",0.0710170036826902,"N",FALSE,0.0710170036826902,TRUE
1964788,"N",0.24305754378791,"N",FALSE,0.24305754378791,TRUE
1955414,"Y",0.286113275749148,"N",TRUE,0.713886724250852,FALSE
1923986,"N",0.608124329799744,"N",FALSE,0.608124329799744,TRUE
1892369,"N",0.232781465171634,"N",FALSE,0.232781465171634,TRUE
1913151,"N",0.265141387246906,"N",FALSE,0.265141387246906,TRUE
1916804,"N",0.192833363753429,"N",FALSE,0.192833363753429,TRUE
1923512,"N",0.240220589036484,"N",FALSE,0.240220589036484,TRUE
1909400,"N",0.388125756202566,"N",FALSE,0.388125756202566,TRUE
1932807,"Y",0.711496563735007,"N",TRUE,0.288503436264993,FALSE
1924284,"N",0.437024104160592,"N",FALSE,0.437024104160592,TRUE
1919877,"N",0.3511168719893,"N",FALSE,0.3511168719893,TRUE
1903200,"N",0.503431011988041,"N",FALSE,0.503431011988041,TRUE
1895210,"N",0.522642191090857,"N",FALSE,0.522642191090857,TRUE
1849646,"N",0.102303222720751,"N",FALSE,0.102303222720751,TRUE
1920059,"N",0.164745929089644,"N",FALSE,0.164745929089644,TRUE
1917626,"N",0.510384645202775,"N",FALSE,0.510384645202775,TRUE
1928082,"N",0.407148074533597,"N",FALSE,0.407148074533597,TRUE
1922743,"N",0.276152413535392,"N",FALSE,0.276152413535392,TRUE
1935010,"N",0.202316258826272,"N",FALSE,0.202316258826272,TRUE
1977428,"N",0.238375382753572,"N",FALSE,0.238375382753572,TRUE
1946136,"N",0.552768311288058,"N",FALSE,0.552768311288058,TRUE
1931558,"N",0.321608456629564,"N",FALSE,0.321608456629564,TRUE
1928365,"N",0.20720720002,"N",FALSE,0.20720720002,TRUE
1954046,"Y",0.296769193733276,"N",TRUE,0.703230806266724,FALSE
1931586,"N",0.136805820422453,"N",FALSE,0.136805820422453,TRUE
1893304,"N",0.177594734677789,"N",FALSE,0.177594734677789,TRUE
1932571,"N",0.438960881822539,"N",FALSE,0.438960881822539,TRUE
1924343,"N",0.37814014842223,"N",FALSE,0.37814014842223,TRUE
1949639,"N",0.384716087175369,"N",FALSE,0.384716087175369,TRUE
1927427,"N",0.335535834772058,"N",FALSE,0.335535834772058,TRUE
1938009,"N",0.514984299144335,"N",FALSE,0.514984299144335,TRUE
1935819,"N",0.252890971804624,"N",FALSE,0.252890971804624,TRUE
1921929,"N",0.246844950571732,"N",FALSE,0.246844950571732,TRUE
1940230,"N",0.272647191091536,"N",FALSE,0.272647191091536,TRUE
1948656,"Y",0.362683162794211,"N",TRUE,0.637316837205789,FALSE
1944677,"N",0.532276905798963,"N",FALSE,0.532276905798963,TRUE
1960370,"N",0.262044404264015,"N",FALSE,0.262044404264015,TRUE
1958680,"N",0.408398233547518,"N",FALSE,0.408398233547518,TRUE
1949724,"N",0.411444192043102,"N",FALSE,0.411444192043102,TRUE
1935919,"N",0.149679889602726,"N",FALSE,0.149679889602726,TRUE
1961906,"N",0.275046005101664,"N",FALSE,0.275046005101664,TRUE
1923692,"N",0.169347238386894,"N",FALSE,0.169347238386894,TRUE
1912539,"N",0.208702301858712,"N",FALSE,0.208702301858712,TRUE
2025140,"Y",0.533423356918539,"N",TRUE,0.466576643081461,FALSE
1946697,"N",0.527038562289687,"N",FALSE,0.527038562289687,TRUE
1942784,"N",0.31757822599333,"N",FALSE,0.31757822599333,TRUE
1947476,"N",0.268249729934741,"N",FALSE,0.268249729934741,TRUE
2008379,"Y",0.486304315160437,"N",TRUE,0.513695684839563,FALSE
1965145,"N",0.238830355959705,"N",FALSE,0.238830355959705,TRUE
1956024,"N",0.359504980382364,"N",FALSE,0.359504980382364,TRUE
1964100,"N",0.167676125359691,"N",FALSE,0.167676125359691,TRUE
1952350,"N",0.172006969928927,"N",FALSE,0.172006969928927,TRUE
1964908,"N",0.167676125359691,"N",FALSE,0.167676125359691,TRUE
1963051,"N",0.142052653035022,"N",FALSE,0.142052653035022,TRUE
1965013,"N",0.152505832777172,"N",FALSE,0.152505832777172,TRUE
1978486,"N",0.34927261914366,"N",FALSE,0.34927261914366,TRUE
1966557,"N",0.180645535252085,"N",FALSE,0.180645535252085,TRUE
1970532,"N",0.132325662144158,"N",FALSE,0.132325662144158,TRUE
1955317,"N",0.200409240384273,"N",FALSE,0.200409240384273,TRUE
1973062,"N",0.177466338640991,"N",FALSE,0.177466338640991,TRUE
1980646,"Y",0.337973299035828,"N",TRUE,0.662026700964172,FALSE
1970116,"N",0.335629677111885,"N",FALSE,0.335629677111885,TRUE
1977395,"N",0.355468123111818,"N",FALSE,0.355468123111818,TRUE
1970516,"N",0.334527250131808,"N",FALSE,0.334527250131808,TRUE
1964832,"N",0.120895028574699,"N",FALSE,0.120895028574699,TRUE
1966542,"N",0.310105811499766,"N",FALSE,0.310105811499766,TRUE
1940340,"N",0.364469298762695,"N",FALSE,0.364469298762695,TRUE
1964906,"N",0.0441258087572493,"N",FALSE,0.0441258087572493,TRUE
1970817,"N",0.149209719741928,"N",FALSE,0.149209719741928,TRUE
1966225,"N",0.306936469735871,"N",FALSE,0.306936469735871,TRUE
1976008,"N",0.0869926850824338,"N",FALSE,0.0869926850824338,TRUE
1983385,"N",0.202868094466894,"N",FALSE,0.202868094466894,TRUE
1954556,"N",0.127136943033628,"N",FALSE,0.127136943033628,TRUE
1974481,"N",0.134848632801902,"N",FALSE,0.134848632801902,TRUE
1973144,"N",0.245162093130006,"N",FALSE,0.245162093130006,TRUE
1972512,"N",0.154330092198189,"N",FALSE,0.154330092198189,TRUE
1979723,"N",0.23049920589804,"N",FALSE,0.23049920589804,TRUE
1979911,"N",0.203767301634843,"N",FALSE,0.203767301634843,TRUE
2078429,"Y",0.567112817619263,"N",TRUE,0.432887182380737,FALSE
1973576,"N",0.101752857783588,"N",FALSE,0.101752857783588,TRUE
1998122,"Y",0.586810703669668,"N",TRUE,0.413189296330332,FALSE
1993652,"N",0.244747565697204,"N",FALSE,0.244747565697204,TRUE
1924363,"N",0.203149213657481,"N",FALSE,0.203149213657481,TRUE
1964260,"N",0.134244630065492,"N",FALSE,0.134244630065492,TRUE
1977795,"N",0.196346534092138,"N",FALSE,0.196346534092138,TRUE
1944501,"N",0.431319502651044,"N",FALSE,0.431319502651044,TRUE
1982415,"N",0.260475369212701,"N",FALSE,0.260475369212701,TRUE
1994830,"N",0.526583901239896,"N",FALSE,0.526583901239896,TRUE
1929477,"N",0.262090191376479,"N",FALSE,0.262090191376479,TRUE
1986651,"Y",0.417908952664534,"N",TRUE,0.582091047335466,FALSE
1986260,"N",0.15219885591061,"N",FALSE,0.15219885591061,TRUE
1999938,"N",0.707024419477372,"N",FALSE,0.707024419477372,TRUE
1986812,"N",0.178329634188231,"N",FALSE,0.178329634188231,TRUE
1998744,"N",0.343766964016282,"N",FALSE,0.343766964016282,TRUE
1985479,"N",0.116000075547412,"N",FALSE,0.116000075547412,TRUE
2000690,"N",0.217392562755505,"N",FALSE,0.217392562755505,TRUE
1988760,"N",0.276159731306864,"N",FALSE,0.276159731306864,TRUE
1985669,"N",0.0997108527767323,"N",FALSE,0.0997108527767323,TRUE
1946333,"N",0.429118196336913,"N",FALSE,0.429118196336913,TRUE
1993877,"N",0.274821730989282,"N",FALSE,0.274821730989282,TRUE
1972954,"N",0.257837085371989,"N",FALSE,0.257837085371989,TRUE
1983935,"N",0.176189531525384,"N",FALSE,0.176189531525384,TRUE
1994019,"N",0.132655622912605,"N",FALSE,0.132655622912605,TRUE
1954384,"N",0.380683548903867,"N",FALSE,0.380683548903867,TRUE
2010256,"N",0.417883044715413,"N",FALSE,0.417883044715413,TRUE
1974620,"N",0.113073522138878,"N",FALSE,0.113073522138878,TRUE
2001203,"N",0.427475428532328,"N",FALSE,0.427475428532328,TRUE
1940768,"N",0.112517716425309,"N",FALSE,0.112517716425309,TRUE
2005106,"N",0.190696994753821,"N",FALSE,0.190696994753821,TRUE
2001616,"N",0.290709811090067,"N",FALSE,0.290709811090067,TRUE
2012295,"N",0.511851959856688,"N",FALSE,0.511851959856688,TRUE
1959994,"N",0.242487834530547,"N",FALSE,0.242487834530547,TRUE
1996460,"N",0.448295788199725,"N",FALSE,0.448295788199725,TRUE
2007045,"N",0.766758427330921,"N",FALSE,0.766758427330921,TRUE
1999413,"N",0.273745099697679,"N",FALSE,0.273745099697679,TRUE
2090410,"Y",0.578344333956412,"N",TRUE,0.421655666043588,FALSE
1997722,"N",0.629064410762157,"N",FALSE,0.629064410762157,TRUE
2015242,"N",0.698360584982755,"N",FALSE,0.698360584982755,TRUE
1199643,"N",0.449343186524857,"N",FALSE,0.449343186524857,TRUE
2015878,"Y",0.245797316020685,"N",TRUE,0.754202683979315,FALSE
2000405,"N",0.277384082023778,"N",FALSE,0.277384082023778,TRUE
2002093,"N",0.373244407059821,"N",FALSE,0.373244407059821,TRUE
2005372,"N",0.502884772927651,"N",FALSE,0.502884772927651,TRUE
1985547,"N",0.0883908503266209,"N",FALSE,0.0883908503266209,TRUE
2022357,"N",0.344251103098363,"N",FALSE,0.344251103098363,TRUE
2008472,"N",0.563731974495614,"N",FALSE,0.563731974495614,TRUE
2022079,"N",0.742604600649287,"N",FALSE,0.742604600649287,TRUE
2025196,"N",0.480845534797762,"N",FALSE,0.480845534797762,TRUE
2005026,"N",0.308255734146266,"N",FALSE,0.308255734146266,TRUE
2018892,"N",0.494818928608174,"N",FALSE,0.494818928608174,TRUE
2029931,"N",0.591051985582748,"N",FALSE,0.591051985582748,TRUE
2022289,"N",0.243627232749986,"N",FALSE,0.243627232749986,TRUE
2035556,"Y",0.691717354233597,"N",TRUE,0.308282645766403,FALSE
1986795,"N",0.332100131568938,"N",FALSE,0.332100131568938,TRUE
2015416,"N",0.377376721542134,"N",FALSE,0.377376721542134,TRUE
2008981,"N",0.342291201956094,"N",FALSE,0.342291201956094,TRUE
2031603,"N",0.449580762225418,"N",FALSE,0.449580762225418,TRUE
2016155,"N",0.20266119703269,"N",FALSE,0.20266119703269,TRUE
2018344,"N",0.350665199356088,"N",FALSE,0.350665199356088,TRUE
2075942,"Y",0.537687523385316,"N",TRUE,0.462312476614684,FALSE
2024896,"N",0.585103158320772,"N",FALSE,0.585103158320772,TRUE
2028700,"N",0.571948471700896,"N",FALSE,0.571948471700896,TRUE
2037839,"N",0.449980176154607,"N",FALSE,0.449980176154607,TRUE
2036874,"N",0.487323005650938,"N",FALSE,0.487323005650938,TRUE
1933571,"N",0.318950885707587,"N",FALSE,0.318950885707587,TRUE
2042357,"N",0.525951272820165,"N",FALSE,0.525951272820165,TRUE
2049114,"Y",0.510635261157992,"N",TRUE,0.489364738842008,FALSE
2028736,"N",0.50692693485745,"N",FALSE,0.50692693485745,TRUE
2037151,"N",0.569808363913852,"N",FALSE,0.569808363913852,TRUE
1962289,"N",0.0927939867163432,"N",FALSE,0.0927939867163432,TRUE
2053951,"N",0.624742315546413,"N",FALSE,0.624742315546413,TRUE
1981621,"N",0.259062977008324,"N",FALSE,0.259062977008324,TRUE
2039882,"N",0.583378404013609,"N",FALSE,0.583378404013609,TRUE
2057714,"Y",0.336939561692524,"N",TRUE,0.663060438307476,FALSE
