"ComplaintID","CDisputed.fctr","CDisputed.fctr.MFO...myMFO_classfr.prob","CDisputed.fctr.MFO...myMFO_classfr","CDisputed.fctr.MFO...myMFO_classfr.err","CDisputed.fctr.MFO...myMFO_classfr.err.abs","CDisputed.fctr.MFO...myMFO_classfr.is.acc"
947849,"N",0.262295081967213,"N",FALSE,0.262295081967213,TRUE
957249,"N",0.262295081967213,"N",FALSE,0.262295081967213,TRUE
951527,"N",0.262295081967213,"N",FALSE,0.262295081967213,TRUE
968052,"Y",0.262295081967213,"N",TRUE,0.737704918032787,FALSE
953852,"N",0.262295081967213,"N",FALSE,0.262295081967213,TRUE
969674,"N",0.262295081967213,"N",FALSE,0.262295081967213,TRUE
975049,"N",0.262295081967213,"N",FALSE,0.262295081967213,TRUE
998319,"N",0.262295081967213,"N",FALSE,0.262295081967213,TRUE
971723,"N",0.262295081967213,"N",FALSE,0.262295081967213,TRUE
1001683,"N",0.262295081967213,"N",FALSE,0.262295081967213,TRUE
1008763,"N",0.262295081967213,"N",FALSE,0.262295081967213,TRUE
1009853,"N",0.262295081967213,"N",FALSE,0.262295081967213,TRUE
1011556,"N",0.262295081967213,"N",FALSE,0.262295081967213,TRUE
1018821,"N",0.262295081967213,"N",FALSE,0.262295081967213,TRUE
1044805,"N",0.262295081967213,"N",FALSE,0.262295081967213,TRUE
1044033,"N",0.262295081967213,"N",FALSE,0.262295081967213,TRUE
1055136,"N",0.262295081967213,"N",FALSE,0.262295081967213,TRUE
1055725,"N",0.262295081967213,"N",FALSE,0.262295081967213,TRUE
1041283,"N",0.262295081967213,"N",FALSE,0.262295081967213,TRUE
1050179,"N",0.262295081967213,"N",FALSE,0.262295081967213,TRUE
1055722,"N",0.262295081967213,"N",FALSE,0.262295081967213,TRUE
1050514,"N",0.262295081967213,"N",FALSE,0.262295081967213,TRUE
1073908,"N",0.262295081967213,"N",FALSE,0.262295081967213,TRUE
1081557,"N",0.262295081967213,"N",FALSE,0.262295081967213,TRUE
1124192,"N",0.262295081967213,"N",FALSE,0.262295081967213,TRUE
1119968,"N",0.262295081967213,"N",FALSE,0.262295081967213,TRUE
1098794,"N",0.262295081967213,"N",FALSE,0.262295081967213,TRUE
1092636,"Y",0.262295081967213,"N",TRUE,0.737704918032787,FALSE
1099214,"N",0.262295081967213,"N",FALSE,0.262295081967213,TRUE
1122025,"N",0.262295081967213,"N",FALSE,0.262295081967213,TRUE
1114386,"N",0.262295081967213,"N",FALSE,0.262295081967213,TRUE
1143267,"Y",0.262295081967213,"N",TRUE,0.737704918032787,FALSE
1103989,"N",0.262295081967213,"N",FALSE,0.262295081967213,TRUE
1144408,"N",0.262295081967213,"N",FALSE,0.262295081967213,TRUE
1100726,"N",0.262295081967213,"N",FALSE,0.262295081967213,TRUE
1127866,"N",0.262295081967213,"N",FALSE,0.262295081967213,TRUE
1145737,"N",0.262295081967213,"N",FALSE,0.262295081967213,TRUE
1137635,"N",0.262295081967213,"N",FALSE,0.262295081967213,TRUE
1138530,"N",0.262295081967213,"N",FALSE,0.262295081967213,TRUE
1138937,"N",0.262295081967213,"N",FALSE,0.262295081967213,TRUE
1154285,"N",0.262295081967213,"N",FALSE,0.262295081967213,TRUE
1156646,"N",0.262295081967213,"N",FALSE,0.262295081967213,TRUE
1150403,"N",0.262295081967213,"N",FALSE,0.262295081967213,TRUE
1165644,"N",0.262295081967213,"N",FALSE,0.262295081967213,TRUE
1180759,"N",0.262295081967213,"N",FALSE,0.262295081967213,TRUE
1187750,"N",0.262295081967213,"N",FALSE,0.262295081967213,TRUE
1187981,"N",0.262295081967213,"N",FALSE,0.262295081967213,TRUE
1195643,"N",0.262295081967213,"N",FALSE,0.262295081967213,TRUE
1183093,"N",0.262295081967213,"N",FALSE,0.262295081967213,TRUE
1183819,"N",0.262295081967213,"N",FALSE,0.262295081967213,TRUE
1194119,"N",0.262295081967213,"N",FALSE,0.262295081967213,TRUE
1204649,"N",0.262295081967213,"N",FALSE,0.262295081967213,TRUE
1212781,"N",0.262295081967213,"N",FALSE,0.262295081967213,TRUE
1206626,"N",0.262295081967213,"N",FALSE,0.262295081967213,TRUE
1245095,"Y",0.262295081967213,"N",TRUE,0.737704918032787,FALSE
1209458,"N",0.262295081967213,"N",FALSE,0.262295081967213,TRUE
1232204,"N",0.262295081967213,"N",FALSE,0.262295081967213,TRUE
1211873,"N",0.262295081967213,"N",FALSE,0.262295081967213,TRUE
1219282,"N",0.262295081967213,"N",FALSE,0.262295081967213,TRUE
1262755,"Y",0.262295081967213,"N",TRUE,0.737704918032787,FALSE
1241032,"N",0.262295081967213,"N",FALSE,0.262295081967213,TRUE
1241148,"N",0.262295081967213,"N",FALSE,0.262295081967213,TRUE
1241295,"N",0.262295081967213,"N",FALSE,0.262295081967213,TRUE
1228356,"N",0.262295081967213,"N",FALSE,0.262295081967213,TRUE
1228591,"N",0.262295081967213,"N",FALSE,0.262295081967213,TRUE
1243124,"N",0.262295081967213,"N",FALSE,0.262295081967213,TRUE
1266024,"N",0.262295081967213,"N",FALSE,0.262295081967213,TRUE
1257916,"N",0.262295081967213,"N",FALSE,0.262295081967213,TRUE
1283380,"N",0.262295081967213,"N",FALSE,0.262295081967213,TRUE
1289233,"N",0.262295081967213,"N",FALSE,0.262295081967213,TRUE
1274110,"N",0.262295081967213,"N",FALSE,0.262295081967213,TRUE
1267674,"N",0.262295081967213,"N",FALSE,0.262295081967213,TRUE
1275237,"N",0.262295081967213,"N",FALSE,0.262295081967213,TRUE
1298364,"N",0.262295081967213,"N",FALSE,0.262295081967213,TRUE
1306257,"N",0.262295081967213,"N",FALSE,0.262295081967213,TRUE
1277954,"N",0.262295081967213,"N",FALSE,0.262295081967213,TRUE
1299860,"N",0.262295081967213,"N",FALSE,0.262295081967213,TRUE
1293137,"N",0.262295081967213,"N",FALSE,0.262295081967213,TRUE
1301241,"N",0.262295081967213,"N",FALSE,0.262295081967213,TRUE
1313669,"N",0.262295081967213,"N",FALSE,0.262295081967213,TRUE
1326610,"N",0.262295081967213,"N",FALSE,0.262295081967213,TRUE
1356824,"N",0.262295081967213,"N",FALSE,0.262295081967213,TRUE
1342342,"N",0.262295081967213,"N",FALSE,0.262295081967213,TRUE
1357129,"N",0.262295081967213,"N",FALSE,0.262295081967213,TRUE
1336331,"N",0.262295081967213,"N",FALSE,0.262295081967213,TRUE
1366079,"N",0.262295081967213,"N",FALSE,0.262295081967213,TRUE
1350092,"N",0.262295081967213,"N",FALSE,0.262295081967213,TRUE
1350689,"N",0.262295081967213,"N",FALSE,0.262295081967213,TRUE
1330702,"N",0.262295081967213,"N",FALSE,0.262295081967213,TRUE
1383744,"Y",0.262295081967213,"N",TRUE,0.737704918032787,FALSE
1383532,"N",0.262295081967213,"N",FALSE,0.262295081967213,TRUE
1354711,"N",0.262295081967213,"N",FALSE,0.262295081967213,TRUE
1376553,"N",0.262295081967213,"N",FALSE,0.262295081967213,TRUE
1362650,"N",0.262295081967213,"N",FALSE,0.262295081967213,TRUE
1376730,"N",0.262295081967213,"N",FALSE,0.262295081967213,TRUE
1356101,"N",0.262295081967213,"N",FALSE,0.262295081967213,TRUE
1386582,"N",0.262295081967213,"N",FALSE,0.262295081967213,TRUE
1401522,"N",0.262295081967213,"N",FALSE,0.262295081967213,TRUE
1380681,"N",0.262295081967213,"N",FALSE,0.262295081967213,TRUE
1408499,"N",0.262295081967213,"N",FALSE,0.262295081967213,TRUE
1408573,"N",0.262295081967213,"N",FALSE,0.262295081967213,TRUE
1396321,"Y",0.262295081967213,"N",TRUE,0.737704918032787,FALSE
1409878,"N",0.262295081967213,"N",FALSE,0.262295081967213,TRUE
1410514,"N",0.262295081967213,"N",FALSE,0.262295081967213,TRUE
1418284,"N",0.262295081967213,"N",FALSE,0.262295081967213,TRUE
1417355,"N",0.262295081967213,"N",FALSE,0.262295081967213,TRUE
1390304,"N",0.262295081967213,"N",FALSE,0.262295081967213,TRUE
1412099,"N",0.262295081967213,"N",FALSE,0.262295081967213,TRUE
1405707,"N",0.262295081967213,"N",FALSE,0.262295081967213,TRUE
1408295,"Y",0.262295081967213,"N",TRUE,0.737704918032787,FALSE
1430331,"N",0.262295081967213,"N",FALSE,0.262295081967213,TRUE
1436263,"N",0.262295081967213,"N",FALSE,0.262295081967213,TRUE
1454598,"Y",0.262295081967213,"N",TRUE,0.737704918032787,FALSE
1433399,"N",0.262295081967213,"N",FALSE,0.262295081967213,TRUE
1448171,"N",0.262295081967213,"N",FALSE,0.262295081967213,TRUE
1486288,"N",0.262295081967213,"N",FALSE,0.262295081967213,TRUE
1485324,"N",0.262295081967213,"N",FALSE,0.262295081967213,TRUE
1478538,"N",0.262295081967213,"N",FALSE,0.262295081967213,TRUE
1466720,"N",0.262295081967213,"N",FALSE,0.262295081967213,TRUE
1492961,"N",0.262295081967213,"N",FALSE,0.262295081967213,TRUE
1494142,"N",0.262295081967213,"N",FALSE,0.262295081967213,TRUE
1494565,"Y",0.262295081967213,"N",TRUE,0.737704918032787,FALSE
1503092,"N",0.262295081967213,"N",FALSE,0.262295081967213,TRUE
1491277,"N",0.262295081967213,"N",FALSE,0.262295081967213,TRUE
1490733,"N",0.262295081967213,"N",FALSE,0.262295081967213,TRUE
1491904,"N",0.262295081967213,"N",FALSE,0.262295081967213,TRUE
1499849,"N",0.262295081967213,"N",FALSE,0.262295081967213,TRUE
1529875,"N",0.262295081967213,"N",FALSE,0.262295081967213,TRUE
1536843,"N",0.262295081967213,"N",FALSE,0.262295081967213,TRUE
1561393,"N",0.262295081967213,"N",FALSE,0.262295081967213,TRUE
1547581,"N",0.262295081967213,"N",FALSE,0.262295081967213,TRUE
1555274,"Y",0.262295081967213,"N",TRUE,0.737704918032787,FALSE
1562642,"N",0.262295081967213,"N",FALSE,0.262295081967213,TRUE
1532368,"N",0.262295081967213,"N",FALSE,0.262295081967213,TRUE
1532381,"Y",0.262295081967213,"N",TRUE,0.737704918032787,FALSE
1535058,"N",0.262295081967213,"N",FALSE,0.262295081967213,TRUE
1563956,"N",0.262295081967213,"N",FALSE,0.262295081967213,TRUE
1565461,"N",0.262295081967213,"N",FALSE,0.262295081967213,TRUE
1567932,"N",0.262295081967213,"N",FALSE,0.262295081967213,TRUE
1574328,"N",0.262295081967213,"N",FALSE,0.262295081967213,TRUE
1582929,"N",0.262295081967213,"N",FALSE,0.262295081967213,TRUE
1604719,"N",0.262295081967213,"N",FALSE,0.262295081967213,TRUE
1604848,"N",0.262295081967213,"N",FALSE,0.262295081967213,TRUE
1569745,"N",0.262295081967213,"N",FALSE,0.262295081967213,TRUE
1569890,"N",0.262295081967213,"N",FALSE,0.262295081967213,TRUE
1605572,"N",0.262295081967213,"N",FALSE,0.262295081967213,TRUE
1605672,"N",0.262295081967213,"N",FALSE,0.262295081967213,TRUE
1605830,"N",0.262295081967213,"N",FALSE,0.262295081967213,TRUE
1613021,"N",0.262295081967213,"N",FALSE,0.262295081967213,TRUE
1605883,"N",0.262295081967213,"N",FALSE,0.262295081967213,TRUE
1613059,"N",0.262295081967213,"N",FALSE,0.262295081967213,TRUE
1605935,"N",0.262295081967213,"N",FALSE,0.262295081967213,TRUE
1606141,"N",0.262295081967213,"N",FALSE,0.262295081967213,TRUE
1606273,"N",0.262295081967213,"N",FALSE,0.262295081967213,TRUE
1620381,"N",0.262295081967213,"N",FALSE,0.262295081967213,TRUE
1613617,"N",0.262295081967213,"N",FALSE,0.262295081967213,TRUE
1613759,"N",0.262295081967213,"N",FALSE,0.262295081967213,TRUE
1620841,"N",0.262295081967213,"N",FALSE,0.262295081967213,TRUE
1621342,"N",0.262295081967213,"N",FALSE,0.262295081967213,TRUE
1613971,"N",0.262295081967213,"N",FALSE,0.262295081967213,TRUE
1621396,"N",0.262295081967213,"N",FALSE,0.262295081967213,TRUE
1621398,"N",0.262295081967213,"N",FALSE,0.262295081967213,TRUE
1621413,"N",0.262295081967213,"N",FALSE,0.262295081967213,TRUE
1598374,"N",0.262295081967213,"N",FALSE,0.262295081967213,TRUE
1621468,"N",0.262295081967213,"N",FALSE,0.262295081967213,TRUE
1621488,"N",0.262295081967213,"N",FALSE,0.262295081967213,TRUE
1614271,"N",0.262295081967213,"N",FALSE,0.262295081967213,TRUE
1615217,"N",0.262295081967213,"N",FALSE,0.262295081967213,TRUE
1621767,"N",0.262295081967213,"N",FALSE,0.262295081967213,TRUE
1615177,"N",0.262295081967213,"N",FALSE,0.262295081967213,TRUE
1615251,"N",0.262295081967213,"N",FALSE,0.262295081967213,TRUE
1607900,"N",0.262295081967213,"N",FALSE,0.262295081967213,TRUE
1615299,"N",0.262295081967213,"N",FALSE,0.262295081967213,TRUE
1621970,"N",0.262295081967213,"N",FALSE,0.262295081967213,TRUE
1622078,"N",0.262295081967213,"N",FALSE,0.262295081967213,TRUE
1622272,"N",0.262295081967213,"N",FALSE,0.262295081967213,TRUE
1622615,"N",0.262295081967213,"N",FALSE,0.262295081967213,TRUE
1608144,"N",0.262295081967213,"N",FALSE,0.262295081967213,TRUE
1593463,"N",0.262295081967213,"N",FALSE,0.262295081967213,TRUE
1600639,"N",0.262295081967213,"N",FALSE,0.262295081967213,TRUE
1615613,"N",0.262295081967213,"N",FALSE,0.262295081967213,TRUE
1622662,"N",0.262295081967213,"N",FALSE,0.262295081967213,TRUE
1630827,"N",0.262295081967213,"N",FALSE,0.262295081967213,TRUE
1622699,"N",0.262295081967213,"N",FALSE,0.262295081967213,TRUE
1622710,"N",0.262295081967213,"N",FALSE,0.262295081967213,TRUE
1630910,"N",0.262295081967213,"N",FALSE,0.262295081967213,TRUE
1622807,"N",0.262295081967213,"N",FALSE,0.262295081967213,TRUE
1623313,"N",0.262295081967213,"N",FALSE,0.262295081967213,TRUE
1623331,"N",0.262295081967213,"N",FALSE,0.262295081967213,TRUE
1623366,"N",0.262295081967213,"N",FALSE,0.262295081967213,TRUE
1623161,"N",0.262295081967213,"N",FALSE,0.262295081967213,TRUE
1623481,"N",0.262295081967213,"N",FALSE,0.262295081967213,TRUE
1623462,"N",0.262295081967213,"N",FALSE,0.262295081967213,TRUE
1616233,"N",0.262295081967213,"N",FALSE,0.262295081967213,TRUE
1631249,"N",0.262295081967213,"N",FALSE,0.262295081967213,TRUE
1623535,"N",0.262295081967213,"N",FALSE,0.262295081967213,TRUE
1631275,"N",0.262295081967213,"N",FALSE,0.262295081967213,TRUE
1631319,"N",0.262295081967213,"N",FALSE,0.262295081967213,TRUE
1623652,"N",0.262295081967213,"N",FALSE,0.262295081967213,TRUE
1624093,"N",0.262295081967213,"N",FALSE,0.262295081967213,TRUE
1624103,"N",0.262295081967213,"N",FALSE,0.262295081967213,TRUE
1616497,"N",0.262295081967213,"N",FALSE,0.262295081967213,TRUE
1616573,"N",0.262295081967213,"N",FALSE,0.262295081967213,TRUE
1624209,"N",0.262295081967213,"N",FALSE,0.262295081967213,TRUE
1616639,"N",0.262295081967213,"N",FALSE,0.262295081967213,TRUE
1617486,"N",0.262295081967213,"N",FALSE,0.262295081967213,TRUE
1617507,"N",0.262295081967213,"N",FALSE,0.262295081967213,TRUE
1631668,"N",0.262295081967213,"N",FALSE,0.262295081967213,TRUE
1617595,"N",0.262295081967213,"N",FALSE,0.262295081967213,TRUE
1617603,"N",0.262295081967213,"N",FALSE,0.262295081967213,TRUE
1617617,"N",0.262295081967213,"N",FALSE,0.262295081967213,TRUE
1624480,"N",0.262295081967213,"N",FALSE,0.262295081967213,TRUE
1617315,"N",0.262295081967213,"N",FALSE,0.262295081967213,TRUE
1617767,"N",0.262295081967213,"N",FALSE,0.262295081967213,TRUE
1624704,"N",0.262295081967213,"N",FALSE,0.262295081967213,TRUE
1617948,"N",0.262295081967213,"N",FALSE,0.262295081967213,TRUE
1625039,"N",0.262295081967213,"N",FALSE,0.262295081967213,TRUE
1632182,"N",0.262295081967213,"N",FALSE,0.262295081967213,TRUE
1625533,"N",0.262295081967213,"N",FALSE,0.262295081967213,TRUE
1618783,"N",0.262295081967213,"N",FALSE,0.262295081967213,TRUE
1626266,"N",0.262295081967213,"N",FALSE,0.262295081967213,TRUE
1619647,"N",0.262295081967213,"N",FALSE,0.262295081967213,TRUE
1619722,"N",0.262295081967213,"N",FALSE,0.262295081967213,TRUE
1619741,"N",0.262295081967213,"N",FALSE,0.262295081967213,TRUE
1619742,"N",0.262295081967213,"N",FALSE,0.262295081967213,TRUE
1626539,"N",0.262295081967213,"N",FALSE,0.262295081967213,TRUE
1619894,"N",0.262295081967213,"N",FALSE,0.262295081967213,TRUE
1633284,"N",0.262295081967213,"N",FALSE,0.262295081967213,TRUE
1620239,"N",0.262295081967213,"N",FALSE,0.262295081967213,TRUE
1627316,"N",0.262295081967213,"N",FALSE,0.262295081967213,TRUE
1647851,"N",0.262295081967213,"N",FALSE,0.262295081967213,TRUE
1611552,"N",0.262295081967213,"N",FALSE,0.262295081967213,TRUE
1642774,"N",0.262295081967213,"N",FALSE,0.262295081967213,TRUE
1634134,"N",0.262295081967213,"N",FALSE,0.262295081967213,TRUE
1634139,"N",0.262295081967213,"N",FALSE,0.262295081967213,TRUE
1640914,"N",0.262295081967213,"N",FALSE,0.262295081967213,TRUE
1634151,"N",0.262295081967213,"N",FALSE,0.262295081967213,TRUE
1612215,"N",0.262295081967213,"N",FALSE,0.262295081967213,TRUE
1634334,"N",0.262295081967213,"N",FALSE,0.262295081967213,TRUE
1634357,"N",0.262295081967213,"N",FALSE,0.262295081967213,TRUE
1612903,"N",0.262295081967213,"N",FALSE,0.262295081967213,TRUE
1635282,"N",0.262295081967213,"N",FALSE,0.262295081967213,TRUE
1635351,"N",0.262295081967213,"N",FALSE,0.262295081967213,TRUE
1648545,"N",0.262295081967213,"N",FALSE,0.262295081967213,TRUE
1635419,"N",0.262295081967213,"N",FALSE,0.262295081967213,TRUE
1642075,"N",0.262295081967213,"N",FALSE,0.262295081967213,TRUE
1627789,"N",0.262295081967213,"N",FALSE,0.262295081967213,TRUE
1628647,"N",0.262295081967213,"N",FALSE,0.262295081967213,TRUE
1650324,"N",0.262295081967213,"N",FALSE,0.262295081967213,TRUE
1650490,"N",0.262295081967213,"N",FALSE,0.262295081967213,TRUE
1644904,"N",0.262295081967213,"N",FALSE,0.262295081967213,TRUE
1644959,"N",0.262295081967213,"N",FALSE,0.262295081967213,TRUE
1651199,"N",0.262295081967213,"N",FALSE,0.262295081967213,TRUE
1629594,"N",0.262295081967213,"N",FALSE,0.262295081967213,TRUE
1629595,"N",0.262295081967213,"N",FALSE,0.262295081967213,TRUE
1629616,"N",0.262295081967213,"N",FALSE,0.262295081967213,TRUE
1636369,"N",0.262295081967213,"N",FALSE,0.262295081967213,TRUE
1629933,"N",0.262295081967213,"N",FALSE,0.262295081967213,TRUE
1658373,"N",0.262295081967213,"N",FALSE,0.262295081967213,TRUE
1630068,"Y",0.262295081967213,"N",TRUE,0.737704918032787,FALSE
1667165,"N",0.262295081967213,"N",FALSE,0.262295081967213,TRUE
1637814,"N",0.262295081967213,"N",FALSE,0.262295081967213,TRUE
1673929,"N",0.262295081967213,"N",FALSE,0.262295081967213,TRUE
1652362,"N",0.262295081967213,"N",FALSE,0.262295081967213,TRUE
1640225,"N",0.262295081967213,"N",FALSE,0.262295081967213,TRUE
1653687,"N",0.262295081967213,"N",FALSE,0.262295081967213,TRUE
1640515,"N",0.262295081967213,"N",FALSE,0.262295081967213,TRUE
1654302,"N",0.262295081967213,"N",FALSE,0.262295081967213,TRUE
1654265,"N",0.262295081967213,"N",FALSE,0.262295081967213,TRUE
1662446,"N",0.262295081967213,"N",FALSE,0.262295081967213,TRUE
1691019,"N",0.262295081967213,"N",FALSE,0.262295081967213,TRUE
1706970,"N",0.262295081967213,"N",FALSE,0.262295081967213,TRUE
1713202,"N",0.262295081967213,"N",FALSE,0.262295081967213,TRUE
1693516,"N",0.262295081967213,"N",FALSE,0.262295081967213,TRUE
1679194,"Y",0.262295081967213,"N",TRUE,0.737704918032787,FALSE
1705226,"N",0.262295081967213,"N",FALSE,0.262295081967213,TRUE
1730648,"N",0.262295081967213,"N",FALSE,0.262295081967213,TRUE
1729539,"N",0.262295081967213,"N",FALSE,0.262295081967213,TRUE
1688114,"N",0.262295081967213,"N",FALSE,0.262295081967213,TRUE
1695999,"N",0.262295081967213,"N",FALSE,0.262295081967213,TRUE
1709545,"N",0.262295081967213,"N",FALSE,0.262295081967213,TRUE
1730135,"N",0.262295081967213,"N",FALSE,0.262295081967213,TRUE
1739173,"N",0.262295081967213,"N",FALSE,0.262295081967213,TRUE
1744976,"N",0.262295081967213,"N",FALSE,0.262295081967213,TRUE
1711162,"Y",0.262295081967213,"N",TRUE,0.737704918032787,FALSE
1724708,"N",0.262295081967213,"N",FALSE,0.262295081967213,TRUE
1725973,"N",0.262295081967213,"N",FALSE,0.262295081967213,TRUE
1711951,"N",0.262295081967213,"N",FALSE,0.262295081967213,TRUE
1717332,"N",0.262295081967213,"N",FALSE,0.262295081967213,TRUE
1710761,"N",0.262295081967213,"N",FALSE,0.262295081967213,TRUE
1718367,"N",0.262295081967213,"N",FALSE,0.262295081967213,TRUE
1733983,"N",0.262295081967213,"N",FALSE,0.262295081967213,TRUE
1748849,"N",0.262295081967213,"N",FALSE,0.262295081967213,TRUE
1737514,"N",0.262295081967213,"N",FALSE,0.262295081967213,TRUE
1763843,"N",0.262295081967213,"N",FALSE,0.262295081967213,TRUE
1758066,"N",0.262295081967213,"N",FALSE,0.262295081967213,TRUE
1757939,"N",0.262295081967213,"N",FALSE,0.262295081967213,TRUE
1774058,"Y",0.262295081967213,"N",TRUE,0.737704918032787,FALSE
1751700,"N",0.262295081967213,"N",FALSE,0.262295081967213,TRUE
1796946,"N",0.262295081967213,"N",FALSE,0.262295081967213,TRUE
1804170,"N",0.262295081967213,"N",FALSE,0.262295081967213,TRUE
1760117,"N",0.262295081967213,"N",FALSE,0.262295081967213,TRUE
1760181,"N",0.262295081967213,"N",FALSE,0.262295081967213,TRUE
1761324,"N",0.262295081967213,"N",FALSE,0.262295081967213,TRUE
1761162,"N",0.262295081967213,"N",FALSE,0.262295081967213,TRUE
1760128,"N",0.262295081967213,"N",FALSE,0.262295081967213,TRUE
1754681,"N",0.262295081967213,"N",FALSE,0.262295081967213,TRUE
1776305,"N",0.262295081967213,"N",FALSE,0.262295081967213,TRUE
1807001,"Y",0.262295081967213,"N",TRUE,0.737704918032787,FALSE
1762180,"N",0.262295081967213,"N",FALSE,0.262295081967213,TRUE
1768526,"N",0.262295081967213,"N",FALSE,0.262295081967213,TRUE
1784161,"N",0.262295081967213,"N",FALSE,0.262295081967213,TRUE
1769065,"N",0.262295081967213,"N",FALSE,0.262295081967213,TRUE
1778626,"N",0.262295081967213,"N",FALSE,0.262295081967213,TRUE
1780331,"N",0.262295081967213,"N",FALSE,0.262295081967213,TRUE
1793329,"N",0.262295081967213,"N",FALSE,0.262295081967213,TRUE
1801041,"N",0.262295081967213,"N",FALSE,0.262295081967213,TRUE
1801821,"N",0.262295081967213,"N",FALSE,0.262295081967213,TRUE
1795597,"N",0.262295081967213,"N",FALSE,0.262295081967213,TRUE
1811892,"N",0.262295081967213,"N",FALSE,0.262295081967213,TRUE
1840339,"N",0.262295081967213,"N",FALSE,0.262295081967213,TRUE
1820849,"N",0.262295081967213,"N",FALSE,0.262295081967213,TRUE
1820312,"N",0.262295081967213,"N",FALSE,0.262295081967213,TRUE
1819712,"Y",0.262295081967213,"N",TRUE,0.737704918032787,FALSE
1865546,"N",0.262295081967213,"N",FALSE,0.262295081967213,TRUE
1842985,"N",0.262295081967213,"N",FALSE,0.262295081967213,TRUE
1866034,"N",0.262295081967213,"N",FALSE,0.262295081967213,TRUE
1850663,"N",0.262295081967213,"N",FALSE,0.262295081967213,TRUE
1861239,"N",0.262295081967213,"N",FALSE,0.262295081967213,TRUE
1860749,"N",0.262295081967213,"N",FALSE,0.262295081967213,TRUE
1860955,"N",0.262295081967213,"N",FALSE,0.262295081967213,TRUE
1861565,"N",0.262295081967213,"N",FALSE,0.262295081967213,TRUE
1876690,"N",0.262295081967213,"N",FALSE,0.262295081967213,TRUE
1878940,"N",0.262295081967213,"N",FALSE,0.262295081967213,TRUE
1863677,"N",0.262295081967213,"N",FALSE,0.262295081967213,TRUE
1947092,"Y",0.262295081967213,"N",TRUE,0.737704918032787,FALSE
1885917,"N",0.262295081967213,"N",FALSE,0.262295081967213,TRUE
1877079,"N",0.262295081967213,"N",FALSE,0.262295081967213,TRUE
1891995,"N",0.262295081967213,"N",FALSE,0.262295081967213,TRUE
1824926,"N",0.262295081967213,"N",FALSE,0.262295081967213,TRUE
955928,"Y",0.262295081967213,"N",TRUE,0.737704918032787,FALSE
945721,"N",0.262295081967213,"N",FALSE,0.262295081967213,TRUE
945559,"N",0.262295081967213,"N",FALSE,0.262295081967213,TRUE
945564,"N",0.262295081967213,"N",FALSE,0.262295081967213,TRUE
954851,"N",0.262295081967213,"N",FALSE,0.262295081967213,TRUE
994996,"N",0.262295081967213,"N",FALSE,0.262295081967213,TRUE
986452,"N",0.262295081967213,"N",FALSE,0.262295081967213,TRUE
994660,"N",0.262295081967213,"N",FALSE,0.262295081967213,TRUE
988380,"N",0.262295081967213,"N",FALSE,0.262295081967213,TRUE
1024863,"N",0.262295081967213,"N",FALSE,0.262295081967213,TRUE
1012985,"N",0.262295081967213,"N",FALSE,0.262295081967213,TRUE
1013475,"N",0.262295081967213,"N",FALSE,0.262295081967213,TRUE
989525,"N",0.262295081967213,"N",FALSE,0.262295081967213,TRUE
1037206,"N",0.262295081967213,"N",FALSE,0.262295081967213,TRUE
1052063,"N",0.262295081967213,"N",FALSE,0.262295081967213,TRUE
1044120,"N",0.262295081967213,"N",FALSE,0.262295081967213,TRUE
1060876,"N",0.262295081967213,"N",FALSE,0.262295081967213,TRUE
1069277,"N",0.262295081967213,"N",FALSE,0.262295081967213,TRUE
1069408,"N",0.262295081967213,"N",FALSE,0.262295081967213,TRUE
1047591,"N",0.262295081967213,"N",FALSE,0.262295081967213,TRUE
1055498,"N",0.262295081967213,"N",FALSE,0.262295081967213,TRUE
1079866,"N",0.262295081967213,"N",FALSE,0.262295081967213,TRUE
1086443,"N",0.262295081967213,"N",FALSE,0.262295081967213,TRUE
1087074,"N",0.262295081967213,"N",FALSE,0.262295081967213,TRUE
1087253,"N",0.262295081967213,"N",FALSE,0.262295081967213,TRUE
1081758,"N",0.262295081967213,"N",FALSE,0.262295081967213,TRUE
1095619,"N",0.262295081967213,"N",FALSE,0.262295081967213,TRUE
1097487,"Y",0.262295081967213,"N",TRUE,0.737704918032787,FALSE
1134380,"N",0.262295081967213,"N",FALSE,0.262295081967213,TRUE
1124037,"N",0.262295081967213,"N",FALSE,0.262295081967213,TRUE
1121026,"N",0.262295081967213,"N",FALSE,0.262295081967213,TRUE
1105928,"N",0.262295081967213,"N",FALSE,0.262295081967213,TRUE
1143133,"N",0.262295081967213,"N",FALSE,0.262295081967213,TRUE
1109104,"N",0.262295081967213,"N",FALSE,0.262295081967213,TRUE
1153219,"N",0.262295081967213,"N",FALSE,0.262295081967213,TRUE
1145971,"N",0.262295081967213,"N",FALSE,0.262295081967213,TRUE
1178048,"N",0.262295081967213,"N",FALSE,0.262295081967213,TRUE
1172781,"N",0.262295081967213,"N",FALSE,0.262295081967213,TRUE
1166571,"N",0.262295081967213,"N",FALSE,0.262295081967213,TRUE
1181086,"N",0.262295081967213,"N",FALSE,0.262295081967213,TRUE
1182173,"N",0.262295081967213,"N",FALSE,0.262295081967213,TRUE
1214058,"N",0.262295081967213,"N",FALSE,0.262295081967213,TRUE
1224062,"N",0.262295081967213,"N",FALSE,0.262295081967213,TRUE
1225472,"N",0.262295081967213,"N",FALSE,0.262295081967213,TRUE
1216378,"N",0.262295081967213,"N",FALSE,0.262295081967213,TRUE
1231283,"N",0.262295081967213,"N",FALSE,0.262295081967213,TRUE
1239543,"N",0.262295081967213,"N",FALSE,0.262295081967213,TRUE
1217859,"N",0.262295081967213,"N",FALSE,0.262295081967213,TRUE
1211922,"N",0.262295081967213,"N",FALSE,0.262295081967213,TRUE
1231892,"N",0.262295081967213,"N",FALSE,0.262295081967213,TRUE
1254438,"N",0.262295081967213,"N",FALSE,0.262295081967213,TRUE
1263296,"N",0.262295081967213,"N",FALSE,0.262295081967213,TRUE
1241233,"N",0.262295081967213,"N",FALSE,0.262295081967213,TRUE
1256077,"N",0.262295081967213,"N",FALSE,0.262295081967213,TRUE
1256499,"N",0.262295081967213,"N",FALSE,0.262295081967213,TRUE
1220930,"N",0.262295081967213,"N",FALSE,0.262295081967213,TRUE
1258366,"N",0.262295081967213,"N",FALSE,0.262295081967213,TRUE
1251507,"N",0.262295081967213,"N",FALSE,0.262295081967213,TRUE
1274360,"N",0.262295081967213,"N",FALSE,0.262295081967213,TRUE
1281837,"N",0.262295081967213,"N",FALSE,0.262295081967213,TRUE
1274279,"N",0.262295081967213,"N",FALSE,0.262295081967213,TRUE
1290806,"N",0.262295081967213,"N",FALSE,0.262295081967213,TRUE
1298551,"N",0.262295081967213,"N",FALSE,0.262295081967213,TRUE
1305530,"Y",0.262295081967213,"N",TRUE,0.737704918032787,FALSE
1299168,"N",0.262295081967213,"N",FALSE,0.262295081967213,TRUE
1304109,"N",0.262295081967213,"N",FALSE,0.262295081967213,TRUE
1277405,"N",0.262295081967213,"N",FALSE,0.262295081967213,TRUE
1322619,"Y",0.262295081967213,"N",TRUE,0.737704918032787,FALSE
1323193,"N",0.262295081967213,"N",FALSE,0.262295081967213,TRUE
1310754,"N",0.262295081967213,"N",FALSE,0.262295081967213,TRUE
1324250,"N",0.262295081967213,"N",FALSE,0.262295081967213,TRUE
1311641,"N",0.262295081967213,"N",FALSE,0.262295081967213,TRUE
1319052,"N",0.262295081967213,"N",FALSE,0.262295081967213,TRUE
1311768,"N",0.262295081967213,"N",FALSE,0.262295081967213,TRUE
1326336,"N",0.262295081967213,"N",FALSE,0.262295081967213,TRUE
1318491,"N",0.262295081967213,"N",FALSE,0.262295081967213,TRUE
1385421,"N",0.262295081967213,"N",FALSE,0.262295081967213,TRUE
1336054,"N",0.262295081967213,"N",FALSE,0.262295081967213,TRUE
1337121,"N",0.262295081967213,"N",FALSE,0.262295081967213,TRUE
1368546,"N",0.262295081967213,"N",FALSE,0.262295081967213,TRUE
1377503,"N",0.262295081967213,"N",FALSE,0.262295081967213,TRUE
1376295,"N",0.262295081967213,"N",FALSE,0.262295081967213,TRUE
1346220,"N",0.262295081967213,"N",FALSE,0.262295081967213,TRUE
1369263,"Y",0.262295081967213,"N",TRUE,0.737704918032787,FALSE
1354254,"N",0.262295081967213,"N",FALSE,0.262295081967213,TRUE
1363152,"N",0.262295081967213,"N",FALSE,0.262295081967213,TRUE
1385763,"N",0.262295081967213,"N",FALSE,0.262295081967213,TRUE
1372550,"N",0.262295081967213,"N",FALSE,0.262295081967213,TRUE
1387146,"N",0.262295081967213,"N",FALSE,0.262295081967213,TRUE
1388711,"N",0.262295081967213,"N",FALSE,0.262295081967213,TRUE
1409642,"N",0.262295081967213,"N",FALSE,0.262295081967213,TRUE
1409737,"N",0.262295081967213,"N",FALSE,0.262295081967213,TRUE
1416994,"N",0.262295081967213,"N",FALSE,0.262295081967213,TRUE
1392720,"N",0.262295081967213,"N",FALSE,0.262295081967213,TRUE
1412533,"N",0.262295081967213,"N",FALSE,0.262295081967213,TRUE
1434527,"N",0.262295081967213,"N",FALSE,0.262295081967213,TRUE
1431598,"N",0.262295081967213,"N",FALSE,0.262295081967213,TRUE
1437360,"N",0.262295081967213,"N",FALSE,0.262295081967213,TRUE
1439353,"N",0.262295081967213,"N",FALSE,0.262295081967213,TRUE
1445039,"N",0.262295081967213,"N",FALSE,0.262295081967213,TRUE
1452447,"N",0.262295081967213,"N",FALSE,0.262295081967213,TRUE
1452491,"N",0.262295081967213,"N",FALSE,0.262295081967213,TRUE
1438677,"N",0.262295081967213,"N",FALSE,0.262295081967213,TRUE
1440141,"Y",0.262295081967213,"N",TRUE,0.737704918032787,FALSE
1455024,"N",0.262295081967213,"N",FALSE,0.262295081967213,TRUE
1483437,"N",0.262295081967213,"N",FALSE,0.262295081967213,TRUE
1463668,"N",0.262295081967213,"N",FALSE,0.262295081967213,TRUE
1449996,"N",0.262295081967213,"N",FALSE,0.262295081967213,TRUE
1480312,"N",0.262295081967213,"N",FALSE,0.262295081967213,TRUE
1501714,"Y",0.262295081967213,"N",TRUE,0.737704918032787,FALSE
1488462,"N",0.262295081967213,"N",FALSE,0.262295081967213,TRUE
1489700,"N",0.262295081967213,"N",FALSE,0.262295081967213,TRUE
1504334,"N",0.262295081967213,"N",FALSE,0.262295081967213,TRUE
1512506,"N",0.262295081967213,"N",FALSE,0.262295081967213,TRUE
1505452,"N",0.262295081967213,"N",FALSE,0.262295081967213,TRUE
1506348,"N",0.262295081967213,"N",FALSE,0.262295081967213,TRUE
1513946,"N",0.262295081967213,"N",FALSE,0.262295081967213,TRUE
1522659,"N",0.262295081967213,"N",FALSE,0.262295081967213,TRUE
1545544,"N",0.262295081967213,"N",FALSE,0.262295081967213,TRUE
1539358,"N",0.262295081967213,"N",FALSE,0.262295081967213,TRUE
1509973,"N",0.262295081967213,"N",FALSE,0.262295081967213,TRUE
1546686,"N",0.262295081967213,"N",FALSE,0.262295081967213,TRUE
1547454,"N",0.262295081967213,"N",FALSE,0.262295081967213,TRUE
1540390,"N",0.262295081967213,"N",FALSE,0.262295081967213,TRUE
1546109,"N",0.262295081967213,"N",FALSE,0.262295081967213,TRUE
1532386,"N",0.262295081967213,"N",FALSE,0.262295081967213,TRUE
1548067,"N",0.262295081967213,"N",FALSE,0.262295081967213,TRUE
1529398,"N",0.262295081967213,"N",FALSE,0.262295081967213,TRUE
1552047,"N",0.262295081967213,"N",FALSE,0.262295081967213,TRUE
1566609,"N",0.262295081967213,"N",FALSE,0.262295081967213,TRUE
1604954,"N",0.262295081967213,"N",FALSE,0.262295081967213,TRUE
1603576,"N",0.262295081967213,"N",FALSE,0.262295081967213,TRUE
1603288,"N",0.262295081967213,"N",FALSE,0.262295081967213,TRUE
1604101,"N",0.262295081967213,"N",FALSE,0.262295081967213,TRUE
1569858,"N",0.262295081967213,"N",FALSE,0.262295081967213,TRUE
1605577,"N",0.262295081967213,"N",FALSE,0.262295081967213,TRUE
1605680,"N",0.262295081967213,"N",FALSE,0.262295081967213,TRUE
1605336,"N",0.262295081967213,"N",FALSE,0.262295081967213,TRUE
1605699,"N",0.262295081967213,"N",FALSE,0.262295081967213,TRUE
1605703,"N",0.262295081967213,"N",FALSE,0.262295081967213,TRUE
1605705,"N",0.262295081967213,"N",FALSE,0.262295081967213,TRUE
1605712,"N",0.262295081967213,"N",FALSE,0.262295081967213,TRUE
1605860,"N",0.262295081967213,"N",FALSE,0.262295081967213,TRUE
1606128,"N",0.262295081967213,"N",FALSE,0.262295081967213,TRUE
1622121,"N",0.262295081967213,"N",FALSE,0.262295081967213,TRUE
1613377,"N",0.262295081967213,"N",FALSE,0.262295081967213,TRUE
1606272,"N",0.262295081967213,"N",FALSE,0.262295081967213,TRUE
1630073,"N",0.262295081967213,"N",FALSE,0.262295081967213,TRUE
1613750,"N",0.262295081967213,"N",FALSE,0.262295081967213,TRUE
1613767,"N",0.262295081967213,"N",FALSE,0.262295081967213,TRUE
1620720,"N",0.262295081967213,"N",FALSE,0.262295081967213,TRUE
1613912,"N",0.262295081967213,"N",FALSE,0.262295081967213,TRUE
1606792,"N",0.262295081967213,"N",FALSE,0.262295081967213,TRUE
1621350,"N",0.262295081967213,"N",FALSE,0.262295081967213,TRUE
1621404,"N",0.262295081967213,"N",FALSE,0.262295081967213,TRUE
1614055,"N",0.262295081967213,"N",FALSE,0.262295081967213,TRUE
1621458,"N",0.262295081967213,"N",FALSE,0.262295081967213,TRUE
1621495,"N",0.262295081967213,"N",FALSE,0.262295081967213,TRUE
1592575,"N",0.262295081967213,"N",FALSE,0.262295081967213,TRUE
1612723,"N",0.262295081967213,"N",FALSE,0.262295081967213,TRUE
1621782,"N",0.262295081967213,"N",FALSE,0.262295081967213,TRUE
1615211,"N",0.262295081967213,"N",FALSE,0.262295081967213,TRUE
1607205,"N",0.262295081967213,"N",FALSE,0.262295081967213,TRUE
1621873,"N",0.262295081967213,"N",FALSE,0.262295081967213,TRUE
1615277,"N",0.262295081967213,"N",FALSE,0.262295081967213,TRUE
1621889,"N",0.262295081967213,"N",FALSE,0.262295081967213,TRUE
1615314,"N",0.262295081967213,"N",FALSE,0.262295081967213,TRUE
1622027,"N",0.262295081967213,"N",FALSE,0.262295081967213,TRUE
1607992,"N",0.262295081967213,"N",FALSE,0.262295081967213,TRUE
1622240,"N",0.262295081967213,"N",FALSE,0.262295081967213,TRUE
1622364,"Y",0.262295081967213,"N",TRUE,0.737704918032787,FALSE
1622398,"N",0.262295081967213,"N",FALSE,0.262295081967213,TRUE
1622551,"N",0.262295081967213,"N",FALSE,0.262295081967213,TRUE
1622612,"N",0.262295081967213,"N",FALSE,0.262295081967213,TRUE
1622619,"N",0.262295081967213,"N",FALSE,0.262295081967213,TRUE
1593829,"N",0.262295081967213,"N",FALSE,0.262295081967213,TRUE
1594302,"N",0.262295081967213,"N",FALSE,0.262295081967213,TRUE
1630732,"N",0.262295081967213,"N",FALSE,0.262295081967213,TRUE
1630454,"Y",0.262295081967213,"N",TRUE,0.737704918032787,FALSE
1630833,"N",0.262295081967213,"N",FALSE,0.262295081967213,TRUE
1622753,"N",0.262295081967213,"N",FALSE,0.262295081967213,TRUE
1580168,"N",0.262295081967213,"N",FALSE,0.262295081967213,TRUE
1622841,"N",0.262295081967213,"N",FALSE,0.262295081967213,TRUE
1615948,"N",0.262295081967213,"N",FALSE,0.262295081967213,TRUE
1615914,"N",0.262295081967213,"N",FALSE,0.262295081967213,TRUE
1623250,"N",0.262295081967213,"N",FALSE,0.262295081967213,TRUE
1601197,"N",0.262295081967213,"N",FALSE,0.262295081967213,TRUE
1623265,"Y",0.262295081967213,"N",TRUE,0.737704918032787,FALSE
1623303,"N",0.262295081967213,"N",FALSE,0.262295081967213,TRUE
1616026,"N",0.262295081967213,"N",FALSE,0.262295081967213,TRUE
1623352,"N",0.262295081967213,"N",FALSE,0.262295081967213,TRUE
1623372,"N",0.262295081967213,"N",FALSE,0.262295081967213,TRUE
1623377,"N",0.262295081967213,"N",FALSE,0.262295081967213,TRUE
1616087,"N",0.262295081967213,"N",FALSE,0.262295081967213,TRUE
1623430,"N",0.262295081967213,"N",FALSE,0.262295081967213,TRUE
1623431,"N",0.262295081967213,"N",FALSE,0.262295081967213,TRUE
1623449,"N",0.262295081967213,"N",FALSE,0.262295081967213,TRUE
1623473,"N",0.262295081967213,"N",FALSE,0.262295081967213,TRUE
1623497,"N",0.262295081967213,"N",FALSE,0.262295081967213,TRUE
1623584,"N",0.262295081967213,"N",FALSE,0.262295081967213,TRUE
1623641,"N",0.262295081967213,"N",FALSE,0.262295081967213,TRUE
1624065,"N",0.262295081967213,"N",FALSE,0.262295081967213,TRUE
1616417,"N",0.262295081967213,"N",FALSE,0.262295081967213,TRUE
1624113,"N",0.262295081967213,"N",FALSE,0.262295081967213,TRUE
1609426,"N",0.262295081967213,"N",FALSE,0.262295081967213,TRUE
1624157,"N",0.262295081967213,"N",FALSE,0.262295081967213,TRUE
1616556,"N",0.262295081967213,"N",FALSE,0.262295081967213,TRUE
1631516,"N",0.262295081967213,"N",FALSE,0.262295081967213,TRUE
1616634,"N",0.262295081967213,"N",FALSE,0.262295081967213,TRUE
1630635,"N",0.262295081967213,"N",FALSE,0.262295081967213,TRUE
1624320,"N",0.262295081967213,"N",FALSE,0.262295081967213,TRUE
1617510,"N",0.262295081967213,"N",FALSE,0.262295081967213,TRUE
1631664,"N",0.262295081967213,"N",FALSE,0.262295081967213,TRUE
1617609,"N",0.262295081967213,"N",FALSE,0.262295081967213,TRUE
1617639,"N",0.262295081967213,"N",FALSE,0.262295081967213,TRUE
1617669,"N",0.262295081967213,"N",FALSE,0.262295081967213,TRUE
1624592,"N",0.262295081967213,"N",FALSE,0.262295081967213,TRUE
1631806,"N",0.262295081967213,"N",FALSE,0.262295081967213,TRUE
1631847,"N",0.262295081967213,"N",FALSE,0.262295081967213,TRUE
1624674,"N",0.262295081967213,"N",FALSE,0.262295081967213,TRUE
1624746,"N",0.262295081967213,"N",FALSE,0.262295081967213,TRUE
1618093,"N",0.262295081967213,"N",FALSE,0.262295081967213,TRUE
1618023,"N",0.262295081967213,"N",FALSE,0.262295081967213,TRUE
1624974,"N",0.262295081967213,"N",FALSE,0.262295081967213,TRUE
1625026,"N",0.262295081967213,"N",FALSE,0.262295081967213,TRUE
1625049,"N",0.262295081967213,"N",FALSE,0.262295081967213,TRUE
1623952,"N",0.262295081967213,"N",FALSE,0.262295081967213,TRUE
1625159,"N",0.262295081967213,"N",FALSE,0.262295081967213,TRUE
1625229,"N",0.262295081967213,"N",FALSE,0.262295081967213,TRUE
1633049,"N",0.262295081967213,"N",FALSE,0.262295081967213,TRUE
1617384,"N",0.262295081967213,"N",FALSE,0.262295081967213,TRUE
1618941,"N",0.262295081967213,"N",FALSE,0.262295081967213,TRUE
1610599,"N",0.262295081967213,"N",FALSE,0.262295081967213,TRUE
1619675,"N",0.262295081967213,"N",FALSE,0.262295081967213,TRUE
1619669,"N",0.262295081967213,"N",FALSE,0.262295081967213,TRUE
1626544,"N",0.262295081967213,"N",FALSE,0.262295081967213,TRUE
1619776,"N",0.262295081967213,"N",FALSE,0.262295081967213,TRUE
1626646,"N",0.262295081967213,"N",FALSE,0.262295081967213,TRUE
1633146,"N",0.262295081967213,"N",FALSE,0.262295081967213,TRUE
1633184,"N",0.262295081967213,"N",FALSE,0.262295081967213,TRUE
1633438,"N",0.262295081967213,"N",FALSE,0.262295081967213,TRUE
1633558,"N",0.262295081967213,"N",FALSE,0.262295081967213,TRUE
1633765,"N",0.262295081967213,"N",FALSE,0.262295081967213,TRUE
1627366,"N",0.262295081967213,"N",FALSE,0.262295081967213,TRUE
1611382,"N",0.262295081967213,"N",FALSE,0.262295081967213,TRUE
1627471,"N",0.262295081967213,"N",FALSE,0.262295081967213,TRUE
1625962,"N",0.262295081967213,"N",FALSE,0.262295081967213,TRUE
1612161,"N",0.262295081967213,"N",FALSE,0.262295081967213,TRUE
1634325,"N",0.262295081967213,"N",FALSE,0.262295081967213,TRUE
1642249,"Y",0.262295081967213,"N",TRUE,0.737704918032787,FALSE
1642875,"N",0.262295081967213,"N",FALSE,0.262295081967213,TRUE
1642990,"N",0.262295081967213,"N",FALSE,0.262295081967213,TRUE
1643118,"N",0.262295081967213,"N",FALSE,0.262295081967213,TRUE
1628711,"N",0.262295081967213,"N",FALSE,0.262295081967213,TRUE
1650496,"N",0.262295081967213,"N",FALSE,0.262295081967213,TRUE
1629014,"N",0.262295081967213,"N",FALSE,0.262295081967213,TRUE
1650603,"N",0.262295081967213,"N",FALSE,0.262295081967213,TRUE
1635444,"N",0.262295081967213,"N",FALSE,0.262295081967213,TRUE
1629110,"N",0.262295081967213,"N",FALSE,0.262295081967213,TRUE
1629147,"N",0.262295081967213,"N",FALSE,0.262295081967213,TRUE
1635691,"N",0.262295081967213,"N",FALSE,0.262295081967213,TRUE
1644862,"N",0.262295081967213,"N",FALSE,0.262295081967213,TRUE
1652800,"N",0.262295081967213,"N",FALSE,0.262295081967213,TRUE
1630114,"N",0.262295081967213,"N",FALSE,0.262295081967213,TRUE
1644977,"N",0.262295081967213,"N",FALSE,0.262295081967213,TRUE
1636031,"N",0.262295081967213,"N",FALSE,0.262295081967213,TRUE
1680026,"N",0.262295081967213,"N",FALSE,0.262295081967213,TRUE
1636513,"N",0.262295081967213,"N",FALSE,0.262295081967213,TRUE
1666078,"N",0.262295081967213,"N",FALSE,0.262295081967213,TRUE
1630010,"N",0.262295081967213,"N",FALSE,0.262295081967213,TRUE
1681748,"N",0.262295081967213,"N",FALSE,0.262295081967213,TRUE
1674756,"N",0.262295081967213,"N",FALSE,0.262295081967213,TRUE
1640240,"N",0.262295081967213,"N",FALSE,0.262295081967213,TRUE
1640327,"N",0.262295081967213,"N",FALSE,0.262295081967213,TRUE
1661265,"N",0.262295081967213,"N",FALSE,0.262295081967213,TRUE
1689922,"N",0.262295081967213,"N",FALSE,0.262295081967213,TRUE
1669585,"N",0.262295081967213,"N",FALSE,0.262295081967213,TRUE
1677114,"N",0.262295081967213,"N",FALSE,0.262295081967213,TRUE
1677191,"N",0.262295081967213,"N",FALSE,0.262295081967213,TRUE
1677279,"N",0.262295081967213,"N",FALSE,0.262295081967213,TRUE
1670232,"N",0.262295081967213,"N",FALSE,0.262295081967213,TRUE
1678230,"N",0.262295081967213,"N",FALSE,0.262295081967213,TRUE
1714154,"N",0.262295081967213,"N",FALSE,0.262295081967213,TRUE
1715468,"N",0.262295081967213,"N",FALSE,0.262295081967213,TRUE
1689268,"N",0.262295081967213,"N",FALSE,0.262295081967213,TRUE
1709427,"N",0.262295081967213,"N",FALSE,0.262295081967213,TRUE
1721523,"N",0.262295081967213,"N",FALSE,0.262295081967213,TRUE
1739028,"N",0.262295081967213,"N",FALSE,0.262295081967213,TRUE
1724341,"N",0.262295081967213,"N",FALSE,0.262295081967213,TRUE
1710936,"N",0.262295081967213,"N",FALSE,0.262295081967213,TRUE
1740575,"N",0.262295081967213,"N",FALSE,0.262295081967213,TRUE
1727348,"N",0.262295081967213,"N",FALSE,0.262295081967213,TRUE
1718314,"N",0.262295081967213,"N",FALSE,0.262295081967213,TRUE
1753498,"N",0.262295081967213,"N",FALSE,0.262295081967213,TRUE
1755552,"N",0.262295081967213,"N",FALSE,0.262295081967213,TRUE
1741501,"N",0.262295081967213,"N",FALSE,0.262295081967213,TRUE
1764909,"N",0.262295081967213,"N",FALSE,0.262295081967213,TRUE
1758680,"N",0.262295081967213,"N",FALSE,0.262295081967213,TRUE
1764330,"N",0.262295081967213,"N",FALSE,0.262295081967213,TRUE
1765923,"N",0.262295081967213,"N",FALSE,0.262295081967213,TRUE
1765893,"N",0.262295081967213,"N",FALSE,0.262295081967213,TRUE
1760219,"N",0.262295081967213,"N",FALSE,0.262295081967213,TRUE
1753850,"N",0.262295081967213,"N",FALSE,0.262295081967213,TRUE
1775121,"N",0.262295081967213,"N",FALSE,0.262295081967213,TRUE
1798933,"N",0.262295081967213,"N",FALSE,0.262295081967213,TRUE
1762449,"N",0.262295081967213,"N",FALSE,0.262295081967213,TRUE
1761285,"N",0.262295081967213,"N",FALSE,0.262295081967213,TRUE
1791154,"N",0.262295081967213,"N",FALSE,0.262295081967213,TRUE
1794279,"N",0.262295081967213,"N",FALSE,0.262295081967213,TRUE
1793176,"N",0.262295081967213,"N",FALSE,0.262295081967213,TRUE
1814934,"N",0.262295081967213,"N",FALSE,0.262295081967213,TRUE
1824850,"N",0.262295081967213,"N",FALSE,0.262295081967213,TRUE
1809268,"Y",0.262295081967213,"N",TRUE,0.737704918032787,FALSE
1795591,"N",0.262295081967213,"N",FALSE,0.262295081967213,TRUE
1794776,"N",0.262295081967213,"N",FALSE,0.262295081967213,TRUE
1824891,"N",0.262295081967213,"N",FALSE,0.262295081967213,TRUE
1845538,"N",0.262295081967213,"N",FALSE,0.262295081967213,TRUE
1833756,"N",0.262295081967213,"N",FALSE,0.262295081967213,TRUE
1839962,"N",0.262295081967213,"N",FALSE,0.262295081967213,TRUE
1817510,"N",0.262295081967213,"N",FALSE,0.262295081967213,TRUE
1825749,"N",0.262295081967213,"N",FALSE,0.262295081967213,TRUE
1839049,"N",0.262295081967213,"N",FALSE,0.262295081967213,TRUE
1820166,"N",0.262295081967213,"N",FALSE,0.262295081967213,TRUE
1812027,"N",0.262295081967213,"N",FALSE,0.262295081967213,TRUE
1847435,"N",0.262295081967213,"N",FALSE,0.262295081967213,TRUE
1812758,"N",0.262295081967213,"N",FALSE,0.262295081967213,TRUE
1825533,"N",0.262295081967213,"N",FALSE,0.262295081967213,TRUE
1841078,"N",0.262295081967213,"N",FALSE,0.262295081967213,TRUE
1845191,"N",0.262295081967213,"N",FALSE,0.262295081967213,TRUE
1851080,"N",0.262295081967213,"N",FALSE,0.262295081967213,TRUE
1838125,"N",0.262295081967213,"N",FALSE,0.262295081967213,TRUE
1865631,"N",0.262295081967213,"N",FALSE,0.262295081967213,TRUE
1836934,"N",0.262295081967213,"N",FALSE,0.262295081967213,TRUE
1822374,"N",0.262295081967213,"N",FALSE,0.262295081967213,TRUE
1845437,"Y",0.262295081967213,"N",TRUE,0.737704918032787,FALSE
1845897,"N",0.262295081967213,"N",FALSE,0.262295081967213,TRUE
1874100,"N",0.262295081967213,"N",FALSE,0.262295081967213,TRUE
1868179,"N",0.262295081967213,"N",FALSE,0.262295081967213,TRUE
1869321,"Y",0.262295081967213,"N",TRUE,0.737704918032787,FALSE
1880106,"N",0.262295081967213,"N",FALSE,0.262295081967213,TRUE
1874839,"N",0.262295081967213,"N",FALSE,0.262295081967213,TRUE
1876620,"N",0.262295081967213,"N",FALSE,0.262295081967213,TRUE
1875125,"N",0.262295081967213,"N",FALSE,0.262295081967213,TRUE
946650,"N",0.262295081967213,"N",FALSE,0.262295081967213,TRUE
950368,"N",0.262295081967213,"N",FALSE,0.262295081967213,TRUE
953708,"N",0.262295081967213,"N",FALSE,0.262295081967213,TRUE
951902,"N",0.262295081967213,"N",FALSE,0.262295081967213,TRUE
960123,"Y",0.262295081967213,"N",TRUE,0.737704918032787,FALSE
975171,"N",0.262295081967213,"N",FALSE,0.262295081967213,TRUE
961560,"N",0.262295081967213,"N",FALSE,0.262295081967213,TRUE
953581,"N",0.262295081967213,"N",FALSE,0.262295081967213,TRUE
977170,"N",0.262295081967213,"N",FALSE,0.262295081967213,TRUE
998430,"N",0.262295081967213,"N",FALSE,0.262295081967213,TRUE
1006437,"N",0.262295081967213,"N",FALSE,0.262295081967213,TRUE
1008077,"N",0.262295081967213,"N",FALSE,0.262295081967213,TRUE
983705,"Y",0.262295081967213,"N",TRUE,0.737704918032787,FALSE
1035238,"N",0.262295081967213,"N",FALSE,0.262295081967213,TRUE
1018190,"N",0.262295081967213,"N",FALSE,0.262295081967213,TRUE
1012332,"N",0.262295081967213,"N",FALSE,0.262295081967213,TRUE
1018809,"N",0.262295081967213,"N",FALSE,0.262295081967213,TRUE
1020762,"N",0.262295081967213,"N",FALSE,0.262295081967213,TRUE
1051284,"N",0.262295081967213,"N",FALSE,0.262295081967213,TRUE
1029616,"N",0.262295081967213,"N",FALSE,0.262295081967213,TRUE
1037981,"N",0.262295081967213,"N",FALSE,0.262295081967213,TRUE
1040933,"N",0.262295081967213,"N",FALSE,0.262295081967213,TRUE
1048709,"N",0.262295081967213,"N",FALSE,0.262295081967213,TRUE
1049308,"N",0.262295081967213,"N",FALSE,0.262295081967213,TRUE
1050106,"Y",0.262295081967213,"N",TRUE,0.737704918032787,FALSE
1094459,"N",0.262295081967213,"N",FALSE,0.262295081967213,TRUE
1080446,"N",0.262295081967213,"N",FALSE,0.262295081967213,TRUE
1111562,"N",0.262295081967213,"N",FALSE,0.262295081967213,TRUE
1097868,"N",0.262295081967213,"N",FALSE,0.262295081967213,TRUE
1119128,"N",0.262295081967213,"N",FALSE,0.262295081967213,TRUE
1112127,"N",0.262295081967213,"N",FALSE,0.262295081967213,TRUE
1119779,"N",0.262295081967213,"N",FALSE,0.262295081967213,TRUE
1091057,"N",0.262295081967213,"N",FALSE,0.262295081967213,TRUE
1101122,"N",0.262295081967213,"N",FALSE,0.262295081967213,TRUE
1134443,"Y",0.262295081967213,"N",TRUE,0.737704918032787,FALSE
1136031,"Y",0.262295081967213,"N",TRUE,0.737704918032787,FALSE
1102683,"N",0.262295081967213,"N",FALSE,0.262295081967213,TRUE
1115496,"N",0.262295081967213,"N",FALSE,0.262295081967213,TRUE
1152436,"N",0.262295081967213,"N",FALSE,0.262295081967213,TRUE
1185355,"N",0.262295081967213,"N",FALSE,0.262295081967213,TRUE
1164996,"N",0.262295081967213,"N",FALSE,0.262295081967213,TRUE
1179941,"N",0.262295081967213,"N",FALSE,0.262295081967213,TRUE
1201465,"N",0.262295081967213,"N",FALSE,0.262295081967213,TRUE
1202233,"N",0.262295081967213,"N",FALSE,0.262295081967213,TRUE
1183299,"N",0.262295081967213,"N",FALSE,0.262295081967213,TRUE
1195237,"N",0.262295081967213,"N",FALSE,0.262295081967213,TRUE
1175303,"N",0.262295081967213,"N",FALSE,0.262295081967213,TRUE
1197415,"N",0.262295081967213,"N",FALSE,0.262295081967213,TRUE
1215160,"N",0.262295081967213,"N",FALSE,0.262295081967213,TRUE
1199786,"N",0.262295081967213,"N",FALSE,0.262295081967213,TRUE
1223915,"N",0.262295081967213,"N",FALSE,0.262295081967213,TRUE
1230458,"N",0.262295081967213,"N",FALSE,0.262295081967213,TRUE
1230616,"N",0.262295081967213,"N",FALSE,0.262295081967213,TRUE
1244032,"N",0.262295081967213,"N",FALSE,0.262295081967213,TRUE
1245144,"N",0.262295081967213,"N",FALSE,0.262295081967213,TRUE
1237170,"N",0.262295081967213,"N",FALSE,0.262295081967213,TRUE
1236937,"N",0.262295081967213,"N",FALSE,0.262295081967213,TRUE
1245872,"Y",0.262295081967213,"N",TRUE,0.737704918032787,FALSE
1247838,"N",0.262295081967213,"N",FALSE,0.262295081967213,TRUE
1240563,"N",0.262295081967213,"N",FALSE,0.262295081967213,TRUE
1246669,"N",0.262295081967213,"N",FALSE,0.262295081967213,TRUE
1241362,"N",0.262295081967213,"N",FALSE,0.262295081967213,TRUE
1234197,"N",0.262295081967213,"N",FALSE,0.262295081967213,TRUE
1242315,"Y",0.262295081967213,"N",TRUE,0.737704918032787,FALSE
1220778,"N",0.262295081967213,"N",FALSE,0.262295081967213,TRUE
1235247,"N",0.262295081967213,"N",FALSE,0.262295081967213,TRUE
1221092,"N",0.262295081967213,"N",FALSE,0.262295081967213,TRUE
1273601,"N",0.262295081967213,"N",FALSE,0.262295081967213,TRUE
1243546,"N",0.262295081967213,"N",FALSE,0.262295081967213,TRUE
1271686,"N",0.262295081967213,"N",FALSE,0.262295081967213,TRUE
1259478,"N",0.262295081967213,"N",FALSE,0.262295081967213,TRUE
1252751,"N",0.262295081967213,"N",FALSE,0.262295081967213,TRUE
1282575,"N",0.262295081967213,"N",FALSE,0.262295081967213,TRUE
1290527,"N",0.262295081967213,"N",FALSE,0.262295081967213,TRUE
1275358,"N",0.262295081967213,"N",FALSE,0.262295081967213,TRUE
1275939,"N",0.262295081967213,"N",FALSE,0.262295081967213,TRUE
1291337,"N",0.262295081967213,"N",FALSE,0.262295081967213,TRUE
1278781,"N",0.262295081967213,"N",FALSE,0.262295081967213,TRUE
1270818,"N",0.262295081967213,"N",FALSE,0.262295081967213,TRUE
1269585,"N",0.262295081967213,"N",FALSE,0.262295081967213,TRUE
1279257,"N",0.262295081967213,"N",FALSE,0.262295081967213,TRUE
1310275,"N",0.262295081967213,"N",FALSE,0.262295081967213,TRUE
1296013,"N",0.262295081967213,"N",FALSE,0.262295081967213,TRUE
1333501,"N",0.262295081967213,"N",FALSE,0.262295081967213,TRUE
1327563,"N",0.262295081967213,"N",FALSE,0.262295081967213,TRUE
1336633,"N",0.262295081967213,"N",FALSE,0.262295081967213,TRUE
1330089,"N",0.262295081967213,"N",FALSE,0.262295081967213,TRUE
1358699,"N",0.262295081967213,"N",FALSE,0.262295081967213,TRUE
1337176,"N",0.262295081967213,"N",FALSE,0.262295081967213,TRUE
1337287,"Y",0.262295081967213,"N",TRUE,0.737704918032787,FALSE
1367919,"N",0.262295081967213,"N",FALSE,0.262295081967213,TRUE
1375412,"N",0.262295081967213,"N",FALSE,0.262295081967213,TRUE
1352859,"N",0.262295081967213,"N",FALSE,0.262295081967213,TRUE
1345724,"N",0.262295081967213,"N",FALSE,0.262295081967213,TRUE
1370046,"N",0.262295081967213,"N",FALSE,0.262295081967213,TRUE
1339584,"N",0.262295081967213,"N",FALSE,0.262295081967213,TRUE
1362622,"N",0.262295081967213,"N",FALSE,0.262295081967213,TRUE
1384477,"N",0.262295081967213,"N",FALSE,0.262295081967213,TRUE
1372273,"N",0.262295081967213,"N",FALSE,0.262295081967213,TRUE
1401967,"N",0.262295081967213,"N",FALSE,0.262295081967213,TRUE
1409627,"N",0.262295081967213,"N",FALSE,0.262295081967213,TRUE
1410684,"N",0.262295081967213,"N",FALSE,0.262295081967213,TRUE
1418174,"N",0.262295081967213,"N",FALSE,0.262295081967213,TRUE
1441647,"N",0.262295081967213,"N",FALSE,0.262295081967213,TRUE
1420196,"N",0.262295081967213,"N",FALSE,0.262295081967213,TRUE
1435223,"N",0.262295081967213,"N",FALSE,0.262295081967213,TRUE
1435437,"N",0.262295081967213,"N",FALSE,0.262295081967213,TRUE
1435572,"N",0.262295081967213,"N",FALSE,0.262295081967213,TRUE
1399692,"N",0.262295081967213,"N",FALSE,0.262295081967213,TRUE
1415319,"N",0.262295081967213,"N",FALSE,0.262295081967213,TRUE
1428727,"N",0.262295081967213,"N",FALSE,0.262295081967213,TRUE
1474631,"N",0.262295081967213,"N",FALSE,0.262295081967213,TRUE
1469197,"N",0.262295081967213,"N",FALSE,0.262295081967213,TRUE
1447480,"N",0.262295081967213,"N",FALSE,0.262295081967213,TRUE
1456428,"N",0.262295081967213,"N",FALSE,0.262295081967213,TRUE
1463784,"N",0.262295081967213,"N",FALSE,0.262295081967213,TRUE
1456056,"N",0.262295081967213,"N",FALSE,0.262295081967213,TRUE
1480369,"Y",0.262295081967213,"N",TRUE,0.737704918032787,FALSE
1493988,"N",0.262295081967213,"N",FALSE,0.262295081967213,TRUE
1494091,"N",0.262295081967213,"N",FALSE,0.262295081967213,TRUE
1494083,"N",0.262295081967213,"N",FALSE,0.262295081967213,TRUE
1487165,"N",0.262295081967213,"N",FALSE,0.262295081967213,TRUE
1494408,"N",0.262295081967213,"N",FALSE,0.262295081967213,TRUE
1487241,"N",0.262295081967213,"N",FALSE,0.262295081967213,TRUE
1489209,"N",0.262295081967213,"N",FALSE,0.262295081967213,TRUE
1460956,"N",0.262295081967213,"N",FALSE,0.262295081967213,TRUE
1466484,"N",0.262295081967213,"N",FALSE,0.262295081967213,TRUE
1489676,"N",0.262295081967213,"N",FALSE,0.262295081967213,TRUE
1497003,"N",0.262295081967213,"N",FALSE,0.262295081967213,TRUE
1492050,"N",0.262295081967213,"N",FALSE,0.262295081967213,TRUE
1506817,"N",0.262295081967213,"N",FALSE,0.262295081967213,TRUE
1517166,"N",0.262295081967213,"N",FALSE,0.262295081967213,TRUE
1530709,"N",0.262295081967213,"N",FALSE,0.262295081967213,TRUE
1536694,"N",0.262295081967213,"N",FALSE,0.262295081967213,TRUE
1523736,"N",0.262295081967213,"N",FALSE,0.262295081967213,TRUE
1509655,"N",0.262295081967213,"N",FALSE,0.262295081967213,TRUE
1560158,"N",0.262295081967213,"N",FALSE,0.262295081967213,TRUE
1561237,"N",0.262295081967213,"N",FALSE,0.262295081967213,TRUE
1561210,"Y",0.262295081967213,"N",TRUE,0.737704918032787,FALSE
1554412,"N",0.262295081967213,"N",FALSE,0.262295081967213,TRUE
1524806,"N",0.262295081967213,"N",FALSE,0.262295081967213,TRUE
1562810,"N",0.262295081967213,"N",FALSE,0.262295081967213,TRUE
1563345,"N",0.262295081967213,"N",FALSE,0.262295081967213,TRUE
1557148,"N",0.262295081967213,"N",FALSE,0.262295081967213,TRUE
1557655,"N",0.262295081967213,"N",FALSE,0.262295081967213,TRUE
1564542,"N",0.262295081967213,"N",FALSE,0.262295081967213,TRUE
1564563,"N",0.262295081967213,"N",FALSE,0.262295081967213,TRUE
1566056,"N",0.262295081967213,"N",FALSE,0.262295081967213,TRUE
1571715,"N",0.262295081967213,"N",FALSE,0.262295081967213,TRUE
1558787,"N",0.262295081967213,"N",FALSE,0.262295081967213,TRUE
1573181,"N",0.262295081967213,"N",FALSE,0.262295081967213,TRUE
1574250,"N",0.262295081967213,"N",FALSE,0.262295081967213,TRUE
1558326,"N",0.262295081967213,"N",FALSE,0.262295081967213,TRUE
1559925,"N",0.262295081967213,"N",FALSE,0.262295081967213,TRUE
1604154,"N",0.262295081967213,"N",FALSE,0.262295081967213,TRUE
1604194,"N",0.262295081967213,"N",FALSE,0.262295081967213,TRUE
1604541,"N",0.262295081967213,"N",FALSE,0.262295081967213,TRUE
1604746,"N",0.262295081967213,"N",FALSE,0.262295081967213,TRUE
1604724,"N",0.262295081967213,"N",FALSE,0.262295081967213,TRUE
1605673,"N",0.262295081967213,"N",FALSE,0.262295081967213,TRUE
1605722,"N",0.262295081967213,"N",FALSE,0.262295081967213,TRUE
1605846,"N",0.262295081967213,"N",FALSE,0.262295081967213,TRUE
1598562,"N",0.262295081967213,"N",FALSE,0.262295081967213,TRUE
1605861,"N",0.262295081967213,"N",FALSE,0.262295081967213,TRUE
1613035,"N",0.262295081967213,"N",FALSE,0.262295081967213,TRUE
1605986,"N",0.262295081967213,"N",FALSE,0.262295081967213,TRUE
1606225,"N",0.262295081967213,"N",FALSE,0.262295081967213,TRUE
1613530,"N",0.262295081967213,"N",FALSE,0.262295081967213,TRUE
1620372,"N",0.262295081967213,"N",FALSE,0.262295081967213,TRUE
1613535,"N",0.262295081967213,"N",FALSE,0.262295081967213,TRUE
1591713,"N",0.262295081967213,"N",FALSE,0.262295081967213,TRUE
1606477,"N",0.262295081967213,"N",FALSE,0.262295081967213,TRUE
1592242,"N",0.262295081967213,"N",FALSE,0.262295081967213,TRUE
1613836,"N",0.262295081967213,"N",FALSE,0.262295081967213,TRUE
1613880,"N",0.262295081967213,"N",FALSE,0.262295081967213,TRUE
1613974,"N",0.262295081967213,"N",FALSE,0.262295081967213,TRUE
1621370,"N",0.262295081967213,"N",FALSE,0.262295081967213,TRUE
1614006,"N",0.262295081967213,"N",FALSE,0.262295081967213,TRUE
1614019,"N",0.262295081967213,"N",FALSE,0.262295081967213,TRUE
1614029,"N",0.262295081967213,"N",FALSE,0.262295081967213,TRUE
1621451,"N",0.262295081967213,"N",FALSE,0.262295081967213,TRUE
1621130,"N",0.262295081967213,"N",FALSE,0.262295081967213,TRUE
1614245,"N",0.262295081967213,"N",FALSE,0.262295081967213,TRUE
1621828,"N",0.262295081967213,"N",FALSE,0.262295081967213,TRUE
1615255,"N",0.262295081967213,"N",FALSE,0.262295081967213,TRUE
1599750,"N",0.262295081967213,"N",FALSE,0.262295081967213,TRUE
1615334,"N",0.262295081967213,"N",FALSE,0.262295081967213,TRUE
1622556,"N",0.262295081967213,"N",FALSE,0.262295081967213,TRUE
1578003,"N",0.262295081967213,"N",FALSE,0.262295081967213,TRUE
1586970,"N",0.262295081967213,"N",FALSE,0.262295081967213,TRUE
1581265,"N",0.262295081967213,"N",FALSE,0.262295081967213,TRUE
1622701,"N",0.262295081967213,"N",FALSE,0.262295081967213,TRUE
1615840,"N",0.262295081967213,"N",FALSE,0.262295081967213,TRUE
1622833,"N",0.262295081967213,"N",FALSE,0.262295081967213,TRUE
1623284,"N",0.262295081967213,"N",FALSE,0.262295081967213,TRUE
1623285,"N",0.262295081967213,"N",FALSE,0.262295081967213,TRUE
1623294,"N",0.262295081967213,"N",FALSE,0.262295081967213,TRUE
1616004,"N",0.262295081967213,"N",FALSE,0.262295081967213,TRUE
1623337,"N",0.262295081967213,"N",FALSE,0.262295081967213,TRUE
1631084,"N",0.262295081967213,"N",FALSE,0.262295081967213,TRUE
1623353,"N",0.262295081967213,"N",FALSE,0.262295081967213,TRUE
1623362,"N",0.262295081967213,"N",FALSE,0.262295081967213,TRUE
1616105,"N",0.262295081967213,"N",FALSE,0.262295081967213,TRUE
1616111,"N",0.262295081967213,"N",FALSE,0.262295081967213,TRUE
1616151,"N",0.262295081967213,"N",FALSE,0.262295081967213,TRUE
1627547,"N",0.262295081967213,"N",FALSE,0.262295081967213,TRUE
1631219,"N",0.262295081967213,"N",FALSE,0.262295081967213,TRUE
1623532,"N",0.262295081967213,"N",FALSE,0.262295081967213,TRUE
1623555,"N",0.262295081967213,"N",FALSE,0.262295081967213,TRUE
1623614,"N",0.262295081967213,"N",FALSE,0.262295081967213,TRUE
1624088,"N",0.262295081967213,"N",FALSE,0.262295081967213,TRUE
1624099,"N",0.262295081967213,"N",FALSE,0.262295081967213,TRUE
1601606,"N",0.262295081967213,"N",FALSE,0.262295081967213,TRUE
1625616,"N",0.262295081967213,"N",FALSE,0.262295081967213,TRUE
1631486,"N",0.262295081967213,"N",FALSE,0.262295081967213,TRUE
1624044,"N",0.262295081967213,"N",FALSE,0.262295081967213,TRUE
1616541,"N",0.262295081967213,"N",FALSE,0.262295081967213,TRUE
1624241,"N",0.262295081967213,"N",FALSE,0.262295081967213,TRUE
1624251,"N",0.262295081967213,"N",FALSE,0.262295081967213,TRUE
1624379,"N",0.262295081967213,"N",FALSE,0.262295081967213,TRUE
1617610,"N",0.262295081967213,"N",FALSE,0.262295081967213,TRUE
1624482,"N",0.262295081967213,"N",FALSE,0.262295081967213,TRUE
1624474,"N",0.262295081967213,"N",FALSE,0.262295081967213,TRUE
1617631,"Y",0.262295081967213,"N",TRUE,0.737704918032787,FALSE
1624527,"N",0.262295081967213,"N",FALSE,0.262295081967213,TRUE
1617661,"N",0.262295081967213,"N",FALSE,0.262295081967213,TRUE
1631949,"N",0.262295081967213,"N",FALSE,0.262295081967213,TRUE
1618049,"N",0.262295081967213,"N",FALSE,0.262295081967213,TRUE
1618784,"N",0.262295081967213,"N",FALSE,0.262295081967213,TRUE
1625545,"N",0.262295081967213,"N",FALSE,0.262295081967213,TRUE
1626322,"N",0.262295081967213,"N",FALSE,0.262295081967213,TRUE
1626465,"N",0.262295081967213,"N",FALSE,0.262295081967213,TRUE
1626500,"N",0.262295081967213,"N",FALSE,0.262295081967213,TRUE
1619740,"N",0.262295081967213,"N",FALSE,0.262295081967213,TRUE
1620148,"N",0.262295081967213,"N",FALSE,0.262295081967213,TRUE
1632542,"N",0.262295081967213,"N",FALSE,0.262295081967213,TRUE
1634244,"N",0.262295081967213,"N",FALSE,0.262295081967213,TRUE
1634251,"N",0.262295081967213,"N",FALSE,0.262295081967213,TRUE
1655525,"N",0.262295081967213,"N",FALSE,0.262295081967213,TRUE
1664551,"N",0.262295081967213,"N",FALSE,0.262295081967213,TRUE
1612510,"N",0.262295081967213,"N",FALSE,0.262295081967213,TRUE
1612389,"N",0.262295081967213,"N",FALSE,0.262295081967213,TRUE
1634714,"Y",0.262295081967213,"N",TRUE,0.737704918032787,FALSE
1635032,"N",0.262295081967213,"N",FALSE,0.262295081967213,TRUE
1635301,"N",0.262295081967213,"N",FALSE,0.262295081967213,TRUE
1649771,"N",0.262295081967213,"N",FALSE,0.262295081967213,TRUE
1651424,"N",0.262295081967213,"N",FALSE,0.262295081967213,TRUE
1657120,"N",0.262295081967213,"N",FALSE,0.262295081967213,TRUE
1627768,"N",0.262295081967213,"N",FALSE,0.262295081967213,TRUE
1628658,"N",0.262295081967213,"N",FALSE,0.262295081967213,TRUE
1628680,"N",0.262295081967213,"N",FALSE,0.262295081967213,TRUE
1628693,"N",0.262295081967213,"N",FALSE,0.262295081967213,TRUE
1628761,"N",0.262295081967213,"N",FALSE,0.262295081967213,TRUE
1643762,"N",0.262295081967213,"N",FALSE,0.262295081967213,TRUE
1650531,"N",0.262295081967213,"N",FALSE,0.262295081967213,TRUE
1650776,"N",0.262295081967213,"N",FALSE,0.262295081967213,TRUE
1651207,"N",0.262295081967213,"N",FALSE,0.262295081967213,TRUE
1665264,"N",0.262295081967213,"N",FALSE,0.262295081967213,TRUE
1635909,"N",0.262295081967213,"N",FALSE,0.262295081967213,TRUE
1629453,"N",0.262295081967213,"N",FALSE,0.262295081967213,TRUE
1629468,"N",0.262295081967213,"N",FALSE,0.262295081967213,TRUE
1629537,"N",0.262295081967213,"N",FALSE,0.262295081967213,TRUE
1636097,"N",0.262295081967213,"N",FALSE,0.262295081967213,TRUE
1629683,"N",0.262295081967213,"N",FALSE,0.262295081967213,TRUE
1681329,"N",0.262295081967213,"N",FALSE,0.262295081967213,TRUE
1667124,"N",0.262295081967213,"N",FALSE,0.262295081967213,TRUE
1652277,"N",0.262295081967213,"N",FALSE,0.262295081967213,TRUE
1681840,"N",0.262295081967213,"N",FALSE,0.262295081967213,TRUE
1674682,"N",0.262295081967213,"N",FALSE,0.262295081967213,TRUE
1638064,"N",0.262295081967213,"N",FALSE,0.262295081967213,TRUE
1638511,"N",0.262295081967213,"N",FALSE,0.262295081967213,TRUE
1653499,"N",0.262295081967213,"N",FALSE,0.262295081967213,TRUE
1640304,"N",0.262295081967213,"N",FALSE,0.262295081967213,TRUE
1646211,"N",0.262295081967213,"N",FALSE,0.262295081967213,TRUE
1646492,"N",0.262295081967213,"N",FALSE,0.262295081967213,TRUE
1646751,"N",0.262295081967213,"N",FALSE,0.262295081967213,TRUE
1647084,"N",0.262295081967213,"N",FALSE,0.262295081967213,TRUE
1670626,"N",0.262295081967213,"N",FALSE,0.262295081967213,TRUE
1685152,"N",0.262295081967213,"N",FALSE,0.262295081967213,TRUE
1672544,"N",0.262295081967213,"N",FALSE,0.262295081967213,TRUE
1677848,"N",0.262295081967213,"N",FALSE,0.262295081967213,TRUE
1705947,"Y",0.262295081967213,"N",TRUE,0.737704918032787,FALSE
1719401,"N",0.262295081967213,"N",FALSE,0.262295081967213,TRUE
1721322,"N",0.262295081967213,"N",FALSE,0.262295081967213,TRUE
1728667,"N",0.262295081967213,"N",FALSE,0.262295081967213,TRUE
1688050,"N",0.262295081967213,"N",FALSE,0.262295081967213,TRUE
1715179,"N",0.262295081967213,"N",FALSE,0.262295081967213,TRUE
1689144,"N",0.262295081967213,"N",FALSE,0.262295081967213,TRUE
1744376,"N",0.262295081967213,"N",FALSE,0.262295081967213,TRUE
1721343,"N",0.262295081967213,"N",FALSE,0.262295081967213,TRUE
1721395,"N",0.262295081967213,"N",FALSE,0.262295081967213,TRUE
1729984,"N",0.262295081967213,"N",FALSE,0.262295081967213,TRUE
1715905,"N",0.262295081967213,"N",FALSE,0.262295081967213,TRUE
1717031,"N",0.262295081967213,"N",FALSE,0.262295081967213,TRUE
1746044,"N",0.262295081967213,"N",FALSE,0.262295081967213,TRUE
1697115,"N",0.262295081967213,"N",FALSE,0.262295081967213,TRUE
1697877,"N",0.262295081967213,"N",FALSE,0.262295081967213,TRUE
1747427,"N",0.262295081967213,"N",FALSE,0.262295081967213,TRUE
1748467,"N",0.262295081967213,"N",FALSE,0.262295081967213,TRUE
1725318,"N",0.262295081967213,"N",FALSE,0.262295081967213,TRUE
1740058,"N",0.262295081967213,"N",FALSE,0.262295081967213,TRUE
1756569,"N",0.262295081967213,"N",FALSE,0.262295081967213,TRUE
1757331,"N",0.262295081967213,"N",FALSE,0.262295081967213,TRUE
1740846,"N",0.262295081967213,"N",FALSE,0.262295081967213,TRUE
1772735,"N",0.262295081967213,"N",FALSE,0.262295081967213,TRUE
1786977,"N",0.262295081967213,"N",FALSE,0.262295081967213,TRUE
1787645,"N",0.262295081967213,"N",FALSE,0.262295081967213,TRUE
1753966,"N",0.262295081967213,"N",FALSE,0.262295081967213,TRUE
1804446,"N",0.262295081967213,"N",FALSE,0.262295081967213,TRUE
1798994,"N",0.262295081967213,"N",FALSE,0.262295081967213,TRUE
1759947,"N",0.262295081967213,"N",FALSE,0.262295081967213,TRUE
1762696,"N",0.262295081967213,"N",FALSE,0.262295081967213,TRUE
1765295,"N",0.262295081967213,"N",FALSE,0.262295081967213,TRUE
1764136,"N",0.262295081967213,"N",FALSE,0.262295081967213,TRUE
1791628,"N",0.262295081967213,"N",FALSE,0.262295081967213,TRUE
1786768,"Y",0.262295081967213,"N",TRUE,0.737704918032787,FALSE
1795455,"N",0.262295081967213,"N",FALSE,0.262295081967213,TRUE
1808067,"N",0.262295081967213,"N",FALSE,0.262295081967213,TRUE
1804929,"N",0.262295081967213,"N",FALSE,0.262295081967213,TRUE
1805017,"N",0.262295081967213,"N",FALSE,0.262295081967213,TRUE
1833930,"N",0.262295081967213,"N",FALSE,0.262295081967213,TRUE
1832764,"N",0.262295081967213,"N",FALSE,0.262295081967213,TRUE
1840212,"N",0.262295081967213,"N",FALSE,0.262295081967213,TRUE
1840539,"N",0.262295081967213,"N",FALSE,0.262295081967213,TRUE
1849342,"N",0.262295081967213,"N",FALSE,0.262295081967213,TRUE
1812622,"N",0.262295081967213,"N",FALSE,0.262295081967213,TRUE
1835757,"N",0.262295081967213,"N",FALSE,0.262295081967213,TRUE
1851651,"N",0.262295081967213,"N",FALSE,0.262295081967213,TRUE
1822038,"N",0.262295081967213,"N",FALSE,0.262295081967213,TRUE
1830936,"N",0.262295081967213,"N",FALSE,0.262295081967213,TRUE
1830633,"N",0.262295081967213,"N",FALSE,0.262295081967213,TRUE
1846497,"N",0.262295081967213,"N",FALSE,0.262295081967213,TRUE
1845792,"N",0.262295081967213,"N",FALSE,0.262295081967213,TRUE
1875695,"N",0.262295081967213,"N",FALSE,0.262295081967213,TRUE
1855648,"N",0.262295081967213,"N",FALSE,0.262295081967213,TRUE
1870611,"N",0.262295081967213,"N",FALSE,0.262295081967213,TRUE
1872555,"N",0.262295081967213,"N",FALSE,0.262295081967213,TRUE
1883444,"N",0.262295081967213,"N",FALSE,0.262295081967213,TRUE
1841991,"N",0.262295081967213,"N",FALSE,0.262295081967213,TRUE
1896215,"N",0.262295081967213,"N",FALSE,0.262295081967213,TRUE
1885853,"N",0.262295081967213,"N",FALSE,0.262295081967213,TRUE
1902873,"N",0.262295081967213,"N",FALSE,0.262295081967213,TRUE
961997,"N",0.262295081967213,"N",FALSE,0.262295081967213,TRUE
951011,"Y",0.262295081967213,"N",TRUE,0.737704918032787,FALSE
944774,"N",0.262295081967213,"N",FALSE,0.262295081967213,TRUE
983059,"N",0.262295081967213,"N",FALSE,0.262295081967213,TRUE
955068,"N",0.262295081967213,"N",FALSE,0.262295081967213,TRUE
992571,"N",0.262295081967213,"N",FALSE,0.262295081967213,TRUE
1001087,"N",0.262295081967213,"N",FALSE,0.262295081967213,TRUE
993454,"N",0.262295081967213,"N",FALSE,0.262295081967213,TRUE
974952,"Y",0.262295081967213,"N",TRUE,0.737704918032787,FALSE
1002249,"N",0.262295081967213,"N",FALSE,0.262295081967213,TRUE
987850,"N",0.262295081967213,"N",FALSE,0.262295081967213,TRUE
988409,"N",0.262295081967213,"N",FALSE,0.262295081967213,TRUE
1025878,"N",0.262295081967213,"N",FALSE,0.262295081967213,TRUE
1025910,"N",0.262295081967213,"N",FALSE,0.262295081967213,TRUE
1027946,"N",0.262295081967213,"N",FALSE,0.262295081967213,TRUE
1035000,"N",0.262295081967213,"N",FALSE,0.262295081967213,TRUE
1050535,"N",0.262295081967213,"N",FALSE,0.262295081967213,TRUE
1038005,"N",0.262295081967213,"N",FALSE,0.262295081967213,TRUE
1067244,"N",0.262295081967213,"N",FALSE,0.262295081967213,TRUE
1046471,"N",0.262295081967213,"N",FALSE,0.262295081967213,TRUE
1070283,"N",0.262295081967213,"N",FALSE,0.262295081967213,TRUE
1041565,"N",0.262295081967213,"N",FALSE,0.262295081967213,TRUE
1080298,"N",0.262295081967213,"N",FALSE,0.262295081967213,TRUE
1056967,"N",0.262295081967213,"N",FALSE,0.262295081967213,TRUE
1097158,"N",0.262295081967213,"N",FALSE,0.262295081967213,TRUE
1117720,"N",0.262295081967213,"N",FALSE,0.262295081967213,TRUE
1120698,"N",0.262295081967213,"N",FALSE,0.262295081967213,TRUE
1119478,"N",0.262295081967213,"N",FALSE,0.262295081967213,TRUE
1142146,"N",0.262295081967213,"N",FALSE,0.262295081967213,TRUE
1144321,"N",0.262295081967213,"N",FALSE,0.262295081967213,TRUE
1128321,"N",0.262295081967213,"N",FALSE,0.262295081967213,TRUE
1128341,"N",0.262295081967213,"N",FALSE,0.262295081967213,TRUE
1144723,"N",0.262295081967213,"N",FALSE,0.262295081967213,TRUE
1145007,"N",0.262295081967213,"N",FALSE,0.262295081967213,TRUE
1131887,"Y",0.262295081967213,"N",TRUE,0.737704918032787,FALSE
1138503,"N",0.262295081967213,"N",FALSE,0.262295081967213,TRUE
1139427,"N",0.262295081967213,"N",FALSE,0.262295081967213,TRUE
1170608,"N",0.262295081967213,"N",FALSE,0.262295081967213,TRUE
1178559,"Y",0.262295081967213,"N",TRUE,0.737704918032787,FALSE
1165267,"N",0.262295081967213,"N",FALSE,0.262295081967213,TRUE
1157233,"Y",0.262295081967213,"N",TRUE,0.737704918032787,FALSE
1179897,"N",0.262295081967213,"N",FALSE,0.262295081967213,TRUE
1180208,"N",0.262295081967213,"N",FALSE,0.262295081967213,TRUE
1158512,"Y",0.262295081967213,"N",TRUE,0.737704918032787,FALSE
1166701,"N",0.262295081967213,"N",FALSE,0.262295081967213,TRUE
1202494,"N",0.262295081967213,"N",FALSE,0.262295081967213,TRUE
1202814,"N",0.262295081967213,"N",FALSE,0.262295081967213,TRUE
1181981,"Y",0.262295081967213,"N",TRUE,0.737704918032787,FALSE
1160621,"N",0.262295081967213,"N",FALSE,0.262295081967213,TRUE
1175321,"N",0.262295081967213,"N",FALSE,0.262295081967213,TRUE
1183857,"N",0.262295081967213,"N",FALSE,0.262295081967213,TRUE
1245497,"N",0.262295081967213,"N",FALSE,0.262295081967213,TRUE
1176479,"N",0.262295081967213,"N",FALSE,0.262295081967213,TRUE
1214139,"N",0.262295081967213,"N",FALSE,0.262295081967213,TRUE
1207295,"N",0.262295081967213,"N",FALSE,0.262295081967213,TRUE
1198539,"N",0.262295081967213,"N",FALSE,0.262295081967213,TRUE
1196009,"N",0.262295081967213,"N",FALSE,0.262295081967213,TRUE
1191688,"N",0.262295081967213,"N",FALSE,0.262295081967213,TRUE
1223163,"N",0.262295081967213,"N",FALSE,0.262295081967213,TRUE
1207028,"N",0.262295081967213,"N",FALSE,0.262295081967213,TRUE
1245526,"N",0.262295081967213,"N",FALSE,0.262295081967213,TRUE
1230789,"N",0.262295081967213,"N",FALSE,0.262295081967213,TRUE
1209777,"N",0.262295081967213,"N",FALSE,0.262295081967213,TRUE
1218868,"N",0.262295081967213,"N",FALSE,0.262295081967213,TRUE
1219485,"N",0.262295081967213,"N",FALSE,0.262295081967213,TRUE
1233328,"N",0.262295081967213,"N",FALSE,0.262295081967213,TRUE
1240922,"N",0.262295081967213,"N",FALSE,0.262295081967213,TRUE
1256147,"N",0.262295081967213,"N",FALSE,0.262295081967213,TRUE
1228116,"N",0.262295081967213,"N",FALSE,0.262295081967213,TRUE
1242996,"N",0.262295081967213,"N",FALSE,0.262295081967213,TRUE
1242125,"N",0.262295081967213,"N",FALSE,0.262295081967213,TRUE
1245156,"Y",0.262295081967213,"N",TRUE,0.737704918032787,FALSE
1265467,"N",0.262295081967213,"N",FALSE,0.262295081967213,TRUE
1273013,"N",0.262295081967213,"N",FALSE,0.262295081967213,TRUE
1282008,"Y",0.262295081967213,"N",TRUE,0.737704918032787,FALSE
1292102,"N",0.262295081967213,"N",FALSE,0.262295081967213,TRUE
1277952,"N",0.262295081967213,"N",FALSE,0.262295081967213,TRUE
1269934,"N",0.262295081967213,"N",FALSE,0.262295081967213,TRUE
1292553,"N",0.262295081967213,"N",FALSE,0.262295081967213,TRUE
1293280,"N",0.262295081967213,"N",FALSE,0.262295081967213,TRUE
1308809,"N",0.262295081967213,"N",FALSE,0.262295081967213,TRUE
1301099,"N",0.262295081967213,"N",FALSE,0.262295081967213,TRUE
1316027,"N",0.262295081967213,"N",FALSE,0.262295081967213,TRUE
1309521,"N",0.262295081967213,"N",FALSE,0.262295081967213,TRUE
1294662,"N",0.262295081967213,"N",FALSE,0.262295081967213,TRUE
1296166,"N",0.262295081967213,"N",FALSE,0.262295081967213,TRUE
1318866,"N",0.262295081967213,"N",FALSE,0.262295081967213,TRUE
1327031,"N",0.262295081967213,"N",FALSE,0.262295081967213,TRUE
1328443,"N",0.262295081967213,"N",FALSE,0.262295081967213,TRUE
1365957,"Y",0.262295081967213,"N",TRUE,0.737704918032787,FALSE
1366010,"N",0.262295081967213,"N",FALSE,0.262295081967213,TRUE
1365623,"N",0.262295081967213,"N",FALSE,0.262295081967213,TRUE
1351019,"N",0.262295081967213,"N",FALSE,0.262295081967213,TRUE
1360332,"N",0.262295081967213,"N",FALSE,0.262295081967213,TRUE
1347568,"N",0.262295081967213,"N",FALSE,0.262295081967213,TRUE
1410445,"N",0.262295081967213,"N",FALSE,0.262295081967213,TRUE
1425343,"N",0.262295081967213,"N",FALSE,0.262295081967213,TRUE
1418822,"N",0.262295081967213,"N",FALSE,0.262295081967213,TRUE
1389644,"N",0.262295081967213,"N",FALSE,0.262295081967213,TRUE
1390468,"N",0.262295081967213,"N",FALSE,0.262295081967213,TRUE
1441434,"N",0.262295081967213,"N",FALSE,0.262295081967213,TRUE
1391566,"N",0.262295081967213,"N",FALSE,0.262295081967213,TRUE
1411291,"N",0.262295081967213,"N",FALSE,0.262295081967213,TRUE
1406750,"Y",0.262295081967213,"N",TRUE,0.737704918032787,FALSE
1422168,"N",0.262295081967213,"N",FALSE,0.262295081967213,TRUE
1438054,"N",0.262295081967213,"N",FALSE,0.262295081967213,TRUE
1432816,"N",0.262295081967213,"N",FALSE,0.262295081967213,TRUE
1454797,"N",0.262295081967213,"N",FALSE,0.262295081967213,TRUE
1462058,"N",0.262295081967213,"N",FALSE,0.262295081967213,TRUE
1483131,"N",0.262295081967213,"N",FALSE,0.262295081967213,TRUE
1463291,"N",0.262295081967213,"N",FALSE,0.262295081967213,TRUE
1449967,"Y",0.262295081967213,"N",TRUE,0.737704918032787,FALSE
1470970,"N",0.262295081967213,"N",FALSE,0.262295081967213,TRUE
1456271,"N",0.262295081967213,"N",FALSE,0.262295081967213,TRUE
1494076,"N",0.262295081967213,"N",FALSE,0.262295081967213,TRUE
1502419,"N",0.262295081967213,"N",FALSE,0.262295081967213,TRUE
1494851,"N",0.262295081967213,"N",FALSE,0.262295081967213,TRUE
1468374,"N",0.262295081967213,"N",FALSE,0.262295081967213,TRUE
1510710,"N",0.262295081967213,"N",FALSE,0.262295081967213,TRUE
1477994,"N",0.262295081967213,"N",FALSE,0.262295081967213,TRUE
1496380,"N",0.262295081967213,"N",FALSE,0.262295081967213,TRUE
1503596,"N",0.262295081967213,"N",FALSE,0.262295081967213,TRUE
1496433,"N",0.262295081967213,"N",FALSE,0.262295081967213,TRUE
1505489,"N",0.262295081967213,"N",FALSE,0.262295081967213,TRUE
1522115,"N",0.262295081967213,"N",FALSE,0.262295081967213,TRUE
1543590,"N",0.262295081967213,"N",FALSE,0.262295081967213,TRUE
1544473,"N",0.262295081967213,"N",FALSE,0.262295081967213,TRUE
1547026,"N",0.262295081967213,"N",FALSE,0.262295081967213,TRUE
1554414,"N",0.262295081967213,"N",FALSE,0.262295081967213,TRUE
1562081,"N",0.262295081967213,"N",FALSE,0.262295081967213,TRUE
1555669,"N",0.262295081967213,"N",FALSE,0.262295081967213,TRUE
1556739,"N",0.262295081967213,"N",FALSE,0.262295081967213,TRUE
1551480,"N",0.262295081967213,"N",FALSE,0.262295081967213,TRUE
1565399,"N",0.262295081967213,"N",FALSE,0.262295081967213,TRUE
1572227,"N",0.262295081967213,"N",FALSE,0.262295081967213,TRUE
1566691,"N",0.262295081967213,"N",FALSE,0.262295081967213,TRUE
1588404,"N",0.262295081967213,"N",FALSE,0.262295081967213,TRUE
1581892,"N",0.262295081967213,"N",FALSE,0.262295081967213,TRUE
1602891,"N",0.262295081967213,"N",FALSE,0.262295081967213,TRUE
1581962,"N",0.262295081967213,"N",FALSE,0.262295081967213,TRUE
1559930,"N",0.262295081967213,"N",FALSE,0.262295081967213,TRUE
1603438,"N",0.262295081967213,"N",FALSE,0.262295081967213,TRUE
1596953,"N",0.262295081967213,"N",FALSE,0.262295081967213,TRUE
1604693,"N",0.262295081967213,"N",FALSE,0.262295081967213,TRUE
1568210,"N",0.262295081967213,"N",FALSE,0.262295081967213,TRUE
1604748,"N",0.262295081967213,"N",FALSE,0.262295081967213,TRUE
1604763,"N",0.262295081967213,"N",FALSE,0.262295081967213,TRUE
1604783,"N",0.262295081967213,"N",FALSE,0.262295081967213,TRUE
1583142,"N",0.262295081967213,"N",FALSE,0.262295081967213,TRUE
1583207,"N",0.262295081967213,"N",FALSE,0.262295081967213,TRUE
1605828,"N",0.262295081967213,"N",FALSE,0.262295081967213,TRUE
1606024,"N",0.262295081967213,"N",FALSE,0.262295081967213,TRUE
1606062,"N",0.262295081967213,"N",FALSE,0.262295081967213,TRUE
1606078,"N",0.262295081967213,"N",FALSE,0.262295081967213,TRUE
1606301,"N",0.262295081967213,"N",FALSE,0.262295081967213,TRUE
1613523,"N",0.262295081967213,"N",FALSE,0.262295081967213,TRUE
1620698,"N",0.262295081967213,"N",FALSE,0.262295081967213,TRUE
1606733,"N",0.262295081967213,"N",FALSE,0.262295081967213,TRUE
1620843,"N",0.262295081967213,"N",FALSE,0.262295081967213,TRUE
1621376,"N",0.262295081967213,"N",FALSE,0.262295081967213,TRUE
1621397,"N",0.262295081967213,"N",FALSE,0.262295081967213,TRUE
1621424,"N",0.262295081967213,"N",FALSE,0.262295081967213,TRUE
1621587,"N",0.262295081967213,"N",FALSE,0.262295081967213,TRUE
1621444,"N",0.262295081967213,"N",FALSE,0.262295081967213,TRUE
1621448,"N",0.262295081967213,"N",FALSE,0.262295081967213,TRUE
1621496,"N",0.262295081967213,"N",FALSE,0.262295081967213,TRUE
1614170,"N",0.262295081967213,"N",FALSE,0.262295081967213,TRUE
1614211,"N",0.262295081967213,"N",FALSE,0.262295081967213,TRUE
1621574,"N",0.262295081967213,"N",FALSE,0.262295081967213,TRUE
1621622,"N",0.262295081967213,"N",FALSE,0.262295081967213,TRUE
1607164,"N",0.262295081967213,"N",FALSE,0.262295081967213,TRUE
1615221,"N",0.262295081967213,"N",FALSE,0.262295081967213,TRUE
1622212,"N",0.262295081967213,"N",FALSE,0.262295081967213,TRUE
1622130,"N",0.262295081967213,"N",FALSE,0.262295081967213,TRUE
1622384,"N",0.262295081967213,"N",FALSE,0.262295081967213,TRUE
1622301,"N",0.262295081967213,"N",FALSE,0.262295081967213,TRUE
1622449,"N",0.262295081967213,"N",FALSE,0.262295081967213,TRUE
1586554,"N",0.262295081967213,"N",FALSE,0.262295081967213,TRUE
1586875,"N",0.262295081967213,"N",FALSE,0.262295081967213,TRUE
1600933,"N",0.262295081967213,"N",FALSE,0.262295081967213,TRUE
1615185,"N",0.262295081967213,"N",FALSE,0.262295081967213,TRUE
1579401,"N",0.262295081967213,"N",FALSE,0.262295081967213,TRUE
1624632,"N",0.262295081967213,"N",FALSE,0.262295081967213,TRUE
1621371,"N",0.262295081967213,"N",FALSE,0.262295081967213,TRUE
1622707,"N",0.262295081967213,"N",FALSE,0.262295081967213,TRUE
1615863,"N",0.262295081967213,"N",FALSE,0.262295081967213,TRUE
1608957,"N",0.262295081967213,"N",FALSE,0.262295081967213,TRUE
1630985,"N",0.262295081967213,"N",FALSE,0.262295081967213,TRUE
1631001,"N",0.262295081967213,"N",FALSE,0.262295081967213,TRUE
1623323,"N",0.262295081967213,"N",FALSE,0.262295081967213,TRUE
1623345,"N",0.262295081967213,"N",FALSE,0.262295081967213,TRUE
1623354,"N",0.262295081967213,"N",FALSE,0.262295081967213,TRUE
1623355,"N",0.262295081967213,"N",FALSE,0.262295081967213,TRUE
1623412,"N",0.262295081967213,"N",FALSE,0.262295081967213,TRUE
1623417,"N",0.262295081967213,"N",FALSE,0.262295081967213,TRUE
1623471,"N",0.262295081967213,"N",FALSE,0.262295081967213,TRUE
1623483,"N",0.262295081967213,"N",FALSE,0.262295081967213,TRUE
1623484,"N",0.262295081967213,"N",FALSE,0.262295081967213,TRUE
1623487,"N",0.262295081967213,"N",FALSE,0.262295081967213,TRUE
1623521,"N",0.262295081967213,"N",FALSE,0.262295081967213,TRUE
1623556,"N",0.262295081967213,"N",FALSE,0.262295081967213,TRUE
1623639,"N",0.262295081967213,"N",FALSE,0.262295081967213,TRUE
1624079,"N",0.262295081967213,"N",FALSE,0.262295081967213,TRUE
1624083,"N",0.262295081967213,"N",FALSE,0.262295081967213,TRUE
1616455,"N",0.262295081967213,"N",FALSE,0.262295081967213,TRUE
1631418,"N",0.262295081967213,"N",FALSE,0.262295081967213,TRUE
1616548,"N",0.262295081967213,"N",FALSE,0.262295081967213,TRUE
1616527,"N",0.262295081967213,"N",FALSE,0.262295081967213,TRUE
1624414,"N",0.262295081967213,"N",FALSE,0.262295081967213,TRUE
1617635,"N",0.262295081967213,"N",FALSE,0.262295081967213,TRUE
1617708,"N",0.262295081967213,"N",FALSE,0.262295081967213,TRUE
1618048,"N",0.262295081967213,"N",FALSE,0.262295081967213,TRUE
1625000,"N",0.262295081967213,"N",FALSE,0.262295081967213,TRUE
1625101,"N",0.262295081967213,"N",FALSE,0.262295081967213,TRUE
1632926,"N",0.262295081967213,"N",FALSE,0.262295081967213,TRUE
1618479,"N",0.262295081967213,"N",FALSE,0.262295081967213,TRUE
1625277,"N",0.262295081967213,"N",FALSE,0.262295081967213,TRUE
1625561,"N",0.262295081967213,"N",FALSE,0.262295081967213,TRUE
1618844,"N",0.262295081967213,"N",FALSE,0.262295081967213,TRUE
1626345,"N",0.262295081967213,"N",FALSE,0.262295081967213,TRUE
1626347,"N",0.262295081967213,"N",FALSE,0.262295081967213,TRUE
1619410,"N",0.262295081967213,"N",FALSE,0.262295081967213,TRUE
1619916,"N",0.262295081967213,"N",FALSE,0.262295081967213,TRUE
1610053,"N",0.262295081967213,"N",FALSE,0.262295081967213,TRUE
1638876,"N",0.262295081967213,"N",FALSE,0.262295081967213,TRUE
1633992,"N",0.262295081967213,"N",FALSE,0.262295081967213,TRUE
1625953,"N",0.262295081967213,"N",FALSE,0.262295081967213,TRUE
1633748,"N",0.262295081967213,"N",FALSE,0.262295081967213,TRUE
1627327,"N",0.262295081967213,"N",FALSE,0.262295081967213,TRUE
1640829,"N",0.262295081967213,"N",FALSE,0.262295081967213,TRUE
1662495,"N",0.262295081967213,"N",FALSE,0.262295081967213,TRUE
1640956,"N",0.262295081967213,"N",FALSE,0.262295081967213,TRUE
1634729,"N",0.262295081967213,"N",FALSE,0.262295081967213,TRUE
1635339,"N",0.262295081967213,"N",FALSE,0.262295081967213,TRUE
1649800,"N",0.262295081967213,"N",FALSE,0.262295081967213,TRUE
1642904,"N",0.262295081967213,"N",FALSE,0.262295081967213,TRUE
1642933,"N",0.262295081967213,"N",FALSE,0.262295081967213,TRUE
1643137,"N",0.262295081967213,"N",FALSE,0.262295081967213,TRUE
1642997,"N",0.262295081967213,"N",FALSE,0.262295081967213,TRUE
1628584,"N",0.262295081967213,"N",FALSE,0.262295081967213,TRUE
1643727,"N",0.262295081967213,"N",FALSE,0.262295081967213,TRUE
1635545,"N",0.262295081967213,"N",FALSE,0.262295081967213,TRUE
1644132,"N",0.262295081967213,"N",FALSE,0.262295081967213,TRUE
1635911,"N",0.262295081967213,"N",FALSE,0.262295081967213,TRUE
1673322,"N",0.262295081967213,"N",FALSE,0.262295081967213,TRUE
1630055,"N",0.262295081967213,"N",FALSE,0.262295081967213,TRUE
1636977,"Y",0.262295081967213,"N",TRUE,0.737704918032787,FALSE
1658992,"N",0.262295081967213,"N",FALSE,0.262295081967213,TRUE
1645066,"N",0.262295081967213,"N",FALSE,0.262295081967213,TRUE
1652569,"N",0.262295081967213,"N",FALSE,0.262295081967213,TRUE
1645452,"N",0.262295081967213,"N",FALSE,0.262295081967213,TRUE
1654981,"N",0.262295081967213,"N",FALSE,0.262295081967213,TRUE
1640401,"N",0.262295081967213,"N",FALSE,0.262295081967213,TRUE
1660442,"N",0.262295081967213,"N",FALSE,0.262295081967213,TRUE
1653254,"N",0.262295081967213,"N",FALSE,0.262295081967213,TRUE
1689133,"N",0.262295081967213,"N",FALSE,0.262295081967213,TRUE
1677189,"N",0.262295081967213,"N",FALSE,0.262295081967213,TRUE
1706430,"N",0.262295081967213,"N",FALSE,0.262295081967213,TRUE
1678521,"Y",0.262295081967213,"N",TRUE,0.737704918032787,FALSE
1693529,"N",0.262295081967213,"N",FALSE,0.262295081967213,TRUE
1679172,"N",0.262295081967213,"N",FALSE,0.262295081967213,TRUE
1695072,"N",0.262295081967213,"N",FALSE,0.262295081967213,TRUE
1729733,"N",0.262295081967213,"N",FALSE,0.262295081967213,TRUE
1695886,"N",0.262295081967213,"N",FALSE,0.262295081967213,TRUE
1689861,"N",0.262295081967213,"N",FALSE,0.262295081967213,TRUE
1736620,"N",0.262295081967213,"N",FALSE,0.262295081967213,TRUE
1745899,"N",0.262295081967213,"N",FALSE,0.262295081967213,TRUE
1729566,"N",0.262295081967213,"N",FALSE,0.262295081967213,TRUE
1746714,"N",0.262295081967213,"N",FALSE,0.262295081967213,TRUE
1725687,"N",0.262295081967213,"N",FALSE,0.262295081967213,TRUE
1711654,"N",0.262295081967213,"N",FALSE,0.262295081967213,TRUE
1740749,"N",0.262295081967213,"N",FALSE,0.262295081967213,TRUE
1710954,"N",0.262295081967213,"N",FALSE,0.262295081967213,TRUE
1742678,"N",0.262295081967213,"N",FALSE,0.262295081967213,TRUE
1755349,"N",0.262295081967213,"N",FALSE,0.262295081967213,TRUE
1720461,"N",0.262295081967213,"N",FALSE,0.262295081967213,TRUE
1741135,"N",0.262295081967213,"N",FALSE,0.262295081967213,TRUE
1740897,"N",0.262295081967213,"N",FALSE,0.262295081967213,TRUE
1749563,"N",0.262295081967213,"N",FALSE,0.262295081967213,TRUE
1749758,"N",0.262295081967213,"N",FALSE,0.262295081967213,TRUE
1749156,"Y",0.262295081967213,"N",TRUE,0.737704918032787,FALSE
1787546,"N",0.262295081967213,"N",FALSE,0.262295081967213,TRUE
1782148,"Y",0.262295081967213,"N",TRUE,0.737704918032787,FALSE
1768982,"N",0.262295081967213,"N",FALSE,0.262295081967213,TRUE
1762337,"N",0.262295081967213,"N",FALSE,0.262295081967213,TRUE
1806470,"N",0.262295081967213,"N",FALSE,0.262295081967213,TRUE
1765095,"N",0.262295081967213,"N",FALSE,0.262295081967213,TRUE
1770358,"N",0.262295081967213,"N",FALSE,0.262295081967213,TRUE
1785433,"N",0.262295081967213,"N",FALSE,0.262295081967213,TRUE
1806083,"N",0.262295081967213,"N",FALSE,0.262295081967213,TRUE
1792668,"N",0.262295081967213,"N",FALSE,0.262295081967213,TRUE
1811570,"N",0.262295081967213,"N",FALSE,0.262295081967213,TRUE
1818043,"N",0.262295081967213,"N",FALSE,0.262295081967213,TRUE
1803551,"N",0.262295081967213,"N",FALSE,0.262295081967213,TRUE
1817595,"N",0.262295081967213,"N",FALSE,0.262295081967213,TRUE
1818288,"N",0.262295081967213,"N",FALSE,0.262295081967213,TRUE
1813217,"N",0.262295081967213,"N",FALSE,0.262295081967213,TRUE
1835483,"N",0.262295081967213,"N",FALSE,0.262295081967213,TRUE
1841485,"Y",0.262295081967213,"N",TRUE,0.737704918032787,FALSE
1841816,"N",0.262295081967213,"N",FALSE,0.262295081967213,TRUE
1828360,"N",0.262295081967213,"N",FALSE,0.262295081967213,TRUE
1842152,"N",0.262295081967213,"N",FALSE,0.262295081967213,TRUE
1867740,"Y",0.262295081967213,"N",TRUE,0.737704918032787,FALSE
1829911,"N",0.262295081967213,"N",FALSE,0.262295081967213,TRUE
1831889,"N",0.262295081967213,"N",FALSE,0.262295081967213,TRUE
1845247,"N",0.262295081967213,"N",FALSE,0.262295081967213,TRUE
1847242,"N",0.262295081967213,"N",FALSE,0.262295081967213,TRUE
1846279,"N",0.262295081967213,"N",FALSE,0.262295081967213,TRUE
1868115,"N",0.262295081967213,"N",FALSE,0.262295081967213,TRUE
1857270,"N",0.262295081967213,"N",FALSE,0.262295081967213,TRUE
1862438,"N",0.262295081967213,"N",FALSE,0.262295081967213,TRUE
1897361,"Y",0.262295081967213,"N",TRUE,0.737704918032787,FALSE
1900083,"Y",0.262295081967213,"N",TRUE,0.737704918032787,FALSE
1879715,"N",0.262295081967213,"N",FALSE,0.262295081967213,TRUE
1898995,"N",0.262295081967213,"N",FALSE,0.262295081967213,TRUE
1884259,"N",0.262295081967213,"N",FALSE,0.262295081967213,TRUE
1886624,"N",0.262295081967213,"N",FALSE,0.262295081967213,TRUE
1891467,"N",0.262295081967213,"N",FALSE,0.262295081967213,TRUE
1904942,"N",0.262295081967213,"N",FALSE,0.262295081967213,TRUE
1888568,"N",0.262295081967213,"N",FALSE,0.262295081967213,TRUE
1887833,"N",0.262295081967213,"N",FALSE,0.262295081967213,TRUE
1903347,"N",0.262295081967213,"N",FALSE,0.262295081967213,TRUE
1911555,"N",0.262295081967213,"N",FALSE,0.262295081967213,TRUE
1897380,"N",0.262295081967213,"N",FALSE,0.262295081967213,TRUE
1918620,"Y",0.262295081967213,"N",TRUE,0.737704918032787,FALSE
1875208,"N",0.262295081967213,"N",FALSE,0.262295081967213,TRUE
1903818,"N",0.262295081967213,"N",FALSE,0.262295081967213,TRUE
1904420,"N",0.262295081967213,"N",FALSE,0.262295081967213,TRUE
1906955,"N",0.262295081967213,"N",FALSE,0.262295081967213,TRUE
1903944,"N",0.262295081967213,"N",FALSE,0.262295081967213,TRUE
1911939,"N",0.262295081967213,"N",FALSE,0.262295081967213,TRUE
1896522,"N",0.262295081967213,"N",FALSE,0.262295081967213,TRUE
1901221,"N",0.262295081967213,"N",FALSE,0.262295081967213,TRUE
1864644,"N",0.262295081967213,"N",FALSE,0.262295081967213,TRUE
1910073,"N",0.262295081967213,"N",FALSE,0.262295081967213,TRUE
1916090,"N",0.262295081967213,"N",FALSE,0.262295081967213,TRUE
1924564,"Y",0.262295081967213,"N",TRUE,0.737704918032787,FALSE
1906363,"N",0.262295081967213,"N",FALSE,0.262295081967213,TRUE
1909203,"N",0.262295081967213,"N",FALSE,0.262295081967213,TRUE
1923542,"N",0.262295081967213,"N",FALSE,0.262295081967213,TRUE
1904567,"N",0.262295081967213,"N",FALSE,0.262295081967213,TRUE
1913102,"N",0.262295081967213,"N",FALSE,0.262295081967213,TRUE
1917127,"N",0.262295081967213,"N",FALSE,0.262295081967213,TRUE
1963754,"N",0.262295081967213,"N",FALSE,0.262295081967213,TRUE
1908353,"N",0.262295081967213,"N",FALSE,0.262295081967213,TRUE
1901554,"N",0.262295081967213,"N",FALSE,0.262295081967213,TRUE
1964163,"N",0.262295081967213,"N",FALSE,0.262295081967213,TRUE
1850476,"N",0.262295081967213,"N",FALSE,0.262295081967213,TRUE
1964788,"N",0.262295081967213,"N",FALSE,0.262295081967213,TRUE
1955414,"Y",0.262295081967213,"N",TRUE,0.737704918032787,FALSE
1923986,"N",0.262295081967213,"N",FALSE,0.262295081967213,TRUE
1892369,"N",0.262295081967213,"N",FALSE,0.262295081967213,TRUE
1913151,"N",0.262295081967213,"N",FALSE,0.262295081967213,TRUE
1916804,"N",0.262295081967213,"N",FALSE,0.262295081967213,TRUE
1923512,"N",0.262295081967213,"N",FALSE,0.262295081967213,TRUE
1909400,"N",0.262295081967213,"N",FALSE,0.262295081967213,TRUE
1932807,"Y",0.262295081967213,"N",TRUE,0.737704918032787,FALSE
1924284,"N",0.262295081967213,"N",FALSE,0.262295081967213,TRUE
1919877,"N",0.262295081967213,"N",FALSE,0.262295081967213,TRUE
1903200,"N",0.262295081967213,"N",FALSE,0.262295081967213,TRUE
1895210,"N",0.262295081967213,"N",FALSE,0.262295081967213,TRUE
1849646,"N",0.262295081967213,"N",FALSE,0.262295081967213,TRUE
1920059,"N",0.262295081967213,"N",FALSE,0.262295081967213,TRUE
1917626,"N",0.262295081967213,"N",FALSE,0.262295081967213,TRUE
1928082,"N",0.262295081967213,"N",FALSE,0.262295081967213,TRUE
1922743,"N",0.262295081967213,"N",FALSE,0.262295081967213,TRUE
1935010,"N",0.262295081967213,"N",FALSE,0.262295081967213,TRUE
1977428,"N",0.262295081967213,"N",FALSE,0.262295081967213,TRUE
1946136,"N",0.262295081967213,"N",FALSE,0.262295081967213,TRUE
1931558,"N",0.262295081967213,"N",FALSE,0.262295081967213,TRUE
1928365,"N",0.262295081967213,"N",FALSE,0.262295081967213,TRUE
1954046,"Y",0.262295081967213,"N",TRUE,0.737704918032787,FALSE
1931586,"N",0.262295081967213,"N",FALSE,0.262295081967213,TRUE
1893304,"N",0.262295081967213,"N",FALSE,0.262295081967213,TRUE
1932571,"N",0.262295081967213,"N",FALSE,0.262295081967213,TRUE
1924343,"N",0.262295081967213,"N",FALSE,0.262295081967213,TRUE
1949639,"N",0.262295081967213,"N",FALSE,0.262295081967213,TRUE
1927427,"N",0.262295081967213,"N",FALSE,0.262295081967213,TRUE
1938009,"N",0.262295081967213,"N",FALSE,0.262295081967213,TRUE
1935819,"N",0.262295081967213,"N",FALSE,0.262295081967213,TRUE
1921929,"N",0.262295081967213,"N",FALSE,0.262295081967213,TRUE
1940230,"N",0.262295081967213,"N",FALSE,0.262295081967213,TRUE
1948656,"Y",0.262295081967213,"N",TRUE,0.737704918032787,FALSE
1944677,"N",0.262295081967213,"N",FALSE,0.262295081967213,TRUE
1960370,"N",0.262295081967213,"N",FALSE,0.262295081967213,TRUE
1958680,"N",0.262295081967213,"N",FALSE,0.262295081967213,TRUE
1949724,"N",0.262295081967213,"N",FALSE,0.262295081967213,TRUE
1935919,"N",0.262295081967213,"N",FALSE,0.262295081967213,TRUE
1961906,"N",0.262295081967213,"N",FALSE,0.262295081967213,TRUE
1923692,"N",0.262295081967213,"N",FALSE,0.262295081967213,TRUE
1912539,"N",0.262295081967213,"N",FALSE,0.262295081967213,TRUE
2025140,"Y",0.262295081967213,"N",TRUE,0.737704918032787,FALSE
1946697,"N",0.262295081967213,"N",FALSE,0.262295081967213,TRUE
1942784,"N",0.262295081967213,"N",FALSE,0.262295081967213,TRUE
1947476,"N",0.262295081967213,"N",FALSE,0.262295081967213,TRUE
2008379,"Y",0.262295081967213,"N",TRUE,0.737704918032787,FALSE
1965145,"N",0.262295081967213,"N",FALSE,0.262295081967213,TRUE
1956024,"N",0.262295081967213,"N",FALSE,0.262295081967213,TRUE
1964100,"N",0.262295081967213,"N",FALSE,0.262295081967213,TRUE
1952350,"N",0.262295081967213,"N",FALSE,0.262295081967213,TRUE
1964908,"N",0.262295081967213,"N",FALSE,0.262295081967213,TRUE
1963051,"N",0.262295081967213,"N",FALSE,0.262295081967213,TRUE
1965013,"N",0.262295081967213,"N",FALSE,0.262295081967213,TRUE
1978486,"N",0.262295081967213,"N",FALSE,0.262295081967213,TRUE
1966557,"N",0.262295081967213,"N",FALSE,0.262295081967213,TRUE
1970532,"N",0.262295081967213,"N",FALSE,0.262295081967213,TRUE
1955317,"N",0.262295081967213,"N",FALSE,0.262295081967213,TRUE
1973062,"N",0.262295081967213,"N",FALSE,0.262295081967213,TRUE
1980646,"Y",0.262295081967213,"N",TRUE,0.737704918032787,FALSE
1970116,"N",0.262295081967213,"N",FALSE,0.262295081967213,TRUE
1977395,"N",0.262295081967213,"N",FALSE,0.262295081967213,TRUE
1970516,"N",0.262295081967213,"N",FALSE,0.262295081967213,TRUE
1964832,"N",0.262295081967213,"N",FALSE,0.262295081967213,TRUE
1966542,"N",0.262295081967213,"N",FALSE,0.262295081967213,TRUE
1940340,"N",0.262295081967213,"N",FALSE,0.262295081967213,TRUE
1964906,"N",0.262295081967213,"N",FALSE,0.262295081967213,TRUE
1970817,"N",0.262295081967213,"N",FALSE,0.262295081967213,TRUE
1966225,"N",0.262295081967213,"N",FALSE,0.262295081967213,TRUE
1976008,"N",0.262295081967213,"N",FALSE,0.262295081967213,TRUE
1983385,"N",0.262295081967213,"N",FALSE,0.262295081967213,TRUE
1954556,"N",0.262295081967213,"N",FALSE,0.262295081967213,TRUE
1974481,"N",0.262295081967213,"N",FALSE,0.262295081967213,TRUE
1973144,"N",0.262295081967213,"N",FALSE,0.262295081967213,TRUE
1972512,"N",0.262295081967213,"N",FALSE,0.262295081967213,TRUE
1979723,"N",0.262295081967213,"N",FALSE,0.262295081967213,TRUE
1979911,"N",0.262295081967213,"N",FALSE,0.262295081967213,TRUE
2078429,"Y",0.262295081967213,"N",TRUE,0.737704918032787,FALSE
1973576,"N",0.262295081967213,"N",FALSE,0.262295081967213,TRUE
1998122,"Y",0.262295081967213,"N",TRUE,0.737704918032787,FALSE
1993652,"N",0.262295081967213,"N",FALSE,0.262295081967213,TRUE
1924363,"N",0.262295081967213,"N",FALSE,0.262295081967213,TRUE
1964260,"N",0.262295081967213,"N",FALSE,0.262295081967213,TRUE
1977795,"N",0.262295081967213,"N",FALSE,0.262295081967213,TRUE
1944501,"N",0.262295081967213,"N",FALSE,0.262295081967213,TRUE
1982415,"N",0.262295081967213,"N",FALSE,0.262295081967213,TRUE
1994830,"N",0.262295081967213,"N",FALSE,0.262295081967213,TRUE
1929477,"N",0.262295081967213,"N",FALSE,0.262295081967213,TRUE
1986651,"Y",0.262295081967213,"N",TRUE,0.737704918032787,FALSE
1986260,"N",0.262295081967213,"N",FALSE,0.262295081967213,TRUE
1999938,"N",0.262295081967213,"N",FALSE,0.262295081967213,TRUE
1986812,"N",0.262295081967213,"N",FALSE,0.262295081967213,TRUE
1998744,"N",0.262295081967213,"N",FALSE,0.262295081967213,TRUE
1985479,"N",0.262295081967213,"N",FALSE,0.262295081967213,TRUE
2000690,"N",0.262295081967213,"N",FALSE,0.262295081967213,TRUE
1988760,"N",0.262295081967213,"N",FALSE,0.262295081967213,TRUE
1985669,"N",0.262295081967213,"N",FALSE,0.262295081967213,TRUE
1946333,"N",0.262295081967213,"N",FALSE,0.262295081967213,TRUE
1993877,"N",0.262295081967213,"N",FALSE,0.262295081967213,TRUE
1972954,"N",0.262295081967213,"N",FALSE,0.262295081967213,TRUE
1983935,"N",0.262295081967213,"N",FALSE,0.262295081967213,TRUE
1994019,"N",0.262295081967213,"N",FALSE,0.262295081967213,TRUE
1954384,"N",0.262295081967213,"N",FALSE,0.262295081967213,TRUE
2010256,"N",0.262295081967213,"N",FALSE,0.262295081967213,TRUE
1974620,"N",0.262295081967213,"N",FALSE,0.262295081967213,TRUE
2001203,"N",0.262295081967213,"N",FALSE,0.262295081967213,TRUE
1940768,"N",0.262295081967213,"N",FALSE,0.262295081967213,TRUE
2005106,"N",0.262295081967213,"N",FALSE,0.262295081967213,TRUE
2001616,"N",0.262295081967213,"N",FALSE,0.262295081967213,TRUE
2012295,"N",0.262295081967213,"N",FALSE,0.262295081967213,TRUE
1959994,"N",0.262295081967213,"N",FALSE,0.262295081967213,TRUE
1996460,"N",0.262295081967213,"N",FALSE,0.262295081967213,TRUE
2007045,"N",0.262295081967213,"N",FALSE,0.262295081967213,TRUE
1999413,"N",0.262295081967213,"N",FALSE,0.262295081967213,TRUE
2090410,"Y",0.262295081967213,"N",TRUE,0.737704918032787,FALSE
1997722,"N",0.262295081967213,"N",FALSE,0.262295081967213,TRUE
2015242,"N",0.262295081967213,"N",FALSE,0.262295081967213,TRUE
1199643,"N",0.262295081967213,"N",FALSE,0.262295081967213,TRUE
2015878,"Y",0.262295081967213,"N",TRUE,0.737704918032787,FALSE
2000405,"N",0.262295081967213,"N",FALSE,0.262295081967213,TRUE
2002093,"N",0.262295081967213,"N",FALSE,0.262295081967213,TRUE
2005372,"N",0.262295081967213,"N",FALSE,0.262295081967213,TRUE
1985547,"N",0.262295081967213,"N",FALSE,0.262295081967213,TRUE
2022357,"N",0.262295081967213,"N",FALSE,0.262295081967213,TRUE
2008472,"N",0.262295081967213,"N",FALSE,0.262295081967213,TRUE
2022079,"N",0.262295081967213,"N",FALSE,0.262295081967213,TRUE
2025196,"N",0.262295081967213,"N",FALSE,0.262295081967213,TRUE
2005026,"N",0.262295081967213,"N",FALSE,0.262295081967213,TRUE
2018892,"N",0.262295081967213,"N",FALSE,0.262295081967213,TRUE
2029931,"N",0.262295081967213,"N",FALSE,0.262295081967213,TRUE
2022289,"N",0.262295081967213,"N",FALSE,0.262295081967213,TRUE
2035556,"Y",0.262295081967213,"N",TRUE,0.737704918032787,FALSE
1986795,"N",0.262295081967213,"N",FALSE,0.262295081967213,TRUE
2015416,"N",0.262295081967213,"N",FALSE,0.262295081967213,TRUE
2008981,"N",0.262295081967213,"N",FALSE,0.262295081967213,TRUE
2031603,"N",0.262295081967213,"N",FALSE,0.262295081967213,TRUE
2016155,"N",0.262295081967213,"N",FALSE,0.262295081967213,TRUE
2018344,"N",0.262295081967213,"N",FALSE,0.262295081967213,TRUE
2075942,"Y",0.262295081967213,"N",TRUE,0.737704918032787,FALSE
2024896,"N",0.262295081967213,"N",FALSE,0.262295081967213,TRUE
2028700,"N",0.262295081967213,"N",FALSE,0.262295081967213,TRUE
2037839,"N",0.262295081967213,"N",FALSE,0.262295081967213,TRUE
2036874,"N",0.262295081967213,"N",FALSE,0.262295081967213,TRUE
1933571,"N",0.262295081967213,"N",FALSE,0.262295081967213,TRUE
2042357,"N",0.262295081967213,"N",FALSE,0.262295081967213,TRUE
2049114,"Y",0.262295081967213,"N",TRUE,0.737704918032787,FALSE
2028736,"N",0.262295081967213,"N",FALSE,0.262295081967213,TRUE
2037151,"N",0.262295081967213,"N",FALSE,0.262295081967213,TRUE
1962289,"N",0.262295081967213,"N",FALSE,0.262295081967213,TRUE
2053951,"N",0.262295081967213,"N",FALSE,0.262295081967213,TRUE
1981621,"N",0.262295081967213,"N",FALSE,0.262295081967213,TRUE
2039882,"N",0.262295081967213,"N",FALSE,0.262295081967213,TRUE
2057714,"Y",0.262295081967213,"N",TRUE,0.737704918032787,FALSE
