"ComplaintID","CDisputed.fctr","CDisputed.fctr.All.X..rcv.gbm.prob","CDisputed.fctr.All.X..rcv.gbm","CDisputed.fctr.All.X..rcv.gbm.err","CDisputed.fctr.All.X..rcv.gbm.err.abs","CDisputed.fctr.All.X..rcv.gbm.is.acc"
947849,"N",0.434383113514349,"Y",TRUE,0.434383113514349,FALSE
957249,"N",0.572187044252564,"Y",TRUE,0.572187044252564,FALSE
951527,"N",0.445555579857805,"Y",TRUE,0.445555579857805,FALSE
968052,"Y",0.353608470086831,"Y",FALSE,0.646391529913169,TRUE
953852,"N",0.353134771019151,"Y",TRUE,0.353134771019151,FALSE
969674,"N",0.173613420450943,"N",FALSE,0.173613420450943,TRUE
975049,"N",0.25521829815584,"N",FALSE,0.25521829815584,TRUE
998319,"N",0.425951882053833,"Y",TRUE,0.425951882053833,FALSE
971723,"N",0.463129987910574,"Y",TRUE,0.463129987910574,FALSE
1001683,"N",0.398508675434057,"Y",TRUE,0.398508675434057,FALSE
1008763,"N",0.451389883920022,"Y",TRUE,0.451389883920022,FALSE
1009853,"N",0.385847087778451,"Y",TRUE,0.385847087778451,FALSE
1011556,"N",0.515662620929376,"Y",TRUE,0.515662620929376,FALSE
1018821,"N",0.382851790583821,"Y",TRUE,0.382851790583821,FALSE
1044805,"N",0.543291645247295,"Y",TRUE,0.543291645247295,FALSE
1044033,"N",0.384601092299659,"Y",TRUE,0.384601092299659,FALSE
1055136,"N",0.21438616871486,"N",FALSE,0.21438616871486,TRUE
1055725,"N",0.361945093452993,"Y",TRUE,0.361945093452993,FALSE
1041283,"N",0.129737742825182,"N",FALSE,0.129737742825182,TRUE
1050179,"N",0.231644626762495,"N",FALSE,0.231644626762495,TRUE
1055722,"N",0.248506743733645,"N",FALSE,0.248506743733645,TRUE
1050514,"N",0.409841825367277,"Y",TRUE,0.409841825367277,FALSE
1073908,"N",0.160421513745,"N",FALSE,0.160421513745,TRUE
1081557,"N",0.338462538528177,"Y",TRUE,0.338462538528177,FALSE
1124192,"N",0.207496976207893,"N",FALSE,0.207496976207893,TRUE
1119968,"N",0.331262753138986,"Y",TRUE,0.331262753138986,FALSE
1098794,"N",0.454832989401163,"Y",TRUE,0.454832989401163,FALSE
1092636,"Y",0.269804065907932,"N",TRUE,0.730195934092068,FALSE
1099214,"N",0.262631392490987,"N",FALSE,0.262631392490987,TRUE
1122025,"N",0.185375313961351,"N",FALSE,0.185375313961351,TRUE
1114386,"N",0.352198690507594,"Y",TRUE,0.352198690507594,FALSE
1143267,"Y",0.236470554511665,"N",TRUE,0.763529445488335,FALSE
1103989,"N",0.189124521010248,"N",FALSE,0.189124521010248,TRUE
1144408,"N",0.279363975555595,"N",FALSE,0.279363975555595,TRUE
1100726,"N",0.259148309481939,"N",FALSE,0.259148309481939,TRUE
1127866,"N",0.271730306837994,"N",FALSE,0.271730306837994,TRUE
1145737,"N",0.228613083173679,"N",FALSE,0.228613083173679,TRUE
1137635,"N",0.495073231088059,"Y",TRUE,0.495073231088059,FALSE
1138530,"N",0.41144550435375,"Y",TRUE,0.41144550435375,FALSE
1138937,"N",0.191262396500253,"N",FALSE,0.191262396500253,TRUE
1154285,"N",0.360126261236235,"Y",TRUE,0.360126261236235,FALSE
1156646,"N",0.309275248123922,"Y",TRUE,0.309275248123922,FALSE
1150403,"N",0.276777262193882,"N",FALSE,0.276777262193882,TRUE
1165644,"N",0.247014074301237,"N",FALSE,0.247014074301237,TRUE
1180759,"N",0.42875721311969,"Y",TRUE,0.42875721311969,FALSE
1187750,"N",0.249222515174358,"N",FALSE,0.249222515174358,TRUE
1187981,"N",0.316550380042034,"Y",TRUE,0.316550380042034,FALSE
1195643,"N",0.331475932966887,"Y",TRUE,0.331475932966887,FALSE
1183093,"N",0.417977724913675,"Y",TRUE,0.417977724913675,FALSE
1183819,"N",0.209232077274498,"N",FALSE,0.209232077274498,TRUE
1194119,"N",0.536841114867106,"Y",TRUE,0.536841114867106,FALSE
1204649,"N",0.344047126388965,"Y",TRUE,0.344047126388965,FALSE
1212781,"N",0.306459237294227,"Y",TRUE,0.306459237294227,FALSE
1206626,"N",0.465298745978792,"Y",TRUE,0.465298745978792,FALSE
1245095,"Y",0.278687956058653,"N",TRUE,0.721312043941347,FALSE
1209458,"N",0.471413261403275,"Y",TRUE,0.471413261403275,FALSE
1232204,"N",0.228249368101032,"N",FALSE,0.228249368101032,TRUE
1211873,"N",0.357231243031923,"Y",TRUE,0.357231243031923,FALSE
1219282,"N",0.417549869839323,"Y",TRUE,0.417549869839323,FALSE
1262755,"Y",0.224172010945959,"N",TRUE,0.775827989054041,FALSE
1241032,"N",0.0938225203497257,"N",FALSE,0.0938225203497257,TRUE
1241148,"N",0.206321812108235,"N",FALSE,0.206321812108235,TRUE
1241295,"N",0.301223974750417,"Y",TRUE,0.301223974750417,FALSE
1228356,"N",0.244494400858771,"N",FALSE,0.244494400858771,TRUE
1228591,"N",0.351232665057631,"Y",TRUE,0.351232665057631,FALSE
1243124,"N",0.21630866444323,"N",FALSE,0.21630866444323,TRUE
1266024,"N",0.310336351243609,"Y",TRUE,0.310336351243609,FALSE
1257916,"N",0.500482175433446,"Y",TRUE,0.500482175433446,FALSE
1283380,"N",0.172658615793716,"N",FALSE,0.172658615793716,TRUE
1289233,"N",0.367148862028033,"Y",TRUE,0.367148862028033,FALSE
1274110,"N",0.304162530565859,"Y",TRUE,0.304162530565859,FALSE
1267674,"N",0.2701134646442,"N",FALSE,0.2701134646442,TRUE
1275237,"N",0.411077249669833,"Y",TRUE,0.411077249669833,FALSE
1298364,"N",0.218139711198905,"N",FALSE,0.218139711198905,TRUE
1306257,"N",0.388777701887746,"Y",TRUE,0.388777701887746,FALSE
1277954,"N",0.170995615660555,"N",FALSE,0.170995615660555,TRUE
1299860,"N",0.180983350620278,"N",FALSE,0.180983350620278,TRUE
1293137,"N",0.148983412485913,"N",FALSE,0.148983412485913,TRUE
1301241,"N",0.175356596684837,"N",FALSE,0.175356596684837,TRUE
1313669,"N",0.297531550677943,"N",FALSE,0.297531550677943,TRUE
1326610,"N",0.240235158126112,"N",FALSE,0.240235158126112,TRUE
1356824,"N",0.39664972033925,"Y",TRUE,0.39664972033925,FALSE
1342342,"N",0.211936982000678,"N",FALSE,0.211936982000678,TRUE
1357129,"N",0.271057733111997,"N",FALSE,0.271057733111997,TRUE
1336331,"N",0.530270434874522,"Y",TRUE,0.530270434874522,FALSE
1366079,"N",0.399417136908387,"Y",TRUE,0.399417136908387,FALSE
1350092,"N",0.214176896230055,"N",FALSE,0.214176896230055,TRUE
1350689,"N",0.331355776496201,"Y",TRUE,0.331355776496201,FALSE
1330702,"N",0.298000464690028,"N",FALSE,0.298000464690028,TRUE
1383744,"Y",0.613100584062271,"Y",FALSE,0.386899415937729,TRUE
1383532,"N",0.600950481812243,"Y",TRUE,0.600950481812243,FALSE
1354711,"N",0.241344706109889,"N",FALSE,0.241344706109889,TRUE
1376553,"N",0.159608087523516,"N",FALSE,0.159608087523516,TRUE
1362650,"N",0.276232654836027,"N",FALSE,0.276232654836027,TRUE
1376730,"N",0.171270391007124,"N",FALSE,0.171270391007124,TRUE
1356101,"N",0.18820926628409,"N",FALSE,0.18820926628409,TRUE
1386582,"N",0.318749635371837,"Y",TRUE,0.318749635371837,FALSE
1401522,"N",0.219733446821885,"N",FALSE,0.219733446821885,TRUE
1380681,"N",0.430141235727347,"Y",TRUE,0.430141235727347,FALSE
1408499,"N",0.335681392836082,"Y",TRUE,0.335681392836082,FALSE
1408573,"N",0.187362343505159,"N",FALSE,0.187362343505159,TRUE
1396321,"Y",0.429002669428562,"Y",FALSE,0.570997330571438,TRUE
1409878,"N",0.298021942392859,"N",FALSE,0.298021942392859,TRUE
1410514,"N",0.167771922764485,"N",FALSE,0.167771922764485,TRUE
1418284,"N",0.124613410030415,"N",FALSE,0.124613410030415,TRUE
1417355,"N",0.297640786301804,"N",FALSE,0.297640786301804,TRUE
1390304,"N",0.350675301218702,"Y",TRUE,0.350675301218702,FALSE
1412099,"N",0.246350194054749,"N",FALSE,0.246350194054749,TRUE
1405707,"N",0.384232879870104,"Y",TRUE,0.384232879870104,FALSE
1408295,"Y",0.338506136257384,"Y",FALSE,0.661493863742616,TRUE
1430331,"N",0.232606299624046,"N",FALSE,0.232606299624046,TRUE
1436263,"N",0.158252253562257,"N",FALSE,0.158252253562257,TRUE
1454598,"Y",0.409358811206794,"Y",FALSE,0.590641188793206,TRUE
1433399,"N",0.150142397848704,"N",FALSE,0.150142397848704,TRUE
1448171,"N",0.532698945971278,"Y",TRUE,0.532698945971278,FALSE
1486288,"N",0.30605539808533,"Y",TRUE,0.30605539808533,FALSE
1485324,"N",0.272923931460992,"N",FALSE,0.272923931460992,TRUE
1478538,"N",0.548636734812198,"Y",TRUE,0.548636734812198,FALSE
1466720,"N",0.627601103470076,"Y",TRUE,0.627601103470076,FALSE
1492961,"N",0.311931237741681,"Y",TRUE,0.311931237741681,FALSE
1494142,"N",0.201852216087306,"N",FALSE,0.201852216087306,TRUE
1494565,"Y",0.396789344950998,"Y",FALSE,0.603210655049002,TRUE
1503092,"N",0.131208566955932,"N",FALSE,0.131208566955932,TRUE
1491277,"N",0.324500925545456,"Y",TRUE,0.324500925545456,FALSE
1490733,"N",0.22875577704946,"N",FALSE,0.22875577704946,TRUE
1491904,"N",0.406189465499773,"Y",TRUE,0.406189465499773,FALSE
1499849,"N",0.366566678527612,"Y",TRUE,0.366566678527612,FALSE
1529875,"N",0.480046294436319,"Y",TRUE,0.480046294436319,FALSE
1536843,"N",0.165601685645579,"N",FALSE,0.165601685645579,TRUE
1561393,"N",0.335412228788548,"Y",TRUE,0.335412228788548,FALSE
1547581,"N",0.580934720524662,"Y",TRUE,0.580934720524662,FALSE
1555274,"Y",0.633583773296774,"Y",FALSE,0.366416226703226,TRUE
1562642,"N",0.456749916724331,"Y",TRUE,0.456749916724331,FALSE
1532368,"N",0.318355425276625,"Y",TRUE,0.318355425276625,FALSE
1532381,"Y",0.240711365309482,"N",TRUE,0.759288634690518,FALSE
1535058,"N",0.35687456435648,"Y",TRUE,0.35687456435648,FALSE
1563956,"N",0.549637293181625,"Y",TRUE,0.549637293181625,FALSE
1565461,"N",0.197304412116012,"N",FALSE,0.197304412116012,TRUE
1567932,"N",0.245709788177074,"N",FALSE,0.245709788177074,TRUE
1574328,"N",0.518199082041648,"Y",TRUE,0.518199082041648,FALSE
1582929,"N",0.386155595587192,"Y",TRUE,0.386155595587192,FALSE
1604719,"N",0.17683515938148,"N",FALSE,0.17683515938148,TRUE
1604848,"N",0.121274330712747,"N",FALSE,0.121274330712747,TRUE
1569745,"N",0.41241766756637,"Y",TRUE,0.41241766756637,FALSE
1569890,"N",0.584330716281798,"Y",TRUE,0.584330716281798,FALSE
1605572,"N",0.0868148114945638,"N",FALSE,0.0868148114945638,TRUE
1605672,"N",0.104274665286434,"N",FALSE,0.104274665286434,TRUE
1605830,"N",0.0620622859912686,"N",FALSE,0.0620622859912686,TRUE
1613021,"N",0.100820449153416,"N",FALSE,0.100820449153416,TRUE
1605883,"N",0.0755690047793105,"N",FALSE,0.0755690047793105,TRUE
1613059,"N",0.0871241857742916,"N",FALSE,0.0871241857742916,TRUE
1605935,"N",0.0874992272239035,"N",FALSE,0.0874992272239035,TRUE
1606141,"N",0.0652582770725202,"N",FALSE,0.0652582770725202,TRUE
1606273,"N",0.108973715441292,"N",FALSE,0.108973715441292,TRUE
1620381,"N",0.0770038996626545,"N",FALSE,0.0770038996626545,TRUE
1613617,"N",0.0945986752356219,"N",FALSE,0.0945986752356219,TRUE
1613759,"N",0.0767503608904099,"N",FALSE,0.0767503608904099,TRUE
1620841,"N",0.0785652484786699,"N",FALSE,0.0785652484786699,TRUE
1621342,"N",0.0755037867746459,"N",FALSE,0.0755037867746459,TRUE
1613971,"N",0.0942648576405853,"N",FALSE,0.0942648576405853,TRUE
1621396,"N",0.0862763663138236,"N",FALSE,0.0862763663138236,TRUE
1621398,"N",0.0779470738014552,"N",FALSE,0.0779470738014552,TRUE
1621413,"N",0.0749462721726153,"N",FALSE,0.0749462721726153,TRUE
1598374,"N",0.381197860920633,"Y",TRUE,0.381197860920633,FALSE
1621468,"N",0.0754947519873826,"N",FALSE,0.0754947519873826,TRUE
1621488,"N",0.066077221859746,"N",FALSE,0.066077221859746,TRUE
1614271,"N",0.102991883994252,"N",FALSE,0.102991883994252,TRUE
1615217,"N",0.105126243699065,"N",FALSE,0.105126243699065,TRUE
1621767,"N",0.069295336434841,"N",FALSE,0.069295336434841,TRUE
1615177,"N",0.113854730519211,"N",FALSE,0.113854730519211,TRUE
1615251,"N",0.0800282892330597,"N",FALSE,0.0800282892330597,TRUE
1607900,"N",0.25567574321403,"N",FALSE,0.25567574321403,TRUE
1615299,"N",0.0898082578537648,"N",FALSE,0.0898082578537648,TRUE
1621970,"N",0.0671188283132581,"N",FALSE,0.0671188283132581,TRUE
1622078,"N",0.069295336434841,"N",FALSE,0.069295336434841,TRUE
1622272,"N",0.0762139324605929,"N",FALSE,0.0762139324605929,TRUE
1622615,"N",0.0758135030881609,"N",FALSE,0.0758135030881609,TRUE
1608144,"N",0.0965355010416168,"N",FALSE,0.0965355010416168,TRUE
1593463,"N",0.371821447699142,"Y",TRUE,0.371821447699142,FALSE
1600639,"N",0.277014906822476,"N",FALSE,0.277014906822476,TRUE
1615613,"N",0.133032730915254,"N",FALSE,0.133032730915254,TRUE
1622662,"N",0.0784884018921541,"N",FALSE,0.0784884018921541,TRUE
1630827,"N",0.0904802718616424,"N",FALSE,0.0904802718616424,TRUE
1622699,"N",0.0684971406510797,"N",FALSE,0.0684971406510797,TRUE
1622710,"N",0.0728667678192384,"N",FALSE,0.0728667678192384,TRUE
1630910,"N",0.0852125415725457,"N",FALSE,0.0852125415725457,TRUE
1622807,"N",0.0782632247821055,"N",FALSE,0.0782632247821055,TRUE
1623313,"N",0.103638614695831,"N",FALSE,0.103638614695831,TRUE
1623331,"N",0.0763986741823013,"N",FALSE,0.0763986741823013,TRUE
1623366,"N",0.0823663952984582,"N",FALSE,0.0823663952984582,TRUE
1623161,"N",0.0606391207731073,"N",FALSE,0.0606391207731073,TRUE
1623481,"N",0.0649859037650227,"N",FALSE,0.0649859037650227,TRUE
1623462,"N",0.0740204171406933,"N",FALSE,0.0740204171406933,TRUE
1616233,"N",0.0996782639895806,"N",FALSE,0.0996782639895806,TRUE
1631249,"N",0.0782826992363631,"N",FALSE,0.0782826992363631,TRUE
1623535,"N",0.0816218812488939,"N",FALSE,0.0816218812488939,TRUE
1631275,"N",0.0878697207548668,"N",FALSE,0.0878697207548668,TRUE
1631319,"N",0.0809549543315997,"N",FALSE,0.0809549543315997,TRUE
1623652,"N",0.0778363659225985,"N",FALSE,0.0778363659225985,TRUE
1624093,"N",0.0749709138045026,"N",FALSE,0.0749709138045026,TRUE
1624103,"N",0.071008882609719,"N",FALSE,0.071008882609719,TRUE
1616497,"N",0.0784884018921541,"N",FALSE,0.0784884018921541,TRUE
1616573,"N",0.0627246444905758,"N",FALSE,0.0627246444905758,TRUE
1624209,"N",0.0549178680569367,"N",FALSE,0.0549178680569367,TRUE
1616639,"N",0.0781554822354054,"N",FALSE,0.0781554822354054,TRUE
1617486,"N",0.104959224123488,"N",FALSE,0.104959224123488,TRUE
1617507,"N",0.111894119974939,"N",FALSE,0.111894119974939,TRUE
1631668,"N",0.0685188946962044,"N",FALSE,0.0685188946962044,TRUE
1617595,"N",0.0910366363129477,"N",FALSE,0.0910366363129477,TRUE
1617603,"N",0.17411111267628,"N",FALSE,0.17411111267628,TRUE
1617617,"N",0.0679922866064975,"N",FALSE,0.0679922866064975,TRUE
1624480,"N",0.0683197742607484,"N",FALSE,0.0683197742607484,TRUE
1617315,"N",0.0887241671222714,"N",FALSE,0.0887241671222714,TRUE
1617767,"N",0.0872906657843221,"N",FALSE,0.0872906657843221,TRUE
1624704,"N",0.0754947519873826,"N",FALSE,0.0754947519873826,TRUE
1617948,"N",0.0772637010983748,"N",FALSE,0.0772637010983748,TRUE
1625039,"N",0.0848059649961735,"N",FALSE,0.0848059649961735,TRUE
1632182,"N",0.0736909248287839,"N",FALSE,0.0736909248287839,TRUE
1625533,"N",0.0741134327300285,"N",FALSE,0.0741134327300285,TRUE
1618783,"N",0.0678668223728335,"N",FALSE,0.0678668223728335,TRUE
1626266,"N",0.0909721602808913,"N",FALSE,0.0909721602808913,TRUE
1619647,"N",0.0837230418111682,"N",FALSE,0.0837230418111682,TRUE
1619722,"N",0.0820895546741757,"N",FALSE,0.0820895546741757,TRUE
1619741,"N",0.0729936711059563,"N",FALSE,0.0729936711059563,TRUE
1619742,"N",0.0787234643056743,"N",FALSE,0.0787234643056743,TRUE
1626539,"N",0.0817413039741222,"N",FALSE,0.0817413039741222,TRUE
1619894,"N",0.066984756372924,"N",FALSE,0.066984756372924,TRUE
1633284,"N",0.0729910657296849,"N",FALSE,0.0729910657296849,TRUE
1620239,"N",0.0891975482112434,"N",FALSE,0.0891975482112434,TRUE
1627316,"N",0.127942287167719,"N",FALSE,0.127942287167719,TRUE
1647851,"N",0.21323517710421,"N",FALSE,0.21323517710421,TRUE
1611552,"N",0.0806357931082227,"N",FALSE,0.0806357931082227,TRUE
1642774,"N",0.225802777813415,"N",FALSE,0.225802777813415,TRUE
1634134,"N",0.110300565154786,"N",FALSE,0.110300565154786,TRUE
1634139,"N",0.0636940155238265,"N",FALSE,0.0636940155238265,TRUE
1640914,"N",0.171496409788244,"N",FALSE,0.171496409788244,TRUE
1634151,"N",0.0795299427695156,"N",FALSE,0.0795299427695156,TRUE
1612215,"N",0.128005328403089,"N",FALSE,0.128005328403089,TRUE
1634334,"N",0.0963791313465506,"N",FALSE,0.0963791313465506,TRUE
1634357,"N",0.0865947001578605,"N",FALSE,0.0865947001578605,TRUE
1612903,"N",0.0831788270414588,"N",FALSE,0.0831788270414588,TRUE
1635282,"N",0.0877335820469485,"N",FALSE,0.0877335820469485,TRUE
1635351,"N",0.0991946007309213,"N",FALSE,0.0991946007309213,TRUE
1648545,"N",0.126837777906502,"N",FALSE,0.126837777906502,TRUE
1635419,"N",0.0704899256490352,"N",FALSE,0.0704899256490352,TRUE
1642075,"N",0.0845705199409013,"N",FALSE,0.0845705199409013,TRUE
1627789,"N",0.0879172596593097,"N",FALSE,0.0879172596593097,TRUE
1628647,"N",0.0675841768564938,"N",FALSE,0.0675841768564938,TRUE
1650324,"N",0.144880997630661,"N",FALSE,0.144880997630661,TRUE
1650490,"N",0.139592495846549,"N",FALSE,0.139592495846549,TRUE
1644904,"N",0.180771021922841,"N",FALSE,0.180771021922841,TRUE
1644959,"N",0.0948081994267527,"N",FALSE,0.0948081994267527,TRUE
1651199,"N",0.432413268813799,"Y",TRUE,0.432413268813799,FALSE
1629594,"N",0.106168553230265,"N",FALSE,0.106168553230265,TRUE
1629595,"N",0.0694077928794725,"N",FALSE,0.0694077928794725,TRUE
1629616,"N",0.0855791629705641,"N",FALSE,0.0855791629705641,TRUE
1636369,"N",0.102617535295703,"N",FALSE,0.102617535295703,TRUE
1629933,"N",0.0594291992571577,"N",FALSE,0.0594291992571577,TRUE
1658373,"N",0.157121552366932,"N",FALSE,0.157121552366932,TRUE
1630068,"Y",0.07210773500291,"N",TRUE,0.92789226499709,FALSE
1667165,"N",0.138657946223854,"N",FALSE,0.138657946223854,TRUE
1637814,"N",0.0956329026034057,"N",FALSE,0.0956329026034057,TRUE
1673929,"N",0.447442590778971,"Y",TRUE,0.447442590778971,FALSE
1652362,"N",0.456087778089039,"Y",TRUE,0.456087778089039,FALSE
1640225,"N",0.20228990927554,"N",FALSE,0.20228990927554,TRUE
1653687,"N",0.104280827057289,"N",FALSE,0.104280827057289,TRUE
1640515,"N",0.150088704402665,"N",FALSE,0.150088704402665,TRUE
1654302,"N",0.204825392289069,"N",FALSE,0.204825392289069,TRUE
1654265,"N",0.129683043371755,"N",FALSE,0.129683043371755,TRUE
1662446,"N",0.11397271892758,"N",FALSE,0.11397271892758,TRUE
1691019,"N",0.47794599451782,"Y",TRUE,0.47794599451782,FALSE
1706970,"N",0.222177119608859,"N",FALSE,0.222177119608859,TRUE
1713202,"N",0.137587679096136,"N",FALSE,0.137587679096136,TRUE
1693516,"N",0.367806665264802,"Y",TRUE,0.367806665264802,FALSE
1679194,"Y",0.234272680149476,"N",TRUE,0.765727319850524,FALSE
1705226,"N",0.650829802617325,"Y",TRUE,0.650829802617325,FALSE
1730648,"N",0.389474862520985,"Y",TRUE,0.389474862520985,FALSE
1729539,"N",0.26754660808998,"N",FALSE,0.26754660808998,TRUE
1688114,"N",0.180827247547046,"N",FALSE,0.180827247547046,TRUE
1695999,"N",0.325266897950359,"Y",TRUE,0.325266897950359,FALSE
1709545,"N",0.392150474663433,"Y",TRUE,0.392150474663433,FALSE
1730135,"N",0.302242064406073,"Y",TRUE,0.302242064406073,FALSE
1739173,"N",0.56472653898379,"Y",TRUE,0.56472653898379,FALSE
1744976,"N",0.343615434584363,"Y",TRUE,0.343615434584363,FALSE
1711162,"Y",0.226686691165611,"N",TRUE,0.773313308834389,FALSE
1724708,"N",0.326631775968812,"Y",TRUE,0.326631775968812,FALSE
1725973,"N",0.577169407847158,"Y",TRUE,0.577169407847158,FALSE
1711951,"N",0.274999384290664,"N",FALSE,0.274999384290664,TRUE
1717332,"N",0.184056537673329,"N",FALSE,0.184056537673329,TRUE
1710761,"N",0.105943195686018,"N",FALSE,0.105943195686018,TRUE
1718367,"N",0.254432134708446,"N",FALSE,0.254432134708446,TRUE
1733983,"N",0.23673056425748,"N",FALSE,0.23673056425748,TRUE
1748849,"N",0.252866580492936,"N",FALSE,0.252866580492936,TRUE
1737514,"N",0.406885699516016,"Y",TRUE,0.406885699516016,FALSE
1763843,"N",0.170567171035676,"N",FALSE,0.170567171035676,TRUE
1758066,"N",0.485316435429838,"Y",TRUE,0.485316435429838,FALSE
1757939,"N",0.200572318920513,"N",FALSE,0.200572318920513,TRUE
1774058,"Y",0.41527573172378,"Y",FALSE,0.58472426827622,TRUE
1751700,"N",0.33731625631699,"Y",TRUE,0.33731625631699,FALSE
1796946,"N",0.356583992535501,"Y",TRUE,0.356583992535501,FALSE
1804170,"N",0.300623763585716,"Y",TRUE,0.300623763585716,FALSE
1760117,"N",0.248906289352347,"N",FALSE,0.248906289352347,TRUE
1760181,"N",0.244107702244624,"N",FALSE,0.244107702244624,TRUE
1761324,"N",0.156993356293239,"N",FALSE,0.156993356293239,TRUE
1761162,"N",0.120288949976001,"N",FALSE,0.120288949976001,TRUE
1760128,"N",0.16484895546295,"N",FALSE,0.16484895546295,TRUE
1754681,"N",0.170800667704244,"N",FALSE,0.170800667704244,TRUE
1776305,"N",0.354542889912207,"Y",TRUE,0.354542889912207,FALSE
1807001,"Y",0.570361660409668,"Y",FALSE,0.429638339590332,TRUE
1762180,"N",0.199765025192561,"N",FALSE,0.199765025192561,TRUE
1768526,"N",0.450873962935348,"Y",TRUE,0.450873962935348,FALSE
1784161,"N",0.339103819647702,"Y",TRUE,0.339103819647702,FALSE
1769065,"N",0.281111197489439,"N",FALSE,0.281111197489439,TRUE
1778626,"N",0.35645138308481,"Y",TRUE,0.35645138308481,FALSE
1780331,"N",0.535438332717519,"Y",TRUE,0.535438332717519,FALSE
1793329,"N",0.288214403313421,"N",FALSE,0.288214403313421,TRUE
1801041,"N",0.325075535483313,"Y",TRUE,0.325075535483313,FALSE
1801821,"N",0.352001656735452,"Y",TRUE,0.352001656735452,FALSE
1795597,"N",0.364691869920079,"Y",TRUE,0.364691869920079,FALSE
1811892,"N",0.238431571867366,"N",FALSE,0.238431571867366,TRUE
1840339,"N",0.238982417146644,"N",FALSE,0.238982417146644,TRUE
1820849,"N",0.440149824817287,"Y",TRUE,0.440149824817287,FALSE
1820312,"N",0.450760759422011,"Y",TRUE,0.450760759422011,FALSE
1819712,"Y",0.374469455483504,"Y",FALSE,0.625530544516496,TRUE
1865546,"N",0.370974683470209,"Y",TRUE,0.370974683470209,FALSE
1842985,"N",0.594247389391813,"Y",TRUE,0.594247389391813,FALSE
1866034,"N",0.230926988972218,"N",FALSE,0.230926988972218,TRUE
1850663,"N",0.22336520435391,"N",FALSE,0.22336520435391,TRUE
1861239,"N",0.177588592829065,"N",FALSE,0.177588592829065,TRUE
1860749,"N",0.134140320286027,"N",FALSE,0.134140320286027,TRUE
1860955,"N",0.253755208231132,"N",FALSE,0.253755208231132,TRUE
1861565,"N",0.354949948095569,"Y",TRUE,0.354949948095569,FALSE
1876690,"N",0.315586105483772,"Y",TRUE,0.315586105483772,FALSE
1878940,"N",0.64157380894579,"Y",TRUE,0.64157380894579,FALSE
1863677,"N",0.196663302570692,"N",FALSE,0.196663302570692,TRUE
1947092,"Y",0.651939081671814,"Y",FALSE,0.348060918328186,TRUE
1885917,"N",0.622142613533902,"Y",TRUE,0.622142613533902,FALSE
1877079,"N",0.201307586935824,"N",FALSE,0.201307586935824,TRUE
1891995,"N",0.613918197961901,"Y",TRUE,0.613918197961901,FALSE
1824926,"N",0.231270522231736,"N",FALSE,0.231270522231736,TRUE
955928,"Y",0.570224761836065,"Y",FALSE,0.429775238163935,TRUE
945721,"N",0.504626757972121,"Y",TRUE,0.504626757972121,FALSE
945559,"N",0.13576959858386,"N",FALSE,0.13576959858386,TRUE
945564,"N",0.255368049785797,"N",FALSE,0.255368049785797,TRUE
954851,"N",0.388921213869091,"Y",TRUE,0.388921213869091,FALSE
994996,"N",0.287705262919667,"N",FALSE,0.287705262919667,TRUE
986452,"N",0.431980529619068,"Y",TRUE,0.431980529619068,FALSE
994660,"N",0.146488548416599,"N",FALSE,0.146488548416599,TRUE
988380,"N",0.127314116419131,"N",FALSE,0.127314116419131,TRUE
1024863,"N",0.468494835775636,"Y",TRUE,0.468494835775636,FALSE
1012985,"N",0.30815740226722,"Y",TRUE,0.30815740226722,FALSE
1013475,"N",0.416872242623955,"Y",TRUE,0.416872242623955,FALSE
989525,"N",0.151555007834722,"N",FALSE,0.151555007834722,TRUE
1037206,"N",0.186866554597323,"N",FALSE,0.186866554597323,TRUE
1052063,"N",0.18191776515318,"N",FALSE,0.18191776515318,TRUE
1044120,"N",0.187210210185738,"N",FALSE,0.187210210185738,TRUE
1060876,"N",0.13717533102196,"N",FALSE,0.13717533102196,TRUE
1069277,"N",0.153621852256659,"N",FALSE,0.153621852256659,TRUE
1069408,"N",0.23893856741978,"N",FALSE,0.23893856741978,TRUE
1047591,"N",0.389676327218565,"Y",TRUE,0.389676327218565,FALSE
1055498,"N",0.263320243021756,"N",FALSE,0.263320243021756,TRUE
1079866,"N",0.200154338660104,"N",FALSE,0.200154338660104,TRUE
1086443,"N",0.38787073341024,"Y",TRUE,0.38787073341024,FALSE
1087074,"N",0.288704367329348,"N",FALSE,0.288704367329348,TRUE
1087253,"N",0.365930185788164,"Y",TRUE,0.365930185788164,FALSE
1081758,"N",0.102055587151406,"N",FALSE,0.102055587151406,TRUE
1095619,"N",0.185265990542674,"N",FALSE,0.185265990542674,TRUE
1097487,"Y",0.309289350685316,"Y",FALSE,0.690710649314684,TRUE
1134380,"N",0.321187266723273,"Y",TRUE,0.321187266723273,FALSE
1124037,"N",0.139675267092846,"N",FALSE,0.139675267092846,TRUE
1121026,"N",0.470825277211113,"Y",TRUE,0.470825277211113,FALSE
1105928,"N",0.257932395624356,"N",FALSE,0.257932395624356,TRUE
1143133,"N",0.356457125425536,"Y",TRUE,0.356457125425536,FALSE
1109104,"N",0.158645966270732,"N",FALSE,0.158645966270732,TRUE
1153219,"N",0.219756375042005,"N",FALSE,0.219756375042005,TRUE
1145971,"N",0.337994009755105,"Y",TRUE,0.337994009755105,FALSE
1178048,"N",0.265395057176096,"N",FALSE,0.265395057176096,TRUE
1172781,"N",0.312261180712104,"Y",TRUE,0.312261180712104,FALSE
1166571,"N",0.200600893869072,"N",FALSE,0.200600893869072,TRUE
1181086,"N",0.159977595483932,"N",FALSE,0.159977595483932,TRUE
1182173,"N",0.275747203757106,"N",FALSE,0.275747203757106,TRUE
1214058,"N",0.439436993970851,"Y",TRUE,0.439436993970851,FALSE
1224062,"N",0.352763602029738,"Y",TRUE,0.352763602029738,FALSE
1225472,"N",0.231676249190706,"N",FALSE,0.231676249190706,TRUE
1216378,"N",0.185636743018161,"N",FALSE,0.185636743018161,TRUE
1231283,"N",0.170765349165076,"N",FALSE,0.170765349165076,TRUE
1239543,"N",0.197757561040007,"N",FALSE,0.197757561040007,TRUE
1217859,"N",0.151196120894927,"N",FALSE,0.151196120894927,TRUE
1211922,"N",0.369643299240568,"Y",TRUE,0.369643299240568,FALSE
1231892,"N",0.192881348037216,"N",FALSE,0.192881348037216,TRUE
1254438,"N",0.316325088264895,"Y",TRUE,0.316325088264895,FALSE
1263296,"N",0.312057105533395,"Y",TRUE,0.312057105533395,FALSE
1241233,"N",0.163662143904374,"N",FALSE,0.163662143904374,TRUE
1256077,"N",0.265210234962266,"N",FALSE,0.265210234962266,TRUE
1256499,"N",0.097761990328488,"N",FALSE,0.097761990328488,TRUE
1220930,"N",0.152635893349101,"N",FALSE,0.152635893349101,TRUE
1258366,"N",0.226647757711567,"N",FALSE,0.226647757711567,TRUE
1251507,"N",0.442979083783521,"Y",TRUE,0.442979083783521,FALSE
1274360,"N",0.493985900951876,"Y",TRUE,0.493985900951876,FALSE
1281837,"N",0.19195391785716,"N",FALSE,0.19195391785716,TRUE
1274279,"N",0.265134385742581,"N",FALSE,0.265134385742581,TRUE
1290806,"N",0.430635839589612,"Y",TRUE,0.430635839589612,FALSE
1298551,"N",0.153412358405385,"N",FALSE,0.153412358405385,TRUE
1305530,"Y",0.330933980120403,"Y",FALSE,0.669066019879597,TRUE
1299168,"N",0.189545608360761,"N",FALSE,0.189545608360761,TRUE
1304109,"N",0.223864758407189,"N",FALSE,0.223864758407189,TRUE
1277405,"N",0.289087795866231,"N",FALSE,0.289087795866231,TRUE
1322619,"Y",0.395868293958522,"Y",FALSE,0.604131706041478,TRUE
1323193,"N",0.384424725337682,"Y",TRUE,0.384424725337682,FALSE
1310754,"N",0.334364808037895,"Y",TRUE,0.334364808037895,FALSE
1324250,"N",0.372988660672541,"Y",TRUE,0.372988660672541,FALSE
1311641,"N",0.20243795128163,"N",FALSE,0.20243795128163,TRUE
1319052,"N",0.435755872126338,"Y",TRUE,0.435755872126338,FALSE
1311768,"N",0.387785294512666,"Y",TRUE,0.387785294512666,FALSE
1326336,"N",0.253347037569041,"N",FALSE,0.253347037569041,TRUE
1318491,"N",0.323079462907122,"Y",TRUE,0.323079462907122,FALSE
1385421,"N",0.393690870065153,"Y",TRUE,0.393690870065153,FALSE
1336054,"N",0.264164424495886,"N",FALSE,0.264164424495886,TRUE
1337121,"N",0.311444142540036,"Y",TRUE,0.311444142540036,FALSE
1368546,"N",0.251495213587156,"N",FALSE,0.251495213587156,TRUE
1377503,"N",0.188086914095765,"N",FALSE,0.188086914095765,TRUE
1376295,"N",0.269502951013563,"N",FALSE,0.269502951013563,TRUE
1346220,"N",0.352057015326259,"Y",TRUE,0.352057015326259,FALSE
1369263,"Y",0.394216240862401,"Y",FALSE,0.605783759137599,TRUE
1354254,"N",0.393133851783806,"Y",TRUE,0.393133851783806,FALSE
1363152,"N",0.335099992676403,"Y",TRUE,0.335099992676403,FALSE
1385763,"N",0.577652922823046,"Y",TRUE,0.577652922823046,FALSE
1372550,"N",0.158008238082838,"N",FALSE,0.158008238082838,TRUE
1387146,"N",0.213982927192917,"N",FALSE,0.213982927192917,TRUE
1388711,"N",0.413791604538696,"Y",TRUE,0.413791604538696,FALSE
1409642,"N",0.188023196805155,"N",FALSE,0.188023196805155,TRUE
1409737,"N",0.288631344509614,"N",FALSE,0.288631344509614,TRUE
1416994,"N",0.17084739803469,"N",FALSE,0.17084739803469,TRUE
1392720,"N",0.304913445904884,"Y",TRUE,0.304913445904884,FALSE
1412533,"N",0.0954480318182551,"N",FALSE,0.0954480318182551,TRUE
1434527,"N",0.114055056404461,"N",FALSE,0.114055056404461,TRUE
1431598,"N",0.221546196081915,"N",FALSE,0.221546196081915,TRUE
1437360,"N",0.167340456697016,"N",FALSE,0.167340456697016,TRUE
1439353,"N",0.218249351302209,"N",FALSE,0.218249351302209,TRUE
1445039,"N",0.362971237452598,"Y",TRUE,0.362971237452598,FALSE
1452447,"N",0.284102843584784,"N",FALSE,0.284102843584784,TRUE
1452491,"N",0.39192485204989,"Y",TRUE,0.39192485204989,FALSE
1438677,"N",0.185879927742347,"N",FALSE,0.185879927742347,TRUE
1440141,"Y",0.195731108744408,"N",TRUE,0.804268891255592,FALSE
1455024,"N",0.403021639233049,"Y",TRUE,0.403021639233049,FALSE
1483437,"N",0.218040085656575,"N",FALSE,0.218040085656575,TRUE
1463668,"N",0.438107951436038,"Y",TRUE,0.438107951436038,FALSE
1449996,"N",0.388512507904824,"Y",TRUE,0.388512507904824,FALSE
1480312,"N",0.572550783512478,"Y",TRUE,0.572550783512478,FALSE
1501714,"Y",0.634352869561329,"Y",FALSE,0.365647130438671,TRUE
1488462,"N",0.454229370829445,"Y",TRUE,0.454229370829445,FALSE
1489700,"N",0.195126225431111,"N",FALSE,0.195126225431111,TRUE
1504334,"N",0.303993008932804,"Y",TRUE,0.303993008932804,FALSE
1512506,"N",0.389715308492912,"Y",TRUE,0.389715308492912,FALSE
1505452,"N",0.314532027311069,"Y",TRUE,0.314532027311069,FALSE
1506348,"N",0.219685690884034,"N",FALSE,0.219685690884034,TRUE
1513946,"N",0.261540817016986,"N",FALSE,0.261540817016986,TRUE
1522659,"N",0.614408953639576,"Y",TRUE,0.614408953639576,FALSE
1545544,"N",0.406627289672316,"Y",TRUE,0.406627289672316,FALSE
1539358,"N",0.346108945915984,"Y",TRUE,0.346108945915984,FALSE
1509973,"N",0.307001121132568,"Y",TRUE,0.307001121132568,FALSE
1546686,"N",0.280429050944869,"N",FALSE,0.280429050944869,TRUE
1547454,"N",0.323954784066693,"Y",TRUE,0.323954784066693,FALSE
1540390,"N",0.546207179428543,"Y",TRUE,0.546207179428543,FALSE
1546109,"N",0.376990567500323,"Y",TRUE,0.376990567500323,FALSE
1532386,"N",0.157792783878211,"N",FALSE,0.157792783878211,TRUE
1548067,"N",0.281160179211392,"N",FALSE,0.281160179211392,TRUE
1529398,"N",0.141546392314479,"N",FALSE,0.141546392314479,TRUE
1552047,"N",0.335845589028091,"Y",TRUE,0.335845589028091,FALSE
1566609,"N",0.344762175195873,"Y",TRUE,0.344762175195873,FALSE
1604954,"N",0.298649907402058,"N",FALSE,0.298649907402058,TRUE
1603576,"N",0.104055548938309,"N",FALSE,0.104055548938309,TRUE
1603288,"N",0.132642992213773,"N",FALSE,0.132642992213773,TRUE
1604101,"N",0.0893987774643888,"N",FALSE,0.0893987774643888,TRUE
1569858,"N",0.474080156597129,"Y",TRUE,0.474080156597129,FALSE
1605577,"N",0.0762139324605929,"N",FALSE,0.0762139324605929,TRUE
1605680,"N",0.0700546646528163,"N",FALSE,0.0700546646528163,TRUE
1605336,"N",0.0708085752559428,"N",FALSE,0.0708085752559428,TRUE
1605699,"N",0.0717997711108299,"N",FALSE,0.0717997711108299,TRUE
1605703,"N",0.0754947519873826,"N",FALSE,0.0754947519873826,TRUE
1605705,"N",0.0758135030881609,"N",FALSE,0.0758135030881609,TRUE
1605712,"N",0.0797133362955015,"N",FALSE,0.0797133362955015,TRUE
1605860,"N",0.0722018399591409,"N",FALSE,0.0722018399591409,TRUE
1606128,"N",0.0627246444905758,"N",FALSE,0.0627246444905758,TRUE
1622121,"N",0.0594291992571577,"N",FALSE,0.0594291992571577,TRUE
1613377,"N",0.0921986235851522,"N",FALSE,0.0921986235851522,TRUE
1606272,"N",0.0832985604440685,"N",FALSE,0.0832985604440685,TRUE
1630073,"N",0.069295336434841,"N",FALSE,0.069295336434841,TRUE
1613750,"N",0.0723003757345155,"N",FALSE,0.0723003757345155,TRUE
1613767,"N",0.0684971406510797,"N",FALSE,0.0684971406510797,TRUE
1620720,"N",0.0714497123276588,"N",FALSE,0.0714497123276588,TRUE
1613912,"N",0.0921986235851522,"N",FALSE,0.0921986235851522,TRUE
1606792,"N",0.0770522404699306,"N",FALSE,0.0770522404699306,TRUE
1621350,"N",0.0771591964236582,"N",FALSE,0.0771591964236582,TRUE
1621404,"N",0.0731394107140342,"N",FALSE,0.0731394107140342,TRUE
1614055,"N",0.0684971406510797,"N",FALSE,0.0684971406510797,TRUE
1621458,"N",0.0706527848380321,"N",FALSE,0.0706527848380321,TRUE
1621495,"N",0.0770040005685554,"N",FALSE,0.0770040005685554,TRUE
1592575,"N",0.330290269499801,"Y",TRUE,0.330290269499801,FALSE
1612723,"N",0.0921986235851522,"N",FALSE,0.0921986235851522,TRUE
1621782,"N",0.0715796252684957,"N",FALSE,0.0715796252684957,TRUE
1615211,"N",0.0739021079346244,"N",FALSE,0.0739021079346244,TRUE
1607205,"N",0.0706527848380321,"N",FALSE,0.0706527848380321,TRUE
1621873,"N",0.0642039357928114,"N",FALSE,0.0642039357928114,TRUE
1615277,"N",0.081240505286312,"N",FALSE,0.081240505286312,TRUE
1621889,"N",0.0754947519873826,"N",FALSE,0.0754947519873826,TRUE
1615314,"N",0.0781554822354054,"N",FALSE,0.0781554822354054,TRUE
1622027,"N",0.070927927557397,"N",FALSE,0.070927927557397,TRUE
1607992,"N",0.103825090099139,"N",FALSE,0.103825090099139,TRUE
1622240,"N",0.067376193274471,"N",FALSE,0.067376193274471,TRUE
1622364,"Y",0.0580858881267422,"N",TRUE,0.941914111873258,FALSE
1622398,"N",0.0754947519873826,"N",FALSE,0.0754947519873826,TRUE
1622551,"N",0.069295336434841,"N",FALSE,0.069295336434841,TRUE
1622612,"N",0.067376193274471,"N",FALSE,0.067376193274471,TRUE
1622619,"N",0.0746542328652424,"N",FALSE,0.0746542328652424,TRUE
1593829,"N",0.215910083738644,"N",FALSE,0.215910083738644,TRUE
1594302,"N",0.559120340222085,"Y",TRUE,0.559120340222085,FALSE
1630732,"N",0.0755734591107723,"N",FALSE,0.0755734591107723,TRUE
1630454,"Y",0.139281950658005,"N",TRUE,0.860718049341995,FALSE
1630833,"N",0.0787234643056743,"N",FALSE,0.0787234643056743,TRUE
1622753,"N",0.0810406658349231,"N",FALSE,0.0810406658349231,TRUE
1580168,"N",0.341131271899181,"Y",TRUE,0.341131271899181,FALSE
1622841,"N",0.0684971406510797,"N",FALSE,0.0684971406510797,TRUE
1615948,"N",0.0832985604440685,"N",FALSE,0.0832985604440685,TRUE
1615914,"N",0.0809921374994884,"N",FALSE,0.0809921374994884,TRUE
1623250,"N",0.0740204171406933,"N",FALSE,0.0740204171406933,TRUE
1601197,"N",0.177281219546289,"N",FALSE,0.177281219546289,TRUE
1623265,"Y",0.0710397862541623,"N",TRUE,0.928960213745838,FALSE
1623303,"N",0.0696754598654568,"N",FALSE,0.0696754598654568,TRUE
1616026,"N",0.081240505286312,"N",FALSE,0.081240505286312,TRUE
1623352,"N",0.0903891445158574,"N",FALSE,0.0903891445158574,TRUE
1623372,"N",0.0653135796793738,"N",FALSE,0.0653135796793738,TRUE
1623377,"N",0.0651433178061004,"N",FALSE,0.0651433178061004,TRUE
1616087,"N",0.113914305822801,"N",FALSE,0.113914305822801,TRUE
1623430,"N",0.0623563476032035,"N",FALSE,0.0623563476032035,TRUE
1623431,"N",0.0676845733080276,"N",FALSE,0.0676845733080276,TRUE
1623449,"N",0.0785801049161969,"N",FALSE,0.0785801049161969,TRUE
1623473,"N",0.0737049332749514,"N",FALSE,0.0737049332749514,TRUE
1623497,"N",0.0603002819943519,"N",FALSE,0.0603002819943519,TRUE
1623584,"N",0.0941272484013174,"N",FALSE,0.0941272484013174,TRUE
1623641,"N",0.0778368567043409,"N",FALSE,0.0778368567043409,TRUE
1624065,"N",0.0636104262400589,"N",FALSE,0.0636104262400589,TRUE
1616417,"N",0.0806560419094129,"N",FALSE,0.0806560419094129,TRUE
1624113,"N",0.0662301560220796,"N",FALSE,0.0662301560220796,TRUE
1609426,"N",0.219679908031914,"N",FALSE,0.219679908031914,TRUE
1624157,"N",0.0754947519873826,"N",FALSE,0.0754947519873826,TRUE
1616556,"N",0.069295336434841,"N",FALSE,0.069295336434841,TRUE
1631516,"N",0.117158896787263,"N",FALSE,0.117158896787263,TRUE
1616634,"N",0.0699821058120635,"N",FALSE,0.0699821058120635,TRUE
1630635,"N",0.0714497123276588,"N",FALSE,0.0714497123276588,TRUE
1624320,"N",0.0947685727246776,"N",FALSE,0.0947685727246776,TRUE
1617510,"N",0.0809921374994884,"N",FALSE,0.0809921374994884,TRUE
1631664,"N",0.0753662466182345,"N",FALSE,0.0753662466182345,TRUE
1617609,"N",0.0642039357928114,"N",FALSE,0.0642039357928114,TRUE
1617639,"N",0.065613829354398,"N",FALSE,0.065613829354398,TRUE
1617669,"N",0.0809921374994884,"N",FALSE,0.0809921374994884,TRUE
1624592,"N",0.0739021079346244,"N",FALSE,0.0739021079346244,TRUE
1631806,"N",0.0744739751736428,"N",FALSE,0.0744739751736428,TRUE
1631847,"N",0.0723232438702793,"N",FALSE,0.0723232438702793,TRUE
1624674,"N",0.0594291992571577,"N",FALSE,0.0594291992571577,TRUE
1624746,"N",0.0676874279294846,"N",FALSE,0.0676874279294846,TRUE
1618093,"N",0.126480137822014,"N",FALSE,0.126480137822014,TRUE
1618023,"N",0.0742613394276068,"N",FALSE,0.0742613394276068,TRUE
1624974,"N",0.0626174054174772,"N",FALSE,0.0626174054174772,TRUE
1625026,"N",0.0636217314955241,"N",FALSE,0.0636217314955241,TRUE
1625049,"N",0.0722018399591409,"N",FALSE,0.0722018399591409,TRUE
1623952,"N",0.100876664912505,"N",FALSE,0.100876664912505,TRUE
1625159,"N",0.069295336434841,"N",FALSE,0.069295336434841,TRUE
1625229,"N",0.0758135030881609,"N",FALSE,0.0758135030881609,TRUE
1633049,"N",0.0735324272683285,"N",FALSE,0.0735324272683285,TRUE
1617384,"N",0.136106608411926,"N",FALSE,0.136106608411926,TRUE
1618941,"N",0.0693391399002563,"N",FALSE,0.0693391399002563,TRUE
1610599,"N",0.0713903911162073,"N",FALSE,0.0713903911162073,TRUE
1619675,"N",0.0868296754588794,"N",FALSE,0.0868296754588794,TRUE
1619669,"N",0.0814879570798624,"N",FALSE,0.0814879570798624,TRUE
1626544,"N",0.091018238160758,"N",FALSE,0.091018238160758,TRUE
1619776,"N",0.0911906990510616,"N",FALSE,0.0911906990510616,TRUE
1626646,"N",0.0636104262400589,"N",FALSE,0.0636104262400589,TRUE
1633146,"N",0.195520740026892,"N",FALSE,0.195520740026892,TRUE
1633184,"N",0.118091410386153,"N",FALSE,0.118091410386153,TRUE
1633438,"N",0.0782321305376004,"N",FALSE,0.0782321305376004,TRUE
1633558,"N",0.0874082624711556,"N",FALSE,0.0874082624711556,TRUE
1633765,"N",0.0708085752559428,"N",FALSE,0.0708085752559428,TRUE
1627366,"N",0.075627366277967,"N",FALSE,0.075627366277967,TRUE
1611382,"N",0.081893387136416,"N",FALSE,0.081893387136416,TRUE
1627471,"N",0.0921986235851522,"N",FALSE,0.0921986235851522,TRUE
1625962,"N",0.101252796200777,"N",FALSE,0.101252796200777,TRUE
1612161,"N",0.100280022303594,"N",FALSE,0.100280022303594,TRUE
1634325,"N",0.0696754598654568,"N",FALSE,0.0696754598654568,TRUE
1642249,"Y",0.171699590172369,"N",TRUE,0.828300409827631,FALSE
1642875,"N",0.141406978664091,"N",FALSE,0.141406978664091,TRUE
1642990,"N",0.136492146872628,"N",FALSE,0.136492146872628,TRUE
1643118,"N",0.0813649332675643,"N",FALSE,0.0813649332675643,TRUE
1628711,"N",0.065613829354398,"N",FALSE,0.065613829354398,TRUE
1650496,"N",0.167072776572999,"N",FALSE,0.167072776572999,TRUE
1629014,"N",0.069295336434841,"N",FALSE,0.069295336434841,TRUE
1650603,"N",0.143898741999993,"N",FALSE,0.143898741999993,TRUE
1635444,"N",0.0695981005349733,"N",FALSE,0.0695981005349733,TRUE
1629110,"N",0.0781554822354054,"N",FALSE,0.0781554822354054,TRUE
1629147,"N",0.0754947519873826,"N",FALSE,0.0754947519873826,TRUE
1635691,"N",0.0998853652682952,"N",FALSE,0.0998853652682952,TRUE
1644862,"N",0.116781539382917,"N",FALSE,0.116781539382917,TRUE
1652800,"N",0.48007307521773,"Y",TRUE,0.48007307521773,FALSE
1630114,"N",0.0758135030881609,"N",FALSE,0.0758135030881609,TRUE
1644977,"N",0.102138120715131,"N",FALSE,0.102138120715131,TRUE
1636031,"N",0.092077388327966,"N",FALSE,0.092077388327966,TRUE
1680026,"N",0.258873167230283,"N",FALSE,0.258873167230283,TRUE
1636513,"N",0.0914799509570344,"N",FALSE,0.0914799509570344,TRUE
1666078,"N",0.424698538612317,"Y",TRUE,0.424698538612317,FALSE
1630010,"N",0.0832985604440685,"N",FALSE,0.0832985604440685,TRUE
1681748,"N",0.42011266614564,"Y",TRUE,0.42011266614564,FALSE
1674756,"N",0.164936788631622,"N",FALSE,0.164936788631622,TRUE
1640240,"N",0.0863656133717372,"N",FALSE,0.0863656133717372,TRUE
1640327,"N",0.12566928713711,"N",FALSE,0.12566928713711,TRUE
1661265,"N",0.194672904544798,"N",FALSE,0.194672904544798,TRUE
1689922,"N",0.61838788532554,"Y",TRUE,0.61838788532554,FALSE
1669585,"N",0.266142540709119,"N",FALSE,0.266142540709119,TRUE
1677114,"N",0.29140792173258,"N",FALSE,0.29140792173258,TRUE
1677191,"N",0.33539722593799,"Y",TRUE,0.33539722593799,FALSE
1677279,"N",0.194981258814975,"N",FALSE,0.194981258814975,TRUE
1670232,"N",0.122395115061271,"N",FALSE,0.122395115061271,TRUE
1678230,"N",0.182730148729505,"N",FALSE,0.182730148729505,TRUE
1714154,"N",0.492552188881582,"Y",TRUE,0.492552188881582,FALSE
1715468,"N",0.210784854869195,"N",FALSE,0.210784854869195,TRUE
1689268,"N",0.408755556754194,"Y",TRUE,0.408755556754194,FALSE
1709427,"N",0.140035600881369,"N",FALSE,0.140035600881369,TRUE
1721523,"N",0.13376281471562,"N",FALSE,0.13376281471562,TRUE
1739028,"N",0.215389934723002,"N",FALSE,0.215389934723002,TRUE
1724341,"N",0.218677846433703,"N",FALSE,0.218677846433703,TRUE
1710936,"N",0.224740634505412,"N",FALSE,0.224740634505412,TRUE
1740575,"N",0.341684858973256,"Y",TRUE,0.341684858973256,FALSE
1727348,"N",0.459262029564142,"Y",TRUE,0.459262029564142,FALSE
1718314,"N",0.182726558668871,"N",FALSE,0.182726558668871,TRUE
1753498,"N",0.513487394050638,"Y",TRUE,0.513487394050638,FALSE
1755552,"N",0.274779006484176,"N",FALSE,0.274779006484176,TRUE
1741501,"N",0.66081640486666,"Y",TRUE,0.66081640486666,FALSE
1764909,"N",0.144261396924069,"N",FALSE,0.144261396924069,TRUE
1758680,"N",0.243796074777289,"N",FALSE,0.243796074777289,TRUE
1764330,"N",0.106544251456449,"N",FALSE,0.106544251456449,TRUE
1765923,"N",0.159072396742995,"N",FALSE,0.159072396742995,TRUE
1765893,"N",0.253877879503683,"N",FALSE,0.253877879503683,TRUE
1760219,"N",0.311807982477835,"Y",TRUE,0.311807982477835,FALSE
1753850,"N",0.205899942446025,"N",FALSE,0.205899942446025,TRUE
1775121,"N",0.125071427871243,"N",FALSE,0.125071427871243,TRUE
1798933,"N",0.486270651316432,"Y",TRUE,0.486270651316432,FALSE
1762449,"N",0.200011465009297,"N",FALSE,0.200011465009297,TRUE
1761285,"N",0.145244092955606,"N",FALSE,0.145244092955606,TRUE
1791154,"N",0.412602897506036,"Y",TRUE,0.412602897506036,FALSE
1794279,"N",0.226256439337457,"N",FALSE,0.226256439337457,TRUE
1793176,"N",0.262207256278995,"N",FALSE,0.262207256278995,TRUE
1814934,"N",0.194862283660129,"N",FALSE,0.194862283660129,TRUE
1824850,"N",0.199003655588928,"N",FALSE,0.199003655588928,TRUE
1809268,"Y",0.464544829230967,"Y",FALSE,0.535455170769033,TRUE
1795591,"N",0.216147076950667,"N",FALSE,0.216147076950667,TRUE
1794776,"N",0.178003422838089,"N",FALSE,0.178003422838089,TRUE
1824891,"N",0.27788693658909,"N",FALSE,0.27788693658909,TRUE
1845538,"N",0.319945514122601,"Y",TRUE,0.319945514122601,FALSE
1833756,"N",0.157383866355543,"N",FALSE,0.157383866355543,TRUE
1839962,"N",0.278731737756907,"N",FALSE,0.278731737756907,TRUE
1817510,"N",0.448661056223369,"Y",TRUE,0.448661056223369,FALSE
1825749,"N",0.214881465369747,"N",FALSE,0.214881465369747,TRUE
1839049,"N",0.175433680080003,"N",FALSE,0.175433680080003,TRUE
1820166,"N",0.197005143731299,"N",FALSE,0.197005143731299,TRUE
1812027,"N",0.169244138905809,"N",FALSE,0.169244138905809,TRUE
1847435,"N",0.180304077332786,"N",FALSE,0.180304077332786,TRUE
1812758,"N",0.166932639646005,"N",FALSE,0.166932639646005,TRUE
1825533,"N",0.26888380120244,"N",FALSE,0.26888380120244,TRUE
1841078,"N",0.435415067187181,"Y",TRUE,0.435415067187181,FALSE
1845191,"N",0.147908750392131,"N",FALSE,0.147908750392131,TRUE
1851080,"N",0.199723120034324,"N",FALSE,0.199723120034324,TRUE
1838125,"N",0.376872069407462,"Y",TRUE,0.376872069407462,FALSE
1865631,"N",0.37460123574939,"Y",TRUE,0.37460123574939,FALSE
1836934,"N",0.116996685672844,"N",FALSE,0.116996685672844,TRUE
1822374,"N",0.163187549102765,"N",FALSE,0.163187549102765,TRUE
1845437,"Y",0.184818482329983,"N",TRUE,0.815181517670017,FALSE
1845897,"N",0.115934929483031,"N",FALSE,0.115934929483031,TRUE
1874100,"N",0.560159703991448,"Y",TRUE,0.560159703991448,FALSE
1868179,"N",0.451503169752695,"Y",TRUE,0.451503169752695,FALSE
1869321,"Y",0.354243599798365,"Y",FALSE,0.645756400201635,TRUE
1880106,"N",0.409429421784531,"Y",TRUE,0.409429421784531,FALSE
1874839,"N",0.36013070412293,"Y",TRUE,0.36013070412293,FALSE
1876620,"N",0.320934482264546,"Y",TRUE,0.320934482264546,FALSE
1875125,"N",0.208484269471254,"N",FALSE,0.208484269471254,TRUE
946650,"N",0.353068829481026,"Y",TRUE,0.353068829481026,FALSE
950368,"N",0.391875988871528,"Y",TRUE,0.391875988871528,FALSE
953708,"N",0.205343286235407,"N",FALSE,0.205343286235407,TRUE
951902,"N",0.318236481157962,"Y",TRUE,0.318236481157962,FALSE
960123,"Y",0.557593206432945,"Y",FALSE,0.442406793567055,TRUE
975171,"N",0.417269170977884,"Y",TRUE,0.417269170977884,FALSE
961560,"N",0.373075127695152,"Y",TRUE,0.373075127695152,FALSE
953581,"N",0.169337836616304,"N",FALSE,0.169337836616304,TRUE
977170,"N",0.242043294910373,"N",FALSE,0.242043294910373,TRUE
998430,"N",0.180143186126337,"N",FALSE,0.180143186126337,TRUE
1006437,"N",0.158768223515554,"N",FALSE,0.158768223515554,TRUE
1008077,"N",0.289662588504928,"N",FALSE,0.289662588504928,TRUE
983705,"Y",0.466140890194309,"Y",FALSE,0.533859109805691,TRUE
1035238,"N",0.62978447813464,"Y",TRUE,0.62978447813464,FALSE
1018190,"N",0.232436795012703,"N",FALSE,0.232436795012703,TRUE
1012332,"N",0.500122367534895,"Y",TRUE,0.500122367534895,FALSE
1018809,"N",0.243375411168852,"N",FALSE,0.243375411168852,TRUE
1020762,"N",0.287839767169765,"N",FALSE,0.287839767169765,TRUE
1051284,"N",0.459901039959254,"Y",TRUE,0.459901039959254,FALSE
1029616,"N",0.351766719357944,"Y",TRUE,0.351766719357944,FALSE
1037981,"N",0.293143393891576,"N",FALSE,0.293143393891576,TRUE
1040933,"N",0.587571381772289,"Y",TRUE,0.587571381772289,FALSE
1048709,"N",0.250836822623653,"N",FALSE,0.250836822623653,TRUE
1049308,"N",0.539900538964044,"Y",TRUE,0.539900538964044,FALSE
1050106,"Y",0.200630619219977,"N",TRUE,0.799369380780023,FALSE
1094459,"N",0.260990212082432,"N",FALSE,0.260990212082432,TRUE
1080446,"N",0.179915507599684,"N",FALSE,0.179915507599684,TRUE
1111562,"N",0.488263444859462,"Y",TRUE,0.488263444859462,FALSE
1097868,"N",0.151177636102693,"N",FALSE,0.151177636102693,TRUE
1119128,"N",0.410726950173621,"Y",TRUE,0.410726950173621,FALSE
1112127,"N",0.164660614330063,"N",FALSE,0.164660614330063,TRUE
1119779,"N",0.36808543213356,"Y",TRUE,0.36808543213356,FALSE
1091057,"N",0.237731147804529,"N",FALSE,0.237731147804529,TRUE
1101122,"N",0.196010819051455,"N",FALSE,0.196010819051455,TRUE
1134443,"Y",0.303044400371672,"Y",FALSE,0.696955599628328,TRUE
1136031,"Y",0.163998912749356,"N",TRUE,0.836001087250644,FALSE
1102683,"N",0.224511078155381,"N",FALSE,0.224511078155381,TRUE
1115496,"N",0.296550383678355,"N",FALSE,0.296550383678355,TRUE
1152436,"N",0.553561543962121,"Y",TRUE,0.553561543962121,FALSE
1185355,"N",0.376788706984981,"Y",TRUE,0.376788706984981,FALSE
1164996,"N",0.318704963528309,"Y",TRUE,0.318704963528309,FALSE
1179941,"N",0.511208961829689,"Y",TRUE,0.511208961829689,FALSE
1201465,"N",0.350677504945876,"Y",TRUE,0.350677504945876,FALSE
1202233,"N",0.288453634687157,"N",FALSE,0.288453634687157,TRUE
1183299,"N",0.336840302590875,"Y",TRUE,0.336840302590875,FALSE
1195237,"N",0.352542415576641,"Y",TRUE,0.352542415576641,FALSE
1175303,"N",0.173675729986428,"N",FALSE,0.173675729986428,TRUE
1197415,"N",0.282139233304388,"N",FALSE,0.282139233304388,TRUE
1215160,"N",0.189837604043364,"N",FALSE,0.189837604043364,TRUE
1199786,"N",0.440364273646858,"Y",TRUE,0.440364273646858,FALSE
1223915,"N",0.213705742064318,"N",FALSE,0.213705742064318,TRUE
1230458,"N",0.388231886818452,"Y",TRUE,0.388231886818452,FALSE
1230616,"N",0.164440059954731,"N",FALSE,0.164440059954731,TRUE
1244032,"N",0.327068733204108,"Y",TRUE,0.327068733204108,FALSE
1245144,"N",0.391896067518653,"Y",TRUE,0.391896067518653,FALSE
1237170,"N",0.269174430802987,"N",FALSE,0.269174430802987,TRUE
1236937,"N",0.227626656211967,"N",FALSE,0.227626656211967,TRUE
1245872,"Y",0.266045868120302,"N",TRUE,0.733954131879698,FALSE
1247838,"N",0.412614506796526,"Y",TRUE,0.412614506796526,FALSE
1240563,"N",0.367757378745216,"Y",TRUE,0.367757378745216,FALSE
1246669,"N",0.24072722969659,"N",FALSE,0.24072722969659,TRUE
1241362,"N",0.125438833654575,"N",FALSE,0.125438833654575,TRUE
1234197,"N",0.161355824346316,"N",FALSE,0.161355824346316,TRUE
1242315,"Y",0.376301118548345,"Y",FALSE,0.623698881451655,TRUE
1220778,"N",0.250693769840405,"N",FALSE,0.250693769840405,TRUE
1235247,"N",0.186051656947672,"N",FALSE,0.186051656947672,TRUE
1221092,"N",0.249588256269044,"N",FALSE,0.249588256269044,TRUE
1273601,"N",0.31111660472408,"Y",TRUE,0.31111660472408,FALSE
1243546,"N",0.088766940961066,"N",FALSE,0.088766940961066,TRUE
1271686,"N",0.326053332864045,"Y",TRUE,0.326053332864045,FALSE
1259478,"N",0.23233305703266,"N",FALSE,0.23233305703266,TRUE
1252751,"N",0.169374219792787,"N",FALSE,0.169374219792787,TRUE
1282575,"N",0.234952725085337,"N",FALSE,0.234952725085337,TRUE
1290527,"N",0.299066893716021,"N",FALSE,0.299066893716021,TRUE
1275358,"N",0.349169833311152,"Y",TRUE,0.349169833311152,FALSE
1275939,"N",0.16807207998042,"N",FALSE,0.16807207998042,TRUE
1291337,"N",0.475551464160532,"Y",TRUE,0.475551464160532,FALSE
1278781,"N",0.163906544008752,"N",FALSE,0.163906544008752,TRUE
1270818,"N",0.168466067927464,"N",FALSE,0.168466067927464,TRUE
1269585,"N",0.22311715172045,"N",FALSE,0.22311715172045,TRUE
1279257,"N",0.196022089708021,"N",FALSE,0.196022089708021,TRUE
1310275,"N",0.219129615560199,"N",FALSE,0.219129615560199,TRUE
1296013,"N",0.413429782939837,"Y",TRUE,0.413429782939837,FALSE
1333501,"N",0.324770607352158,"Y",TRUE,0.324770607352158,FALSE
1327563,"N",0.352190090167042,"Y",TRUE,0.352190090167042,FALSE
1336633,"N",0.511279766049779,"Y",TRUE,0.511279766049779,FALSE
1330089,"N",0.154098472754276,"N",FALSE,0.154098472754276,TRUE
1358699,"N",0.418479688293144,"Y",TRUE,0.418479688293144,FALSE
1337176,"N",0.299392891707661,"N",FALSE,0.299392891707661,TRUE
1337287,"Y",0.263676583442531,"N",TRUE,0.736323416557469,FALSE
1367919,"N",0.545734854395369,"Y",TRUE,0.545734854395369,FALSE
1375412,"N",0.190559557484534,"N",FALSE,0.190559557484534,TRUE
1352859,"N",0.304449106703696,"Y",TRUE,0.304449106703696,FALSE
1345724,"N",0.219430076488747,"N",FALSE,0.219430076488747,TRUE
1370046,"N",0.219922800495466,"N",FALSE,0.219922800495466,TRUE
1339584,"N",0.158554249617906,"N",FALSE,0.158554249617906,TRUE
1362622,"N",0.330721415891671,"Y",TRUE,0.330721415891671,FALSE
1384477,"N",0.141430274592626,"N",FALSE,0.141430274592626,TRUE
1372273,"N",0.370300869738118,"Y",TRUE,0.370300869738118,FALSE
1401967,"N",0.185850778787529,"N",FALSE,0.185850778787529,TRUE
1409627,"N",0.115826329242123,"N",FALSE,0.115826329242123,TRUE
1410684,"N",0.188842105376463,"N",FALSE,0.188842105376463,TRUE
1418174,"N",0.155259549868781,"N",FALSE,0.155259549868781,TRUE
1441647,"N",0.294319190555429,"N",FALSE,0.294319190555429,TRUE
1420196,"N",0.172592362151544,"N",FALSE,0.172592362151544,TRUE
1435223,"N",0.248001215650682,"N",FALSE,0.248001215650682,TRUE
1435437,"N",0.189226955311373,"N",FALSE,0.189226955311373,TRUE
1435572,"N",0.290172765364915,"N",FALSE,0.290172765364915,TRUE
1399692,"N",0.33971619417893,"Y",TRUE,0.33971619417893,FALSE
1415319,"N",0.134338616272026,"N",FALSE,0.134338616272026,TRUE
1428727,"N",0.21455021889593,"N",FALSE,0.21455021889593,TRUE
1474631,"N",0.483399080617298,"Y",TRUE,0.483399080617298,FALSE
1469197,"N",0.459401754701282,"Y",TRUE,0.459401754701282,FALSE
1447480,"N",0.244033519763089,"N",FALSE,0.244033519763089,TRUE
1456428,"N",0.266561712077633,"N",FALSE,0.266561712077633,TRUE
1463784,"N",0.612711014999626,"Y",TRUE,0.612711014999626,FALSE
1456056,"N",0.270538980822178,"N",FALSE,0.270538980822178,TRUE
1480369,"Y",0.3428825590954,"Y",FALSE,0.6571174409046,TRUE
1493988,"N",0.289937472315834,"N",FALSE,0.289937472315834,TRUE
1494091,"N",0.286860665373605,"N",FALSE,0.286860665373605,TRUE
1494083,"N",0.206986084293499,"N",FALSE,0.206986084293499,TRUE
1487165,"N",0.467208146989498,"Y",TRUE,0.467208146989498,FALSE
1494408,"N",0.523851345694782,"Y",TRUE,0.523851345694782,FALSE
1487241,"N",0.248296481739109,"N",FALSE,0.248296481739109,TRUE
1489209,"N",0.459482549194511,"Y",TRUE,0.459482549194511,FALSE
1460956,"N",0.25016185784931,"N",FALSE,0.25016185784931,TRUE
1466484,"N",0.339952856513308,"Y",TRUE,0.339952856513308,FALSE
1489676,"N",0.219621886409542,"N",FALSE,0.219621886409542,TRUE
1497003,"N",0.292073799203702,"N",FALSE,0.292073799203702,TRUE
1492050,"N",0.229998333536536,"N",FALSE,0.229998333536536,TRUE
1506817,"N",0.225758782717272,"N",FALSE,0.225758782717272,TRUE
1517166,"N",0.139396300437835,"N",FALSE,0.139396300437835,TRUE
1530709,"N",0.414357031305683,"Y",TRUE,0.414357031305683,FALSE
1536694,"N",0.248580671568879,"N",FALSE,0.248580671568879,TRUE
1523736,"N",0.173992628435725,"N",FALSE,0.173992628435725,TRUE
1509655,"N",0.718525461751524,"Y",TRUE,0.718525461751524,FALSE
1560158,"N",0.405407356951721,"Y",TRUE,0.405407356951721,FALSE
1561237,"N",0.278637612798254,"N",FALSE,0.278637612798254,TRUE
1561210,"Y",0.588559942551479,"Y",FALSE,0.411440057448521,TRUE
1554412,"N",0.509739482458273,"Y",TRUE,0.509739482458273,FALSE
1524806,"N",0.132290715399298,"N",FALSE,0.132290715399298,TRUE
1562810,"N",0.222676724094883,"N",FALSE,0.222676724094883,TRUE
1563345,"N",0.152349550041595,"N",FALSE,0.152349550041595,TRUE
1557148,"N",0.140598403473261,"N",FALSE,0.140598403473261,TRUE
1557655,"N",0.349137377669035,"Y",TRUE,0.349137377669035,FALSE
1564542,"N",0.225298103553537,"N",FALSE,0.225298103553537,TRUE
1564563,"N",0.271750573628883,"N",FALSE,0.271750573628883,TRUE
1566056,"N",0.335840887172078,"Y",TRUE,0.335840887172078,FALSE
1571715,"N",0.247096106908379,"N",FALSE,0.247096106908379,TRUE
1558787,"N",0.266539732501652,"N",FALSE,0.266539732501652,TRUE
1573181,"N",0.355256449915746,"Y",TRUE,0.355256449915746,FALSE
1574250,"N",0.18172546707436,"N",FALSE,0.18172546707436,TRUE
1558326,"N",0.317975370884213,"Y",TRUE,0.317975370884213,FALSE
1559925,"N",0.372627184035154,"Y",TRUE,0.372627184035154,FALSE
1604154,"N",0.105735926738724,"N",FALSE,0.105735926738724,TRUE
1604194,"N",0.112478226079991,"N",FALSE,0.112478226079991,TRUE
1604541,"N",0.10813610722617,"N",FALSE,0.10813610722617,TRUE
1604746,"N",0.0918975217697791,"N",FALSE,0.0918975217697791,TRUE
1604724,"N",0.0972447418580162,"N",FALSE,0.0972447418580162,TRUE
1605673,"N",0.157548025519137,"N",FALSE,0.157548025519137,TRUE
1605722,"N",0.0749462721726153,"N",FALSE,0.0749462721726153,TRUE
1605846,"N",0.0706527848380321,"N",FALSE,0.0706527848380321,TRUE
1598562,"N",0.218022091711123,"N",FALSE,0.218022091711123,TRUE
1605861,"N",0.0758135030881609,"N",FALSE,0.0758135030881609,TRUE
1613035,"N",0.0722326498587649,"N",FALSE,0.0722326498587649,TRUE
1605986,"N",0.0781554822354054,"N",FALSE,0.0781554822354054,TRUE
1606225,"N",0.0855791629705641,"N",FALSE,0.0855791629705641,TRUE
1613530,"N",0.0765593422215112,"N",FALSE,0.0765593422215112,TRUE
1620372,"N",0.11528601493746,"N",FALSE,0.11528601493746,TRUE
1613535,"N",0.152322606517599,"N",FALSE,0.152322606517599,TRUE
1606477,"N",0.070927927557397,"N",FALSE,0.070927927557397,TRUE
1592242,"N",0.32898148985942,"Y",TRUE,0.32898148985942,FALSE
1613836,"N",0.0739021079346244,"N",FALSE,0.0739021079346244,TRUE
1613880,"N",0.0902472224963895,"N",FALSE,0.0902472224963895,TRUE
1613974,"N",0.0781554822354054,"N",FALSE,0.0781554822354054,TRUE
1621370,"N",0.0636217314955241,"N",FALSE,0.0636217314955241,TRUE
1614006,"N",0.081240505286312,"N",FALSE,0.081240505286312,TRUE
1614019,"N",0.071534416211501,"N",FALSE,0.071534416211501,TRUE
1614029,"N",0.0715400488432953,"N",FALSE,0.0715400488432953,TRUE
1621451,"N",0.081240505286312,"N",FALSE,0.081240505286312,TRUE
1621130,"N",0.0724637773072799,"N",FALSE,0.0724637773072799,TRUE
1614245,"N",0.0653749075575889,"N",FALSE,0.0653749075575889,TRUE
1621828,"N",0.0739021079346244,"N",FALSE,0.0739021079346244,TRUE
1615255,"N",0.0724637773072799,"N",FALSE,0.0724637773072799,TRUE
1599750,"N",0.269291443633391,"N",FALSE,0.269291443633391,TRUE
1615334,"N",0.0921986235851522,"N",FALSE,0.0921986235851522,TRUE
1622556,"N",0.0832985604440685,"N",FALSE,0.0832985604440685,TRUE
1578003,"N",0.270576083529003,"N",FALSE,0.270576083529003,TRUE
1586970,"N",0.184635284424843,"N",FALSE,0.184635284424843,TRUE
1581265,"N",0.214816105973407,"N",FALSE,0.214816105973407,TRUE
1622701,"N",0.0587196453093585,"N",FALSE,0.0587196453093585,TRUE
1615840,"N",0.0739021079346244,"N",FALSE,0.0739021079346244,TRUE
1622833,"N",0.0671188283132581,"N",FALSE,0.0671188283132581,TRUE
1623284,"N",0.0659636837103729,"N",FALSE,0.0659636837103729,TRUE
1623285,"N",0.0782979249868901,"N",FALSE,0.0782979249868901,TRUE
1623294,"N",0.0714859757815434,"N",FALSE,0.0714859757815434,TRUE
1616004,"N",0.0678668223728335,"N",FALSE,0.0678668223728335,TRUE
1623337,"N",0.0650679802371291,"N",FALSE,0.0650679802371291,TRUE
1631084,"N",0.0770683850851671,"N",FALSE,0.0770683850851671,TRUE
1623353,"N",0.0680652874796552,"N",FALSE,0.0680652874796552,TRUE
1623362,"N",0.0665986096356624,"N",FALSE,0.0665986096356624,TRUE
1616105,"N",0.0753424944494634,"N",FALSE,0.0753424944494634,TRUE
1616111,"N",0.0921986235851522,"N",FALSE,0.0921986235851522,TRUE
1616151,"N",0.0677483557162577,"N",FALSE,0.0677483557162577,TRUE
1627547,"N",0.0627246444905758,"N",FALSE,0.0627246444905758,TRUE
1631219,"N",0.0868296754588794,"N",FALSE,0.0868296754588794,TRUE
1623532,"N",0.099777946325865,"N",FALSE,0.099777946325865,TRUE
1623555,"N",0.0681585927081151,"N",FALSE,0.0681585927081151,TRUE
1623614,"N",0.0659845242993412,"N",FALSE,0.0659845242993412,TRUE
1624088,"N",0.0749462721726153,"N",FALSE,0.0749462721726153,TRUE
1624099,"N",0.0832985604440685,"N",FALSE,0.0832985604440685,TRUE
1601606,"N",0.220554769588008,"N",FALSE,0.220554769588008,TRUE
1625616,"N",0.160637443787388,"N",FALSE,0.160637443787388,TRUE
1631486,"N",0.0803417739354559,"N",FALSE,0.0803417739354559,TRUE
1624044,"N",0.0754947519873826,"N",FALSE,0.0754947519873826,TRUE
1616541,"N",0.0921986235851522,"N",FALSE,0.0921986235851522,TRUE
1624241,"N",0.0800453005385895,"N",FALSE,0.0800453005385895,TRUE
1624251,"N",0.0677861417670509,"N",FALSE,0.0677861417670509,TRUE
1624379,"N",0.065678868851449,"N",FALSE,0.065678868851449,TRUE
1617610,"N",0.0684971406510797,"N",FALSE,0.0684971406510797,TRUE
1624482,"N",0.0684971406510797,"N",FALSE,0.0684971406510797,TRUE
1624474,"N",0.0742613394276068,"N",FALSE,0.0742613394276068,TRUE
1617631,"Y",0.152745105322205,"N",TRUE,0.847254894677795,FALSE
1624527,"N",0.0702793509742303,"N",FALSE,0.0702793509742303,TRUE
1617661,"N",0.0830009629112332,"N",FALSE,0.0830009629112332,TRUE
1631949,"N",0.118852270150954,"N",FALSE,0.118852270150954,TRUE
1618049,"N",0.0642039357928114,"N",FALSE,0.0642039357928114,TRUE
1618784,"N",0.0606391207731073,"N",FALSE,0.0606391207731073,TRUE
1625545,"N",0.0783726662189056,"N",FALSE,0.0783726662189056,TRUE
1626322,"N",0.0855791629705641,"N",FALSE,0.0855791629705641,TRUE
1626465,"N",0.0921986235851522,"N",FALSE,0.0921986235851522,TRUE
1626500,"N",0.0832985604440685,"N",FALSE,0.0832985604440685,TRUE
1619740,"N",0.0714497123276588,"N",FALSE,0.0714497123276588,TRUE
1620148,"N",0.0813059902631598,"N",FALSE,0.0813059902631598,TRUE
1632542,"N",0.107751726391975,"N",FALSE,0.107751726391975,TRUE
1634244,"N",0.0589745785072204,"N",FALSE,0.0589745785072204,TRUE
1634251,"N",0.0785801049161969,"N",FALSE,0.0785801049161969,TRUE
1655525,"N",0.207776153328946,"N",FALSE,0.207776153328946,TRUE
1664551,"N",0.130837470485965,"N",FALSE,0.130837470485965,TRUE
1612510,"N",0.0816756830419786,"N",FALSE,0.0816756830419786,TRUE
1612389,"N",0.13617710621829,"N",FALSE,0.13617710621829,TRUE
1634714,"Y",0.0960376748765795,"N",TRUE,0.90396232512342,FALSE
1635032,"N",0.0772637010983748,"N",FALSE,0.0772637010983748,TRUE
1635301,"N",0.0754947519873826,"N",FALSE,0.0754947519873826,TRUE
1649771,"N",0.13122606555596,"N",FALSE,0.13122606555596,TRUE
1651424,"N",0.342957825689828,"Y",TRUE,0.342957825689828,FALSE
1657120,"N",0.139767497778866,"N",FALSE,0.139767497778866,TRUE
1627768,"N",0.0779803252271967,"N",FALSE,0.0779803252271967,TRUE
1628658,"N",0.0655239630308273,"N",FALSE,0.0655239630308273,TRUE
1628680,"N",0.0855791629705641,"N",FALSE,0.0855791629705641,TRUE
1628693,"N",0.0832985604440685,"N",FALSE,0.0832985604440685,TRUE
1628761,"N",0.0921986235851522,"N",FALSE,0.0921986235851522,TRUE
1643762,"N",0.0724792627047982,"N",FALSE,0.0724792627047982,TRUE
1650531,"N",0.167210551825818,"N",FALSE,0.167210551825818,TRUE
1650776,"N",0.142619640938577,"N",FALSE,0.142619640938577,TRUE
1651207,"N",0.349144355771579,"Y",TRUE,0.349144355771579,FALSE
1665264,"N",0.527031338369064,"Y",TRUE,0.527031338369064,FALSE
1635909,"N",0.0655074734132544,"N",FALSE,0.0655074734132544,TRUE
1629453,"N",0.0783861293407293,"N",FALSE,0.0783861293407293,TRUE
1629468,"N",0.0710329990740182,"N",FALSE,0.0710329990740182,TRUE
1629537,"N",0.0702793509742303,"N",FALSE,0.0702793509742303,TRUE
1636097,"N",0.105011704949699,"N",FALSE,0.105011704949699,TRUE
1629683,"N",0.0677861417670509,"N",FALSE,0.0677861417670509,TRUE
1681329,"N",0.216765421186917,"N",FALSE,0.216765421186917,TRUE
1667124,"N",0.278829807594311,"N",FALSE,0.278829807594311,TRUE
1652277,"N",0.212108205431274,"N",FALSE,0.212108205431274,TRUE
1681840,"N",0.506925797113995,"Y",TRUE,0.506925797113995,FALSE
1674682,"N",0.231534873029203,"N",FALSE,0.231534873029203,TRUE
1638064,"N",0.138912853949499,"N",FALSE,0.138912853949499,TRUE
1638511,"N",0.0796785782755527,"N",FALSE,0.0796785782755527,TRUE
1653499,"N",0.118330210805095,"N",FALSE,0.118330210805095,TRUE
1640304,"N",0.104547927161752,"N",FALSE,0.104547927161752,TRUE
1646211,"N",0.126802422693399,"N",FALSE,0.126802422693399,TRUE
1646492,"N",0.118060358605559,"N",FALSE,0.118060358605559,TRUE
1646751,"N",0.115875925825278,"N",FALSE,0.115875925825278,TRUE
1647084,"N",0.0946394907423084,"N",FALSE,0.0946394907423084,TRUE
1670626,"N",0.248996888523933,"N",FALSE,0.248996888523933,TRUE
1685152,"N",0.192083010126987,"N",FALSE,0.192083010126987,TRUE
1672544,"N",0.18118800795088,"N",FALSE,0.18118800795088,TRUE
1677848,"N",0.205808228266343,"N",FALSE,0.205808228266343,TRUE
1705947,"Y",0.311155895747442,"Y",FALSE,0.688844104252558,TRUE
1719401,"N",0.113521192332717,"N",FALSE,0.113521192332717,TRUE
1721322,"N",0.262797406770059,"N",FALSE,0.262797406770059,TRUE
1728667,"N",0.298737554127973,"N",FALSE,0.298737554127973,TRUE
1688050,"N",0.107918677819496,"N",FALSE,0.107918677819496,TRUE
1715179,"N",0.200314070454399,"N",FALSE,0.200314070454399,TRUE
1689144,"N",0.300934203338208,"Y",TRUE,0.300934203338208,FALSE
1744376,"N",0.338724643095755,"Y",TRUE,0.338724643095755,FALSE
1721343,"N",0.126828323746565,"N",FALSE,0.126828323746565,TRUE
1721395,"N",0.316197340634679,"Y",TRUE,0.316197340634679,FALSE
1729984,"N",0.349202029884661,"Y",TRUE,0.349202029884661,FALSE
1715905,"N",0.18816746570236,"N",FALSE,0.18816746570236,TRUE
1717031,"N",0.196517172773304,"N",FALSE,0.196517172773304,TRUE
1746044,"N",0.188600199036978,"N",FALSE,0.188600199036978,TRUE
1697115,"N",0.405998093467047,"Y",TRUE,0.405998093467047,FALSE
1697877,"N",0.456012283439349,"Y",TRUE,0.456012283439349,FALSE
1747427,"N",0.280638134460564,"N",FALSE,0.280638134460564,TRUE
1748467,"N",0.283869801622707,"N",FALSE,0.283869801622707,TRUE
1725318,"N",0.265780458006294,"N",FALSE,0.265780458006294,TRUE
1740058,"N",0.307846530379011,"Y",TRUE,0.307846530379011,FALSE
1756569,"N",0.469930371199688,"Y",TRUE,0.469930371199688,FALSE
1757331,"N",0.322921496721197,"Y",TRUE,0.322921496721197,FALSE
1740846,"N",0.21768184365123,"N",FALSE,0.21768184365123,TRUE
1772735,"N",0.187091928813738,"N",FALSE,0.187091928813738,TRUE
1786977,"N",0.398169295227232,"Y",TRUE,0.398169295227232,FALSE
1787645,"N",0.374924224528247,"Y",TRUE,0.374924224528247,FALSE
1753966,"N",0.189163439893175,"N",FALSE,0.189163439893175,TRUE
1804446,"N",0.15085439073465,"N",FALSE,0.15085439073465,TRUE
1798994,"N",0.242457495723683,"N",FALSE,0.242457495723683,TRUE
1759947,"N",0.288687041460974,"N",FALSE,0.288687041460974,TRUE
1762696,"N",0.134781143517673,"N",FALSE,0.134781143517673,TRUE
1765295,"N",0.0977407427060328,"N",FALSE,0.0977407427060328,TRUE
1764136,"N",0.185784047119764,"N",FALSE,0.185784047119764,TRUE
1791628,"N",0.348754758093022,"Y",TRUE,0.348754758093022,FALSE
1786768,"Y",0.367913394123965,"Y",FALSE,0.632086605876035,TRUE
1795455,"N",0.241186093576752,"N",FALSE,0.241186093576752,TRUE
1808067,"N",0.115392892161522,"N",FALSE,0.115392892161522,TRUE
1804929,"N",0.260702624553639,"N",FALSE,0.260702624553639,TRUE
1805017,"N",0.325103771156059,"Y",TRUE,0.325103771156059,FALSE
1833930,"N",0.225149466585277,"N",FALSE,0.225149466585277,TRUE
1832764,"N",0.397790288254963,"Y",TRUE,0.397790288254963,FALSE
1840212,"N",0.169875452661935,"N",FALSE,0.169875452661935,TRUE
1840539,"N",0.226094438107404,"N",FALSE,0.226094438107404,TRUE
1849342,"N",0.135895754284309,"N",FALSE,0.135895754284309,TRUE
1812622,"N",0.371066671656761,"Y",TRUE,0.371066671656761,FALSE
1835757,"N",0.190384107288182,"N",FALSE,0.190384107288182,TRUE
1851651,"N",0.423675591594044,"Y",TRUE,0.423675591594044,FALSE
1822038,"N",0.336722872213295,"Y",TRUE,0.336722872213295,FALSE
1830936,"N",0.38076600353893,"Y",TRUE,0.38076600353893,FALSE
1830633,"N",0.364584106958784,"Y",TRUE,0.364584106958784,FALSE
1846497,"N",0.127873229712463,"N",FALSE,0.127873229712463,TRUE
1845792,"N",0.127873229712463,"N",FALSE,0.127873229712463,TRUE
1875695,"N",0.234665535844942,"N",FALSE,0.234665535844942,TRUE
1855648,"N",0.42900644104634,"Y",TRUE,0.42900644104634,FALSE
1870611,"N",0.350514195637597,"Y",TRUE,0.350514195637597,FALSE
1872555,"N",0.366721127819004,"Y",TRUE,0.366721127819004,FALSE
1883444,"N",0.483365515402781,"Y",TRUE,0.483365515402781,FALSE
1841991,"N",0.133293695336583,"N",FALSE,0.133293695336583,TRUE
1896215,"N",0.553881185769338,"Y",TRUE,0.553881185769338,FALSE
1885853,"N",0.426942038237277,"Y",TRUE,0.426942038237277,FALSE
1902873,"N",0.414473692390964,"Y",TRUE,0.414473692390964,FALSE
961997,"N",0.466448835649189,"Y",TRUE,0.466448835649189,FALSE
951011,"Y",0.550190637827213,"Y",FALSE,0.449809362172787,TRUE
944774,"N",0.413021950825411,"Y",TRUE,0.413021950825411,FALSE
983059,"N",0.122777632739578,"N",FALSE,0.122777632739578,TRUE
955068,"N",0.328608033284195,"Y",TRUE,0.328608033284195,FALSE
992571,"N",0.315238352985926,"Y",TRUE,0.315238352985926,FALSE
1001087,"N",0.473075542029557,"Y",TRUE,0.473075542029557,FALSE
993454,"N",0.193552453723337,"N",FALSE,0.193552453723337,TRUE
974952,"Y",0.214812815044678,"N",TRUE,0.785187184955322,FALSE
1002249,"N",0.506355899831097,"Y",TRUE,0.506355899831097,FALSE
987850,"N",0.0969713167771281,"N",FALSE,0.0969713167771281,TRUE
988409,"N",0.230073314003661,"N",FALSE,0.230073314003661,TRUE
1025878,"N",0.319637586808084,"Y",TRUE,0.319637586808084,FALSE
1025910,"N",0.427933419518693,"Y",TRUE,0.427933419518693,FALSE
1027946,"N",0.268960443085278,"N",FALSE,0.268960443085278,TRUE
1035000,"N",0.427112016242994,"Y",TRUE,0.427112016242994,FALSE
1050535,"N",0.244737490628969,"N",FALSE,0.244737490628969,TRUE
1038005,"N",0.392605724487301,"Y",TRUE,0.392605724487301,FALSE
1067244,"N",0.364180768116424,"Y",TRUE,0.364180768116424,FALSE
1046471,"N",0.46123459422243,"Y",TRUE,0.46123459422243,FALSE
1070283,"N",0.167382554902997,"N",FALSE,0.167382554902997,TRUE
1041565,"N",0.253566108826897,"N",FALSE,0.253566108826897,TRUE
1080298,"N",0.190058609681947,"N",FALSE,0.190058609681947,TRUE
1056967,"N",0.279478543720905,"N",FALSE,0.279478543720905,TRUE
1097158,"N",0.168251575304137,"N",FALSE,0.168251575304137,TRUE
1117720,"N",0.189891603189192,"N",FALSE,0.189891603189192,TRUE
1120698,"N",0.222353126987514,"N",FALSE,0.222353126987514,TRUE
1119478,"N",0.205819397338947,"N",FALSE,0.205819397338947,TRUE
1142146,"N",0.2161164460456,"N",FALSE,0.2161164460456,TRUE
1144321,"N",0.410710212250346,"Y",TRUE,0.410710212250346,FALSE
1128321,"N",0.335304187712963,"Y",TRUE,0.335304187712963,FALSE
1128341,"N",0.264751436638093,"N",FALSE,0.264751436638093,TRUE
1144723,"N",0.257115625127565,"N",FALSE,0.257115625127565,TRUE
1145007,"N",0.625826998706218,"Y",TRUE,0.625826998706218,FALSE
1131887,"Y",0.123442621712936,"N",TRUE,0.876557378287064,FALSE
1138503,"N",0.217096503540223,"N",FALSE,0.217096503540223,TRUE
1139427,"N",0.173372543490155,"N",FALSE,0.173372543490155,TRUE
1170608,"N",0.16854074559803,"N",FALSE,0.16854074559803,TRUE
1178559,"Y",0.338130628707748,"Y",FALSE,0.661869371292252,TRUE
1165267,"N",0.190382085971387,"N",FALSE,0.190382085971387,TRUE
1157233,"Y",0.169182779773164,"N",TRUE,0.830817220226836,FALSE
1179897,"N",0.452035843297404,"Y",TRUE,0.452035843297404,FALSE
1180208,"N",0.350232856585042,"Y",TRUE,0.350232856585042,FALSE
1158512,"Y",0.336011962660353,"Y",FALSE,0.663988037339647,TRUE
1166701,"N",0.285709825662713,"N",FALSE,0.285709825662713,TRUE
1202494,"N",0.284290476378646,"N",FALSE,0.284290476378646,TRUE
1202814,"N",0.256848356727417,"N",FALSE,0.256848356727417,TRUE
1181981,"Y",0.303785069337635,"Y",FALSE,0.696214930662365,TRUE
1160621,"N",0.275522067633654,"N",FALSE,0.275522067633654,TRUE
1175321,"N",0.161331982065945,"N",FALSE,0.161331982065945,TRUE
1183857,"N",0.43474530574782,"Y",TRUE,0.43474530574782,FALSE
1245497,"N",0.205954030062911,"N",FALSE,0.205954030062911,TRUE
1176479,"N",0.406656605706738,"Y",TRUE,0.406656605706738,FALSE
1214139,"N",0.298075726648971,"N",FALSE,0.298075726648971,TRUE
1207295,"N",0.291220821553583,"N",FALSE,0.291220821553583,TRUE
1198539,"N",0.194685751679992,"N",FALSE,0.194685751679992,TRUE
1196009,"N",0.197122685116055,"N",FALSE,0.197122685116055,TRUE
1191688,"N",0.150841531901405,"N",FALSE,0.150841531901405,TRUE
1223163,"N",0.124077057790627,"N",FALSE,0.124077057790627,TRUE
1207028,"N",0.104543682085314,"N",FALSE,0.104543682085314,TRUE
1245526,"N",0.120554312455868,"N",FALSE,0.120554312455868,TRUE
1230789,"N",0.161355824346316,"N",FALSE,0.161355824346316,TRUE
1209777,"N",0.32388983097621,"Y",TRUE,0.32388983097621,FALSE
1218868,"N",0.244158294801541,"N",FALSE,0.244158294801541,TRUE
1219485,"N",0.17035377999989,"N",FALSE,0.17035377999989,TRUE
1233328,"N",0.1963918867777,"N",FALSE,0.1963918867777,TRUE
1240922,"N",0.247580392453517,"N",FALSE,0.247580392453517,TRUE
1256147,"N",0.173273652714657,"N",FALSE,0.173273652714657,TRUE
1228116,"N",0.175585835643572,"N",FALSE,0.175585835643572,TRUE
1242996,"N",0.182215558795341,"N",FALSE,0.182215558795341,TRUE
1242125,"N",0.176304634918201,"N",FALSE,0.176304634918201,TRUE
1245156,"Y",0.0957498154738182,"N",TRUE,0.904250184526182,FALSE
1265467,"N",0.230579111362755,"N",FALSE,0.230579111362755,TRUE
1273013,"N",0.14597234917257,"N",FALSE,0.14597234917257,TRUE
1282008,"Y",0.186573741091174,"N",TRUE,0.813426258908826,FALSE
1292102,"N",0.195174888946233,"N",FALSE,0.195174888946233,TRUE
1277952,"N",0.13201300158926,"N",FALSE,0.13201300158926,TRUE
1269934,"N",0.248703442679117,"N",FALSE,0.248703442679117,TRUE
1292553,"N",0.273994999556661,"N",FALSE,0.273994999556661,TRUE
1293280,"N",0.190977867508331,"N",FALSE,0.190977867508331,TRUE
1308809,"N",0.253702818289456,"N",FALSE,0.253702818289456,TRUE
1301099,"N",0.151602815024495,"N",FALSE,0.151602815024495,TRUE
1316027,"N",0.289636573791576,"N",FALSE,0.289636573791576,TRUE
1309521,"N",0.403097704036095,"Y",TRUE,0.403097704036095,FALSE
1294662,"N",0.120748718724023,"N",FALSE,0.120748718724023,TRUE
1296166,"N",0.159957853614483,"N",FALSE,0.159957853614483,TRUE
1318866,"N",0.372919852808807,"Y",TRUE,0.372919852808807,FALSE
1327031,"N",0.2028876703447,"N",FALSE,0.2028876703447,TRUE
1328443,"N",0.204179597893989,"N",FALSE,0.204179597893989,TRUE
1365957,"Y",0.408300881382872,"Y",FALSE,0.591699118617128,TRUE
1366010,"N",0.162410705580335,"N",FALSE,0.162410705580335,TRUE
1365623,"N",0.182912199673932,"N",FALSE,0.182912199673932,TRUE
1351019,"N",0.0962483697267752,"N",FALSE,0.0962483697267752,TRUE
1360332,"N",0.503608845318568,"Y",TRUE,0.503608845318568,FALSE
1347568,"N",0.201124002474634,"N",FALSE,0.201124002474634,TRUE
1410445,"N",0.149017022621542,"N",FALSE,0.149017022621542,TRUE
1425343,"N",0.120826937274785,"N",FALSE,0.120826937274785,TRUE
1418822,"N",0.160246191650437,"N",FALSE,0.160246191650437,TRUE
1389644,"N",0.102948205534087,"N",FALSE,0.102948205534087,TRUE
1390468,"N",0.169231287513283,"N",FALSE,0.169231287513283,TRUE
1441434,"N",0.100287010125157,"N",FALSE,0.100287010125157,TRUE
1391566,"N",0.325956419330778,"Y",TRUE,0.325956419330778,FALSE
1411291,"N",0.144849582113142,"N",FALSE,0.144849582113142,TRUE
1406750,"Y",0.322213081085392,"Y",FALSE,0.677786918914608,TRUE
1422168,"N",0.246470247425495,"N",FALSE,0.246470247425495,TRUE
1438054,"N",0.142562374227253,"N",FALSE,0.142562374227253,TRUE
1432816,"N",0.167787726451442,"N",FALSE,0.167787726451442,TRUE
1454797,"N",0.112442695317563,"N",FALSE,0.112442695317563,TRUE
1462058,"N",0.283749452786307,"N",FALSE,0.283749452786307,TRUE
1483131,"N",0.398161821095229,"Y",TRUE,0.398161821095229,FALSE
1463291,"N",0.186183583456391,"N",FALSE,0.186183583456391,TRUE
1449967,"Y",0.2462321170925,"N",TRUE,0.7537678829075,FALSE
1470970,"N",0.742534818436842,"Y",TRUE,0.742534818436842,FALSE
1456271,"N",0.305263946648961,"Y",TRUE,0.305263946648961,FALSE
1494076,"N",0.241135290336181,"N",FALSE,0.241135290336181,TRUE
1502419,"N",0.191026495674598,"N",FALSE,0.191026495674598,TRUE
1494851,"N",0.298381301627226,"N",FALSE,0.298381301627226,TRUE
1468374,"N",0.194277272223689,"N",FALSE,0.194277272223689,TRUE
1510710,"N",0.214035676101679,"N",FALSE,0.214035676101679,TRUE
1477994,"N",0.307202951023016,"Y",TRUE,0.307202951023016,FALSE
1496380,"N",0.213218283382644,"N",FALSE,0.213218283382644,TRUE
1503596,"N",0.283806041725337,"N",FALSE,0.283806041725337,TRUE
1496433,"N",0.211006417930866,"N",FALSE,0.211006417930866,TRUE
1505489,"N",0.343750853484589,"Y",TRUE,0.343750853484589,FALSE
1522115,"N",0.258885883070605,"N",FALSE,0.258885883070605,TRUE
1543590,"N",0.278575722004105,"N",FALSE,0.278575722004105,TRUE
1544473,"N",0.510124705687085,"Y",TRUE,0.510124705687085,FALSE
1547026,"N",0.224264120089496,"N",FALSE,0.224264120089496,TRUE
1554414,"N",0.326260576013706,"Y",TRUE,0.326260576013706,FALSE
1562081,"N",0.240535206258223,"N",FALSE,0.240535206258223,TRUE
1555669,"N",0.423790976554677,"Y",TRUE,0.423790976554677,FALSE
1556739,"N",0.379299872728897,"Y",TRUE,0.379299872728897,FALSE
1551480,"N",0.233648862923926,"N",FALSE,0.233648862923926,TRUE
1565399,"N",0.235852537371755,"N",FALSE,0.235852537371755,TRUE
1572227,"N",0.421243707246361,"Y",TRUE,0.421243707246361,FALSE
1566691,"N",0.318406614211497,"Y",TRUE,0.318406614211497,FALSE
1588404,"N",0.390273404372166,"Y",TRUE,0.390273404372166,FALSE
1581892,"N",0.437156462818821,"Y",TRUE,0.437156462818821,FALSE
1602891,"N",0.534221475878305,"Y",TRUE,0.534221475878305,FALSE
1581962,"N",0.235821122256883,"N",FALSE,0.235821122256883,TRUE
1559930,"N",0.39995898518197,"Y",TRUE,0.39995898518197,FALSE
1603438,"N",0.256313498087287,"N",FALSE,0.256313498087287,TRUE
1596953,"N",0.203917352976256,"N",FALSE,0.203917352976256,TRUE
1604693,"N",0.0796189720084312,"N",FALSE,0.0796189720084312,TRUE
1568210,"N",0.229233650809068,"N",FALSE,0.229233650809068,TRUE
1604748,"N",0.0874441937599432,"N",FALSE,0.0874441937599432,TRUE
1604763,"N",0.0792855937661187,"N",FALSE,0.0792855937661187,TRUE
1604783,"N",0.0761149541089187,"N",FALSE,0.0761149541089187,TRUE
1583142,"N",0.306475417894705,"Y",TRUE,0.306475417894705,FALSE
1583207,"N",0.19399374986375,"N",FALSE,0.19399374986375,TRUE
1605828,"N",0.0862143917331499,"N",FALSE,0.0862143917331499,TRUE
1606024,"N",0.0810406658349231,"N",FALSE,0.0810406658349231,TRUE
1606062,"N",0.0973102589327008,"N",FALSE,0.0973102589327008,TRUE
1606078,"N",0.0741134327300285,"N",FALSE,0.0741134327300285,TRUE
1606301,"N",0.0832985604440685,"N",FALSE,0.0832985604440685,TRUE
1613523,"N",0.169165991871468,"N",FALSE,0.169165991871468,TRUE
1620698,"N",0.0805614742890226,"N",FALSE,0.0805614742890226,TRUE
1606733,"N",0.0697582984942382,"N",FALSE,0.0697582984942382,TRUE
1620843,"N",0.0770683850851671,"N",FALSE,0.0770683850851671,TRUE
1621376,"N",0.0731394107140342,"N",FALSE,0.0731394107140342,TRUE
1621397,"N",0.0777363495754209,"N",FALSE,0.0777363495754209,TRUE
1621424,"N",0.0832985604440685,"N",FALSE,0.0832985604440685,TRUE
1621587,"N",0.0855791629705641,"N",FALSE,0.0855791629705641,TRUE
1621444,"N",0.0872906657843221,"N",FALSE,0.0872906657843221,TRUE
1621448,"N",0.0697582984942382,"N",FALSE,0.0697582984942382,TRUE
1621496,"N",0.0772637010983748,"N",FALSE,0.0772637010983748,TRUE
1614170,"N",0.0754947519873826,"N",FALSE,0.0754947519873826,TRUE
1614211,"N",0.0724752957896023,"N",FALSE,0.0724752957896023,TRUE
1621574,"N",0.0778746982484245,"N",FALSE,0.0778746982484245,TRUE
1621622,"N",0.069295336434841,"N",FALSE,0.069295336434841,TRUE
1607164,"N",0.0713896586840351,"N",FALSE,0.0713896586840351,TRUE
1615221,"N",0.0769858533919979,"N",FALSE,0.0769858533919979,TRUE
1622212,"N",0.0718831313503853,"N",FALSE,0.0718831313503853,TRUE
1622130,"N",0.0762139324605929,"N",FALSE,0.0762139324605929,TRUE
1622384,"N",0.0699821058120635,"N",FALSE,0.0699821058120635,TRUE
1622301,"N",0.0769858533919979,"N",FALSE,0.0769858533919979,TRUE
1622449,"N",0.0848059649961735,"N",FALSE,0.0848059649961735,TRUE
1586554,"N",0.662790086485625,"Y",TRUE,0.662790086485625,FALSE
1586875,"N",0.198529824160475,"N",FALSE,0.198529824160475,TRUE
1600933,"N",0.127742855107496,"N",FALSE,0.127742855107496,TRUE
1615185,"N",0.0769858533919979,"N",FALSE,0.0769858533919979,TRUE
1579401,"N",0.258910511395424,"N",FALSE,0.258910511395424,TRUE
1624632,"N",0.0653494884252318,"N",FALSE,0.0653494884252318,TRUE
1621371,"N",0.0580858881267422,"N",FALSE,0.0580858881267422,TRUE
1622707,"N",0.0739021079346244,"N",FALSE,0.0739021079346244,TRUE
1615863,"N",0.0592704104204893,"N",FALSE,0.0592704104204893,TRUE
1608957,"N",0.0916245968391812,"N",FALSE,0.0916245968391812,TRUE
1630985,"N",0.0770683850851671,"N",FALSE,0.0770683850851671,TRUE
1631001,"N",0.0709132307833036,"N",FALSE,0.0709132307833036,TRUE
1623323,"N",0.0859619036338436,"N",FALSE,0.0859619036338436,TRUE
1623345,"N",0.0870238823269662,"N",FALSE,0.0870238823269662,TRUE
1623354,"N",0.0630853134857609,"N",FALSE,0.0630853134857609,TRUE
1623355,"N",0.0638744268376984,"N",FALSE,0.0638744268376984,TRUE
1623412,"N",0.0889819131800653,"N",FALSE,0.0889819131800653,TRUE
1623417,"N",0.0737049332749514,"N",FALSE,0.0737049332749514,TRUE
1623471,"N",0.0653135796793738,"N",FALSE,0.0653135796793738,TRUE
1623483,"N",0.0599449862509581,"N",FALSE,0.0599449862509581,TRUE
1623484,"N",0.0870238823269662,"N",FALSE,0.0870238823269662,TRUE
1623487,"N",0.0739172770044758,"N",FALSE,0.0739172770044758,TRUE
1623521,"N",0.0656340218609688,"N",FALSE,0.0656340218609688,TRUE
1623556,"N",0.0785801049161969,"N",FALSE,0.0785801049161969,TRUE
1623639,"N",0.0703878382875099,"N",FALSE,0.0703878382875099,TRUE
1624079,"N",0.0686998810762339,"N",FALSE,0.0686998810762339,TRUE
1624083,"N",0.0781554822354054,"N",FALSE,0.0781554822354054,TRUE
1616455,"N",0.0778746982484245,"N",FALSE,0.0778746982484245,TRUE
1631418,"N",0.111165300732641,"N",FALSE,0.111165300732641,TRUE
1616548,"N",0.0832985604440685,"N",FALSE,0.0832985604440685,TRUE
1616527,"N",0.0652582770725202,"N",FALSE,0.0652582770725202,TRUE
1624414,"N",0.0790133195260366,"N",FALSE,0.0790133195260366,TRUE
1617635,"N",0.0724637773072799,"N",FALSE,0.0724637773072799,TRUE
1617708,"N",0.0784884018921541,"N",FALSE,0.0784884018921541,TRUE
1618048,"N",0.0855791629705641,"N",FALSE,0.0855791629705641,TRUE
1625000,"N",0.0722644246311839,"N",FALSE,0.0722644246311839,TRUE
1625101,"N",0.0790133195260366,"N",FALSE,0.0790133195260366,TRUE
1632926,"N",0.0702793509742303,"N",FALSE,0.0702793509742303,TRUE
1618479,"N",0.161077832522488,"N",FALSE,0.161077832522488,TRUE
1625277,"N",0.08451183947824,"N",FALSE,0.08451183947824,TRUE
1625561,"N",0.071295504021767,"N",FALSE,0.071295504021767,TRUE
1618844,"N",0.0921986235851522,"N",FALSE,0.0921986235851522,TRUE
1626345,"N",0.0642039357928114,"N",FALSE,0.0642039357928114,TRUE
1626347,"N",0.0762139324605929,"N",FALSE,0.0762139324605929,TRUE
1619410,"N",0.0794707583185337,"N",FALSE,0.0794707583185337,TRUE
1619916,"N",0.0805614742890226,"N",FALSE,0.0805614742890226,TRUE
1610053,"N",0.0696338585771239,"N",FALSE,0.0696338585771239,TRUE
1638876,"N",0.103943084983683,"N",FALSE,0.103943084983683,TRUE
1633992,"N",0.10653385784228,"N",FALSE,0.10653385784228,TRUE
1625953,"N",0.0826092771017426,"N",FALSE,0.0826092771017426,TRUE
1633748,"N",0.108243082073003,"N",FALSE,0.108243082073003,TRUE
1627327,"N",0.0718831313503853,"N",FALSE,0.0718831313503853,TRUE
1640829,"N",0.15444862948184,"N",FALSE,0.15444862948184,TRUE
1662495,"N",0.465019256441014,"Y",TRUE,0.465019256441014,FALSE
1640956,"N",0.0812179719840631,"N",FALSE,0.0812179719840631,TRUE
1634729,"N",0.0710397862541623,"N",FALSE,0.0710397862541623,TRUE
1635339,"N",0.0830009629112332,"N",FALSE,0.0830009629112332,TRUE
1649800,"N",0.136416543038235,"N",FALSE,0.136416543038235,TRUE
1642904,"N",0.105017163580051,"N",FALSE,0.105017163580051,TRUE
1642933,"N",0.0961308069525579,"N",FALSE,0.0961308069525579,TRUE
1643137,"N",0.162085513775979,"N",FALSE,0.162085513775979,TRUE
1642997,"N",0.0906639950336174,"N",FALSE,0.0906639950336174,TRUE
1628584,"N",0.0772637010983748,"N",FALSE,0.0772637010983748,TRUE
1643727,"N",0.158377941157213,"N",FALSE,0.158377941157213,TRUE
1635545,"N",0.069295336434841,"N",FALSE,0.069295336434841,TRUE
1644132,"N",0.163531860516038,"N",FALSE,0.163531860516038,TRUE
1635911,"N",0.0864319969166397,"N",FALSE,0.0864319969166397,TRUE
1673322,"N",0.511483123998475,"Y",TRUE,0.511483123998475,FALSE
1630055,"N",0.0699821058120635,"N",FALSE,0.0699821058120635,TRUE
1636977,"Y",0.106612645254706,"N",TRUE,0.893387354745294,FALSE
1658992,"N",0.134404114066968,"N",FALSE,0.134404114066968,TRUE
1645066,"N",0.114846808053164,"N",FALSE,0.114846808053164,TRUE
1652569,"N",0.113132792088567,"N",FALSE,0.113132792088567,TRUE
1645452,"N",0.127212114225417,"N",FALSE,0.127212114225417,TRUE
1654981,"N",0.11609899724997,"N",FALSE,0.11609899724997,TRUE
1640401,"N",0.0953798001171714,"N",FALSE,0.0953798001171714,TRUE
1660442,"N",0.258577026902571,"N",FALSE,0.258577026902571,TRUE
1653254,"N",0.17569797207702,"N",FALSE,0.17569797207702,TRUE
1689133,"N",0.265153657166339,"N",FALSE,0.265153657166339,TRUE
1677189,"N",0.145841690290018,"N",FALSE,0.145841690290018,TRUE
1706430,"N",0.217385703186586,"N",FALSE,0.217385703186586,TRUE
1678521,"Y",0.242992340314638,"N",TRUE,0.757007659685362,FALSE
1693529,"N",0.28975544907611,"N",FALSE,0.28975544907611,TRUE
1679172,"N",0.115778188854758,"N",FALSE,0.115778188854758,TRUE
1695072,"N",0.240482400250586,"N",FALSE,0.240482400250586,TRUE
1729733,"N",0.17556800135264,"N",FALSE,0.17556800135264,TRUE
1695886,"N",0.270609010435873,"N",FALSE,0.270609010435873,TRUE
1689861,"N",0.531172041516072,"Y",TRUE,0.531172041516072,FALSE
1736620,"N",0.419172871222511,"Y",TRUE,0.419172871222511,FALSE
1745899,"N",0.54153095988748,"Y",TRUE,0.54153095988748,FALSE
1729566,"N",0.29836363005036,"N",FALSE,0.29836363005036,TRUE
1746714,"N",0.280764140781198,"N",FALSE,0.280764140781198,TRUE
1725687,"N",0.197781964085499,"N",FALSE,0.197781964085499,TRUE
1711654,"N",0.213137228360131,"N",FALSE,0.213137228360131,TRUE
1740749,"N",0.258605580106059,"N",FALSE,0.258605580106059,TRUE
1710954,"N",0.235719332359393,"N",FALSE,0.235719332359393,TRUE
1742678,"N",0.312960993802565,"Y",TRUE,0.312960993802565,FALSE
1755349,"N",0.225402255131934,"N",FALSE,0.225402255131934,TRUE
1720461,"N",0.189852862271875,"N",FALSE,0.189852862271875,TRUE
1741135,"N",0.25393284608187,"N",FALSE,0.25393284608187,TRUE
1740897,"N",0.241000094742802,"N",FALSE,0.241000094742802,TRUE
1749563,"N",0.233560622249831,"N",FALSE,0.233560622249831,TRUE
1749758,"N",0.202613718891587,"N",FALSE,0.202613718891587,TRUE
1749156,"Y",0.0722684435480851,"N",TRUE,0.927731556451915,FALSE
1787546,"N",0.328213809890395,"Y",TRUE,0.328213809890395,FALSE
1782148,"Y",0.369089509262167,"Y",FALSE,0.630910490737833,TRUE
1768982,"N",0.196325646224216,"N",FALSE,0.196325646224216,TRUE
1762337,"N",0.127482978476166,"N",FALSE,0.127482978476166,TRUE
1806470,"N",0.197121426019218,"N",FALSE,0.197121426019218,TRUE
1765095,"N",0.203083576283238,"N",FALSE,0.203083576283238,TRUE
1770358,"N",0.355000971709185,"Y",TRUE,0.355000971709185,FALSE
1785433,"N",0.252655645300128,"N",FALSE,0.252655645300128,TRUE
1806083,"N",0.24395452245757,"N",FALSE,0.24395452245757,TRUE
1792668,"N",0.153494863382538,"N",FALSE,0.153494863382538,TRUE
1811570,"N",0.34635403878039,"Y",TRUE,0.34635403878039,FALSE
1818043,"N",0.337986321756968,"Y",TRUE,0.337986321756968,FALSE
1803551,"N",0.232020807022864,"N",FALSE,0.232020807022864,TRUE
1817595,"N",0.362183749524395,"Y",TRUE,0.362183749524395,FALSE
1818288,"N",0.108731213124174,"N",FALSE,0.108731213124174,TRUE
1813217,"N",0.15301979358356,"N",FALSE,0.15301979358356,TRUE
1835483,"N",0.212443509944754,"N",FALSE,0.212443509944754,TRUE
1841485,"Y",0.363974490154326,"Y",FALSE,0.636025509845674,TRUE
1841816,"N",0.183722590314252,"N",FALSE,0.183722590314252,TRUE
1828360,"N",0.217422797794599,"N",FALSE,0.217422797794599,TRUE
1842152,"N",0.199740645444461,"N",FALSE,0.199740645444461,TRUE
1867740,"Y",0.353684315179323,"Y",FALSE,0.646315684820677,TRUE
1829911,"N",0.272295167998669,"N",FALSE,0.272295167998669,TRUE
1831889,"N",0.105503745382179,"N",FALSE,0.105503745382179,TRUE
1845247,"N",0.127186004732691,"N",FALSE,0.127186004732691,TRUE
1847242,"N",0.228371929920369,"N",FALSE,0.228371929920369,TRUE
1846279,"N",0.411417687435319,"Y",TRUE,0.411417687435319,FALSE
1868115,"N",0.245325908240057,"N",FALSE,0.245325908240057,TRUE
1857270,"N",0.334759052589965,"Y",TRUE,0.334759052589965,FALSE
1862438,"N",0.200882060074088,"N",FALSE,0.200882060074088,TRUE
1897361,"Y",0.287191485324661,"N",TRUE,0.712808514675339,FALSE
1900083,"Y",0.339296445189971,"Y",FALSE,0.660703554810029,TRUE
1879715,"N",0.323688441806462,"Y",TRUE,0.323688441806462,FALSE
1898995,"N",0.334476605108214,"Y",TRUE,0.334476605108214,FALSE
1884259,"N",0.358326771966648,"Y",TRUE,0.358326771966648,FALSE
1886624,"N",0.148478883965764,"N",FALSE,0.148478883965764,TRUE
1891467,"N",0.380174426136493,"Y",TRUE,0.380174426136493,FALSE
1904942,"N",0.328329891666389,"Y",TRUE,0.328329891666389,FALSE
1888568,"N",0.33058726512812,"Y",TRUE,0.33058726512812,FALSE
1887833,"N",0.204624313774286,"N",FALSE,0.204624313774286,TRUE
1903347,"N",0.200022868877266,"N",FALSE,0.200022868877266,TRUE
1911555,"N",0.596126505918541,"Y",TRUE,0.596126505918541,FALSE
1897380,"N",0.285916476414929,"N",FALSE,0.285916476414929,TRUE
1918620,"Y",0.698633921083413,"Y",FALSE,0.301366078916587,TRUE
1875208,"N",0.111708400270327,"N",FALSE,0.111708400270327,TRUE
1903818,"N",0.149579247947305,"N",FALSE,0.149579247947305,TRUE
1904420,"N",0.201354056817033,"N",FALSE,0.201354056817033,TRUE
1906955,"N",0.293225695358682,"N",FALSE,0.293225695358682,TRUE
1903944,"N",0.261103392475057,"N",FALSE,0.261103392475057,TRUE
1911939,"N",0.244812996260426,"N",FALSE,0.244812996260426,TRUE
1896522,"N",0.277787512501944,"N",FALSE,0.277787512501944,TRUE
1901221,"N",0.3538347964443,"Y",TRUE,0.3538347964443,FALSE
1864644,"N",0.286464323177962,"N",FALSE,0.286464323177962,TRUE
1910073,"N",0.254286795941728,"N",FALSE,0.254286795941728,TRUE
1916090,"N",0.398590362316835,"Y",TRUE,0.398590362316835,FALSE
1924564,"Y",0.335150472562929,"Y",FALSE,0.664849527437071,TRUE
1906363,"N",0.173065143379898,"N",FALSE,0.173065143379898,TRUE
1909203,"N",0.252785941103754,"N",FALSE,0.252785941103754,TRUE
1923542,"N",0.284478371186494,"N",FALSE,0.284478371186494,TRUE
1904567,"N",0.286895217167429,"N",FALSE,0.286895217167429,TRUE
1913102,"N",0.258991257791006,"N",FALSE,0.258991257791006,TRUE
1917127,"N",0.415316704895877,"Y",TRUE,0.415316704895877,FALSE
1963754,"N",0.226167034848027,"N",FALSE,0.226167034848027,TRUE
1908353,"N",0.238068747980538,"N",FALSE,0.238068747980538,TRUE
1901554,"N",0.295971289512051,"N",FALSE,0.295971289512051,TRUE
1964163,"N",0.228299943130952,"N",FALSE,0.228299943130952,TRUE
1850476,"N",0.0848046433836881,"N",FALSE,0.0848046433836881,TRUE
1964788,"N",0.239332977224914,"N",FALSE,0.239332977224914,TRUE
1955414,"Y",0.487784222015761,"Y",FALSE,0.512215777984239,TRUE
1923986,"N",0.547329212540882,"Y",TRUE,0.547329212540882,FALSE
1892369,"N",0.269158929280748,"N",FALSE,0.269158929280748,TRUE
1913151,"N",0.315060171621547,"Y",TRUE,0.315060171621547,FALSE
1916804,"N",0.17460857846509,"N",FALSE,0.17460857846509,TRUE
1923512,"N",0.300453955535214,"Y",TRUE,0.300453955535214,FALSE
1909400,"N",0.30585925834265,"Y",TRUE,0.30585925834265,FALSE
1932807,"Y",0.721667347931741,"Y",FALSE,0.278332652068259,TRUE
1924284,"N",0.337538556980162,"Y",TRUE,0.337538556980162,FALSE
1919877,"N",0.44404080838108,"Y",TRUE,0.44404080838108,FALSE
1903200,"N",0.32105931242881,"Y",TRUE,0.32105931242881,FALSE
1895210,"N",0.392503301213168,"Y",TRUE,0.392503301213168,FALSE
1849646,"N",0.110046543168692,"N",FALSE,0.110046543168692,TRUE
1920059,"N",0.270399004576321,"N",FALSE,0.270399004576321,TRUE
1917626,"N",0.366508109837925,"Y",TRUE,0.366508109837925,FALSE
1928082,"N",0.262928823116018,"N",FALSE,0.262928823116018,TRUE
1922743,"N",0.199650145683027,"N",FALSE,0.199650145683027,TRUE
1935010,"N",0.148244832445562,"N",FALSE,0.148244832445562,TRUE
1977428,"N",0.196790560381506,"N",FALSE,0.196790560381506,TRUE
1946136,"N",0.568562380177175,"Y",TRUE,0.568562380177175,FALSE
1931558,"N",0.208852344597059,"N",FALSE,0.208852344597059,TRUE
1928365,"N",0.14646188357734,"N",FALSE,0.14646188357734,TRUE
1954046,"Y",0.307176239926343,"Y",FALSE,0.692823760073657,TRUE
1931586,"N",0.146030344607254,"N",FALSE,0.146030344607254,TRUE
1893304,"N",0.152909739215443,"N",FALSE,0.152909739215443,TRUE
1932571,"N",0.346709135432077,"Y",TRUE,0.346709135432077,FALSE
1924343,"N",0.311180899302198,"Y",TRUE,0.311180899302198,FALSE
1949639,"N",0.392306093624036,"Y",TRUE,0.392306093624036,FALSE
1927427,"N",0.227692348905521,"N",FALSE,0.227692348905521,TRUE
1938009,"N",0.505831921572946,"Y",TRUE,0.505831921572946,FALSE
1935819,"N",0.24811000973795,"N",FALSE,0.24811000973795,TRUE
1921929,"N",0.233617888004316,"N",FALSE,0.233617888004316,TRUE
1940230,"N",0.380770746133609,"Y",TRUE,0.380770746133609,FALSE
1948656,"Y",0.232373298204143,"N",TRUE,0.767626701795857,FALSE
1944677,"N",0.561828279646011,"Y",TRUE,0.561828279646011,FALSE
1960370,"N",0.224160627504109,"N",FALSE,0.224160627504109,TRUE
1958680,"N",0.287542082637193,"N",FALSE,0.287542082637193,TRUE
1949724,"N",0.364572249317493,"Y",TRUE,0.364572249317493,FALSE
1935919,"N",0.134719041306047,"N",FALSE,0.134719041306047,TRUE
1961906,"N",0.253705072798266,"N",FALSE,0.253705072798266,TRUE
1923692,"N",0.203719246143423,"N",FALSE,0.203719246143423,TRUE
1912539,"N",0.140428256017909,"N",FALSE,0.140428256017909,TRUE
2025140,"Y",0.537152285544579,"Y",FALSE,0.462847714455421,TRUE
1946697,"N",0.504000868772807,"Y",TRUE,0.504000868772807,FALSE
1942784,"N",0.36681595451256,"Y",TRUE,0.36681595451256,FALSE
1947476,"N",0.21583839539868,"N",FALSE,0.21583839539868,TRUE
2008379,"Y",0.564766171143775,"Y",FALSE,0.435233828856225,TRUE
1965145,"N",0.185145114454208,"N",FALSE,0.185145114454208,TRUE
1956024,"N",0.434244042892122,"Y",TRUE,0.434244042892122,FALSE
1964100,"N",0.162414002115792,"N",FALSE,0.162414002115792,TRUE
1952350,"N",0.226553602816296,"N",FALSE,0.226553602816296,TRUE
1964908,"N",0.16014090606771,"N",FALSE,0.16014090606771,TRUE
1963051,"N",0.153667692759716,"N",FALSE,0.153667692759716,TRUE
1965013,"N",0.142456322713727,"N",FALSE,0.142456322713727,TRUE
1978486,"N",0.343046212159615,"Y",TRUE,0.343046212159615,FALSE
1966557,"N",0.136555034267346,"N",FALSE,0.136555034267346,TRUE
1970532,"N",0.0978211593576781,"N",FALSE,0.0978211593576781,TRUE
1955317,"N",0.333400344827583,"Y",TRUE,0.333400344827583,FALSE
1973062,"N",0.17947389216288,"N",FALSE,0.17947389216288,TRUE
1980646,"Y",0.289429594606304,"N",TRUE,0.710570405393696,FALSE
1970116,"N",0.239848522954098,"N",FALSE,0.239848522954098,TRUE
1977395,"N",0.565263867690657,"Y",TRUE,0.565263867690657,FALSE
1970516,"N",0.30637767926438,"Y",TRUE,0.30637767926438,FALSE
1964832,"N",0.101628775775332,"N",FALSE,0.101628775775332,TRUE
1966542,"N",0.22843014866968,"N",FALSE,0.22843014866968,TRUE
1940340,"N",0.288452603850729,"N",FALSE,0.288452603850729,TRUE
1964906,"N",0.0996647808490729,"N",FALSE,0.0996647808490729,TRUE
1970817,"N",0.116847378471807,"N",FALSE,0.116847378471807,TRUE
1966225,"N",0.216240119045277,"N",FALSE,0.216240119045277,TRUE
1976008,"N",0.0827746008931891,"N",FALSE,0.0827746008931891,TRUE
1983385,"N",0.353191716627839,"Y",TRUE,0.353191716627839,FALSE
1954556,"N",0.191194669700975,"N",FALSE,0.191194669700975,TRUE
1974481,"N",0.153639936977217,"N",FALSE,0.153639936977217,TRUE
1973144,"N",0.207879464740693,"N",FALSE,0.207879464740693,TRUE
1972512,"N",0.131406055319899,"N",FALSE,0.131406055319899,TRUE
1979723,"N",0.284218467484569,"N",FALSE,0.284218467484569,TRUE
1979911,"N",0.205695487122209,"N",FALSE,0.205695487122209,TRUE
2078429,"Y",0.525419370699592,"Y",FALSE,0.474580629300408,TRUE
1973576,"N",0.103172269409266,"N",FALSE,0.103172269409266,TRUE
1998122,"Y",0.627002382269769,"Y",FALSE,0.372997617730231,TRUE
1993652,"N",0.236515681511352,"N",FALSE,0.236515681511352,TRUE
1924363,"N",0.177388286073117,"N",FALSE,0.177388286073117,TRUE
1964260,"N",0.107752508777297,"N",FALSE,0.107752508777297,TRUE
1977795,"N",0.187802078964863,"N",FALSE,0.187802078964863,TRUE
1944501,"N",0.328482389736896,"Y",TRUE,0.328482389736896,FALSE
1982415,"N",0.222738978878537,"N",FALSE,0.222738978878537,TRUE
1994830,"N",0.584771121918978,"Y",TRUE,0.584771121918978,FALSE
1929477,"N",0.248485102009203,"N",FALSE,0.248485102009203,TRUE
1986651,"Y",0.224962266407274,"N",TRUE,0.775037733592726,FALSE
1986260,"N",0.194657757193599,"N",FALSE,0.194657757193599,TRUE
1999938,"N",0.773099392460384,"Y",TRUE,0.773099392460384,FALSE
1986812,"N",0.179913957064885,"N",FALSE,0.179913957064885,TRUE
1998744,"N",0.356743906365099,"Y",TRUE,0.356743906365099,FALSE
1985479,"N",0.178718364207561,"N",FALSE,0.178718364207561,TRUE
2000690,"N",0.278568484325585,"N",FALSE,0.278568484325585,TRUE
1988760,"N",0.245718707830222,"N",FALSE,0.245718707830222,TRUE
1985669,"N",0.169215827385947,"N",FALSE,0.169215827385947,TRUE
1946333,"N",0.304433668084386,"Y",TRUE,0.304433668084386,FALSE
1993877,"N",0.446671501407551,"Y",TRUE,0.446671501407551,FALSE
1972954,"N",0.195840160738514,"N",FALSE,0.195840160738514,TRUE
1983935,"N",0.13872885601667,"N",FALSE,0.13872885601667,TRUE
1994019,"N",0.257829178765198,"N",FALSE,0.257829178765198,TRUE
1954384,"N",0.326322055757371,"Y",TRUE,0.326322055757371,FALSE
2010256,"N",0.582232286750825,"Y",TRUE,0.582232286750825,FALSE
1974620,"N",0.116740511504689,"N",FALSE,0.116740511504689,TRUE
2001203,"N",0.402981529979233,"Y",TRUE,0.402981529979233,FALSE
1940768,"N",0.322215526396599,"Y",TRUE,0.322215526396599,FALSE
2005106,"N",0.216853082556403,"N",FALSE,0.216853082556403,TRUE
2001616,"N",0.260204154954015,"N",FALSE,0.260204154954015,TRUE
2012295,"N",0.528134668873529,"Y",TRUE,0.528134668873529,FALSE
1959994,"N",0.188426402686456,"N",FALSE,0.188426402686456,TRUE
1996460,"N",0.688863607483049,"Y",TRUE,0.688863607483049,FALSE
2007045,"N",0.874896042307281,"Y",TRUE,0.874896042307281,FALSE
1999413,"N",0.172101908267964,"N",FALSE,0.172101908267964,TRUE
2090410,"Y",0.483385936829131,"Y",FALSE,0.516614063170869,TRUE
1997722,"N",0.733781855559052,"Y",TRUE,0.733781855559052,FALSE
2015242,"N",0.787211686159825,"Y",TRUE,0.787211686159825,FALSE
1199643,"N",0.358910755321956,"Y",TRUE,0.358910755321956,FALSE
2015878,"Y",0.235342685831854,"N",TRUE,0.764657314168146,FALSE
2000405,"N",0.33177293052203,"Y",TRUE,0.33177293052203,FALSE
2002093,"N",0.365275556694425,"Y",TRUE,0.365275556694425,FALSE
2005372,"N",0.537496055990763,"Y",TRUE,0.537496055990763,FALSE
1985547,"N",0.135648445808449,"N",FALSE,0.135648445808449,TRUE
2022357,"N",0.303862147878025,"Y",TRUE,0.303862147878025,FALSE
2008472,"N",0.397587096411998,"Y",TRUE,0.397587096411998,FALSE
2022079,"N",0.786478266984751,"Y",TRUE,0.786478266984751,FALSE
2025196,"N",0.400873939404948,"Y",TRUE,0.400873939404948,FALSE
2005026,"N",0.477570223331141,"Y",TRUE,0.477570223331141,FALSE
2018892,"N",0.665003265375738,"Y",TRUE,0.665003265375738,FALSE
2029931,"N",0.515574200746653,"Y",TRUE,0.515574200746653,FALSE
2022289,"N",0.170987783062719,"N",FALSE,0.170987783062719,TRUE
2035556,"Y",0.764563197811252,"Y",FALSE,0.235436802188748,TRUE
1986795,"N",0.277339179299146,"N",FALSE,0.277339179299146,TRUE
2015416,"N",0.327435104061549,"Y",TRUE,0.327435104061549,FALSE
2008981,"N",0.213932484075344,"N",FALSE,0.213932484075344,TRUE
2031603,"N",0.382950218379958,"Y",TRUE,0.382950218379958,FALSE
2016155,"N",0.280367059948682,"N",FALSE,0.280367059948682,TRUE
2018344,"N",0.3648237763633,"Y",TRUE,0.3648237763633,FALSE
2075942,"Y",0.419075944681313,"Y",FALSE,0.580924055318687,TRUE
2024896,"N",0.74834769705921,"Y",TRUE,0.74834769705921,FALSE
2028700,"N",0.634983358308799,"Y",TRUE,0.634983358308799,FALSE
2037839,"N",0.486399603784597,"Y",TRUE,0.486399603784597,FALSE
2036874,"N",0.498501327212396,"Y",TRUE,0.498501327212396,FALSE
1933571,"N",0.274935469265615,"N",FALSE,0.274935469265615,TRUE
2042357,"N",0.391641120018,"Y",TRUE,0.391641120018,FALSE
2049114,"Y",0.451510564984343,"Y",FALSE,0.548489435015657,TRUE
2028736,"N",0.696306490858015,"Y",TRUE,0.696306490858015,FALSE
2037151,"N",0.592470082777553,"Y",TRUE,0.592470082777553,FALSE
1962289,"N",0.102073164280205,"N",FALSE,0.102073164280205,TRUE
2053951,"N",0.702145368864451,"Y",TRUE,0.702145368864451,FALSE
1981621,"N",0.358036761053673,"Y",TRUE,0.358036761053673,FALSE
2039882,"N",0.800795347207313,"Y",TRUE,0.800795347207313,FALSE
2057714,"Y",0.364898668143121,"Y",FALSE,0.635101331856879,TRUE
